doc_id,pc_1,pc_2,pc_3,pc_4,pc_5,pc_6,pc_7,pc_8,pc_9,pc_10,pc_11,pc_12,pc_13,pc_14,pc_15,pc_16,pc_17,pc_18,pc_19,pc_20,pc_21,pc_22,pc_23,pc_24,pc_25,pc_26,pc_27,pc_28,pc_29,pc_30,pc_31,pc_32,pc_33,pc_34,pc_35,pc_36,pc_37,pc_38,pc_39,pc_40,pc_41,pc_42,pc_43,pc_44,pc_45,pc_46,pc_47,pc_48,pc_49,pc_50,pc_51,pc_52,pc_53,pc_54,pc_55,pc_56,pc_57,pc_58,pc_59,pc_60,pc_61,pc_62,pc_63,pc_64,pc_65,pc_66,pc_67,pc_68,pc_69,pc_70,pc_71,pc_72,pc_73,pc_74,pc_75,pc_76,pc_77,pc_78,pc_79,pc_80,pc_81,pc_82,pc_83,pc_84,pc_85,pc_86,pc_87,pc_88,pc_89,pc_90,pc_91,pc_92,pc_93,pc_94,pc_95,pc_96,pc_97,pc_98,pc_99,pc_100,pc_101,pc_102,pc_103,pc_104,label_finance,label_sport,label_asli
1,-0.02338998864080847,0.11156292846858834,-0.20507879779374769,-0.04785652111319097,0.23136545620173357,-0.04345882028214152,0.039644047627920884,0.18969000208518297,0.12424727538172337,-0.007695560368114412,-0.005458673046367656,0.012581037260737109,-0.009419042296278763,0.06816952113844874,-0.018976272247495454,-0.04787376559974333,-0.0001376015374513549,0.08739485758960154,0.019748052566269835,0.058232491902130666,-0.005270741212175047,-0.2607721537055504,0.026799526358730317,2.2081953379760884e-05,-0.057952871037325916,-0.06324108849583128,-0.0523034765979885,-0.0839438266730066,0.03577788216854529,-0.03591268007427983,-0.0516489787873298,0.06066311037110113,0.05787423889773647,0.054168011177071804,-0.04664277075798587,-0.08690825848316791,0.023434683912629095,-0.09804377049403225,-0.10166965852969495,-0.06678846189649469,-0.08929981433784667,0.12744229969546755,-0.09204738117482025,0.05009745474644448,0.02623427214945365,0.047896616755720045,-0.1375746592723374,-0.02665576270806845,-0.04896967868785187,-0.020802879300420567,0.02102174073922841,0.017220842390642248,0.0143604206673834,0.053239990198871885,0.057464619491491634,0.04214582980800744,0.015361653150833285,-0.09128314479277105,-0.0678964548747698,0.025399537601366533,-0.15142309627051062,-0.152319331361046,-0.09016287403139835,-0.009448320653247667,0.020393198112143726,-0.03934075593538765,0.05269628735252908,0.015094875153503511,-0.009932723424228986,-0.12551561401048833,0.01472340564149312,-0.17197143896491474,-0.03820197518198569,-0.03908051269286238,0.0534840188633908,0.07631937493508324,0.06663659443558723,0.040755849523228284,0.0021768839818440346,0.04129292822616198,0.10436368235150824,-0.06793476701026006,-0.0026761925315659284,-0.0240411755544478,0.081887738782589,0.046708450012912746,-0.014336132020259866,-0.03154287830701417,0.07761554673264011,-0.09801506472366302,-0.04157162635877286,0.0642887197557606,-0.012292965560164683,-0.049625336099707,0.05109893176020471,-0.16100063558441768,-0.08864696540591763,0.09741406867404924,-0.04584656888936788,-0.0817828649039608,0.049091108123504805,-0.027991192186171927,-0.020476204244261473,-0.10007845940068008,0,1,sport
2,-0.04293407134703467,0.13579631213269985,-0.24230382517920915,-0.060124580260965635,0.2680035570718735,-0.05222760504261566,0.05039999723788726,0.20500770641215474,0.11536571286238288,-0.10221937369945193,0.0431925204989951,0.03411204509067972,0.05833992950940605,0.06392351910800596,-0.10913436428279528,-0.09284601061471012,0.02670652196282821,0.09437028589870076,-0.005613517756690163,0.10391309061891783,-0.002952884817029475,-0.19848450250975636,-0.011991476685376432,-0.02952696427683128,-0.04344977106831441,-0.02239205542764157,-0.04771373430909077,-0.03984978935563496,-0.010230181465418688,0.07501216511519873,-0.0884493424786654,0.039094692941805405,0.04249874299612341,0.013583947825042594,-0.04349063036868305,-0.05631626740574794,0.08882172461288687,-0.08888296897947617,0.012127347734350967,0.01156745803912375,0.004953385513874389,0.011366922056056652,-0.08097819386317281,0.0918740534547184,0.004236270082449638,0.14775974118422222,-0.10850164330363493,0.06101692569784211,-0.12427174231185496,-0.021973854694097156,0.03127212636895501,0.06837796189162086,0.0861810290823013,0.06987141107611564,-0.03685961079363989,-0.0737379913777224,0.0659846731333055,0.05583583719976351,-0.008455271592565901,-0.011863165974895713,-0.10166468284502686,-0.08401733410020155,-0.11200954822518029,0.07464549552889788,-0.04639144554106928,-0.04377609469182922,-0.0331590819718611,0.06318262015658554,0.17119788558797477,-0.1351673122132507,-0.08621991885409484,-0.11370506320808023,-0.08494449055309827,-0.07777969707027815,0.01174460354465705,0.11309717592132651,0.11272717770672198,-0.024179653890636085,0.01777190277699372,0.015716240575468374,0.0186103175716594,0.018695350149448127,0.02035708907619995,-0.019364502687464875,0.04731293980570655,0.11508149743533051,0.07236497442101225,0.044067487485467585,0.10618608458457482,0.07063337737178635,-0.0106861206537943,-0.05620673782804989,-0.027654274928908797,0.00961139840750189,-0.015199316816298764,0.011643622961838684,0.057236273244668026,0.010784611399748251,-0.04632307293804265,-0.06826326737214373,-0.07747685273125061,0.041879333536970806,-0.0662056581612556,0.0624375230318713,0,1,sport
3,-0.049648334032968304,0.09745294707914999,-0.2573416068479966,-0.04460451792866204,0.34372037540023925,0.028956248994507616,-0.03709214552448535,0.12357662175580286,0.013561294329107961,-0.0713285195280911,0.1112014352551886,-0.014132715998492052,0.08040193813601719,0.008872347400051734,-0.12607902458102005,-0.08103990882074893,0.025806667668084125,0.047887121034679236,0.10588042215358578,0.13085882874840118,-0.03465222056701796,-0.08873329555951084,-0.017915278754321595,0.0024266712904767273,-0.04072588671451931,0.024805940691357296,-0.030681051847925505,0.044360279682570676,-0.019564334585830807,0.12025770658265705,-0.06965998430715392,-0.0012702070374158575,-0.022718688037876796,-0.06020324745197744,0.05620235596169896,0.06679884693688047,0.13579717280844064,-0.06838172365979671,0.048653692069873467,0.06234016887204836,0.07542925227897807,-0.005803119816706213,0.03276685134344522,0.07830521594675083,-0.07647127592076491,0.05501427083730445,-0.048556047303774906,0.058803700937521595,-0.09163873961707483,-0.006627911496028668,0.0626175651960579,0.08675512651341788,0.04192106358060882,-0.028532358611189648,0.005209359573650246,0.025415228584970626,-0.042713505876463956,0.11251578553869601,0.05575586501089193,-0.09842848582354446,-0.030516566798354083,-0.06313958646959308,-0.08020976515316214,0.12388701461804286,0.014305224124100397,0.05157436032761024,-0.05656621078320605,-0.0554309327809973,0.11419521898647186,-0.06725828385882639,-0.02629363726947669,0.043387460414096975,-0.0011818693292691706,-0.10613319690519411,-0.025707639237842292,0.031654610469286575,0.0805307045135686,-0.023722836741439723,0.004824239208506057,-0.007231366492645087,-5.669069963201228e-05,0.1844166927558152,0.0032872428968290074,0.007480145076534038,0.02180149351716544,-0.051194751688262624,0.05201964232457935,0.12375700517300917,-0.04056781582904104,0.08328698247892953,-0.01773724414594725,-0.05428453594796493,0.002484093866735934,-0.01786083678799789,0.08015436618849492,0.03001191468680243,0.04939993383255223,0.023938278130175808,0.013895902223145587,-0.0360980398125592,-0.10033392071160599,-0.028338706726662798,0.012820605486279238,0.027526753716633063,0,1,sport
4,0.40759035996269266,-0.18510771718324268,-0.05549696173548835,-0.07630812835902015,-0.006209517193978622,0.005678797986244119,0.001290237058033733,-0.019810965709854134,0.04366688258629994,-0.0798268279992443,0.019785884638448808,0.028496760582492887,-0.006923080481509261,-0.004480904992947482,-0.001121286629240489,-0.0023324450800278115,-0.06586684005858795,-0.04815789201897986,-0.008473648495179746,0.06160975320754711,0.04874652072158837,-0.04021700116289125,0.06413999536216777,0.025711141032668396,0.058751588160761904,0.11630078898089038,0.008601452929166907,-0.09714347510775921,-0.040852585309184265,-0.11553814501432413,-0.041176137314930555,-0.03161566057173811,0.07263221417380679,-0.23156956656769595,0.339713279893909,-0.1303683085399095,0.04002316701988139,0.046290712364409035,0.16968905367126694,-0.16434938789639247,0.03342332791778163,0.03190623150425729,-0.05611963311704364,-0.037165117279480346,-0.005762021909468063,-0.016073862013372534,0.03634585427709027,0.02098358802624566,-0.003852919782517341,0.03645833953405117,0.029951397086212087,-0.09892565605663121,0.0005864079151723953,0.003639009065213873,0.07400394040941809,0.02204552650978939,0.0031636127327854175,-0.028122832913356748,-0.04914339079990304,0.0992391273911141,0.06555678646077498,0.007846538011847261,0.029026792978470203,0.05991436882159652,-0.04399264358843118,-0.05978348993549289,-0.03435071688687259,-0.00015831995435874817,-0.05676799753459065,0.00015152410010175454,-0.032676754389248205,0.06886373542398352,-0.014187371818671534,0.08204345833415871,0.04578526077774095,0.044926731832258066,0.0034127116958094696,0.002010349259777173,0.08603637563661568,0.036580830797890686,0.07818416736541933,0.07126165763894547,0.018213813656125497,-0.06427785360273147,0.07965913380177479,0.01831987199785853,-0.030774783343098692,0.1146648872472841,-0.0004881959059243628,-0.04700025617587665,0.01514217410541116,0.009489422180559736,-0.04921896216685424,-0.035971514633496564,-0.027294409564171045,0.04376979877067239,0.06926885940967233,0.0007865681548602909,-0.06524547720422187,0.03558526337575202,-0.029544073580576067,0.004256072982602563,7.316948598206083e-05,-0.05545627147552373,0,1,sport
5,0.02132038043877533,0.13661355459768804,-0.04564998938380593,-0.04000957717075428,0.06198827362229994,-0.004107138065218303,0.03501667494294596,0.025216748660322412,0.09733084184877955,-0.008491135012419783,-0.0371806818054858,0.014303390308570982,-0.049429109955643175,-0.059744037149647926,0.0915092112334076,0.1325901123081211,-0.0394634919320684,-0.10771831075666541,0.0003121536598798726,-0.13667990447090425,-0.021553572896467463,0.28947504832035237,0.04319548939441836,-0.10523179172676672,0.05973760586707951,0.02810489276278887,-0.15775616703120957,-0.06397137148665337,-0.0729972333062355,-0.04308588142946147,0.2198738672275422,-0.08748860734294076,0.028353848913531994,0.21022759396787224,0.20628471158328476,0.05688215541985269,0.07914155646525092,-0.06637697472300931,-0.20116365405786887,-0.10825509393690283,-0.26648345761977926,0.08139884188110806,0.01521473765621466,0.051445762476066435,0.05210734163472238,0.0961058921186414,-0.10670356552408954,0.02083107522405372,-0.006510822513884766,-0.0350189826118843,-0.020069401586116184,-0.021737047417209648,0.08131347037299373,0.14339913180181324,-0.022429536667562713,-0.0041948286939906725,0.024221346430032323,0.052965109432113064,0.004145237352846195,0.020659599633427735,0.047920243671650854,0.04092521675711662,-0.054419391707982157,0.0026722858646312598,-0.02169171404447857,-0.0808496065136195,-0.04277523746889365,-0.028057392980531976,-0.013633640594655478,-0.05179307047800204,-0.008938705037828563,0.0071990275956618785,0.013158721566871978,-0.011082539223191062,-0.058508107114749734,-0.08063555185651286,-0.00713891812327008,0.05073375423837385,0.057262093628202115,0.08006917417830015,-0.00927692771215548,0.0013632930242757683,0.027970248753852348,0.022242171133963977,0.04185542587458526,-0.04305991359152019,-0.02453168202231752,-0.03976941636596364,0.03757027172544152,-0.07531789585796206,0.07483439158083181,-0.014957551212376963,0.024583783501879532,0.036322546468594855,-0.028931059936333863,0.0812780221661144,-0.07869360947974138,0.08596481399417534,0.06348247172799343,0.03715758533959654,-0.05515838031758728,-0.0040154766043213564,0.0015704286283194431,-0.028681746325105794,0,1,sport
6,0.09202296818035959,-0.002309183578887413,0.042357645400345284,0.0022057961280279193,0.036333661626139595,-0.030211968945871408,-0.009261788553081235,0.008913952100139013,-0.057410611973111494,0.15776625715213,-0.0552852180932286,0.008981331560856105,0.009593573452316786,-0.0582884423993236,-0.025495423337730097,0.020027872363780556,0.07283834796638984,-0.10860202026344828,0.03430022876429369,-0.017893294401530722,-0.0014253528358872502,0.05687633288343914,-0.0955459483138687,-0.03536879196896075,0.09414845893081634,0.1455161192789887,0.08103760971694791,0.1383702739058677,-0.10397658065196892,-0.16862884396283234,-0.10368541128002809,0.0778909666640716,-0.01883472539456853,-0.02120401454210799,-0.18266083225813284,-0.1358007502142523,0.09423298617595606,-0.1827665344720864,-0.20260565051155113,0.04777063320612919,0.17380312783669527,0.08847798779615243,-0.005448078565419798,0.17362402489210874,-0.058103125324070255,-0.035582177049335334,0.1317307407924911,0.0689885723749316,-0.17939513509216767,-0.011227934224442033,-0.19257961402222187,0.1170166437056863,-0.15460552188723278,0.22522598675678257,-0.08019339502251288,0.12082110517571455,0.08644764406423389,-0.037041819289112835,0.12583437803600062,0.24267810612454954,0.17378012252465558,-0.043392898580796396,0.043510158913244674,-0.040898263947173094,0.03841400334634777,0.008237144125463978,-0.007040037520547031,0.008403453956007688,-0.034683028031851026,0.039989242962421706,-0.08472600595006462,-0.06836806780786231,0.06180049309631705,0.06259620554312141,-0.01849388939002068,0.14590274620399388,0.027349696129899195,0.014493697700203933,0.03817607931925316,0.06890526889737657,-0.0012540343162617497,0.013586974934346827,-0.06995846924441737,0.033781491539782466,-0.05466723720842625,-0.013920847012332762,-0.014646063881809656,0.04101709905767663,-0.057159562772415996,-0.06390387692052266,0.000624744542013982,0.012734580036551736,-0.03760860011261169,-0.04493452073348352,0.052742759535811666,0.045973246263636074,-0.036922129318810594,-0.03680342334438108,0.028665829304551856,-0.031195530424410752,-0.022635425247133877,0.07473390325615836,0.04384745701115831,-0.12011603666075918,0,1,sport
7,0.16595311644001742,0.46101154491845486,0.23886597017066616,0.20659319653977312,-0.11983265246148042,-0.05076936510447497,-0.2514237030873972,0.04794705057472603,0.005258122441238002,-0.06695950469354071,0.006166670058831821,0.01938841016799196,0.007392083568432713,0.005947093039508448,-0.0008654298262888876,-0.04499652997794566,-0.05647259106013184,-0.008149386903571126,0.026167296969644597,0.052162553443947476,-0.003966004550266426,-0.011461545554285546,0.007022132096608622,-0.04044156731005534,-0.02818982403217568,-0.011961144905776867,0.024791417825567603,0.017127444494521162,-0.015585400060411446,0.07874547592830348,-0.043199021614840634,-0.14552255134142025,-0.031985835174342725,-0.058611502414866505,0.00436525442862348,-0.10325922354085677,0.012143661823695447,0.03454490110907,-0.18218569667248308,-0.12114837935186584,-0.006786508303319355,-0.07399765901359776,0.041464879537011785,0.00961324854816887,-0.018322303684206308,0.061120731152941275,-0.0702252907734756,0.040715907834790885,0.02716720351027549,0.07151991156407729,0.028408606559976204,-0.013790495509020003,0.03653227026997187,0.00021476094154755903,-0.020674748505379065,-0.02095001787628282,-0.0377586671940809,0.0507632566851038,-0.04018447557270154,0.06235029703053551,0.03660025199012791,0.0018784614677931526,0.03197628363776481,0.001111112417315938,0.06297010514325144,0.03771453858231496,0.022254904443057978,-0.035704700372535106,-0.011434901172142036,-0.015376744193626163,0.024182652414213926,0.02129394508261389,0.05009933828521516,-0.014932963742913977,-0.05526960863963414,-0.11155590481698191,0.04922729895465717,-0.034450797916238896,-0.05556873879904698,-0.027354505353368176,-0.02454363508910459,0.047693129483528676,0.05822127699823005,-0.061667957344944326,0.004522915214646983,0.009633652755487014,-0.051215691650820995,-0.02308761136642922,-0.037835628631202434,-0.061806237772813265,-0.08649310932714316,-0.012949779403423975,0.08211482018543032,-0.09504224187793955,-0.020706119508361813,0.0670328418738237,0.018815847287281195,-0.025315645238823792,-0.02786953625030089,-0.02774253705299326,-0.03337973699696517,-0.026850264266345725,-0.024437352320081932,0.0033231820166879505,0,1,sport
8,-0.06134820882133803,0.06566026884124047,-0.07760316274328652,-0.09894490273746344,-0.04682926102978285,0.034079638618162426,0.004609242626532334,-0.023909547122941424,-0.1582818074294634,0.014308027679702497,0.03684737882025508,-0.12337603802953967,0.010054281518368844,0.0088409116486213,-0.10665616625362548,0.05556123879570798,-0.03796211030773169,-0.09254571124077099,0.07106084987445774,0.04248803895573617,0.05643239865475196,0.00025437769220040596,0.02179294228320297,-0.003331828881421619,0.10830205673351646,-0.07898949413949644,0.08745668444485341,0.08108223397350489,0.04561951873521713,-0.10270389554832106,-0.05093119703855224,-0.0481466680556331,-0.08772386896188421,0.01123600576120776,0.017835037806136288,-0.030939575475486928,0.015895564448531907,-0.012044144468516543,0.025660125891561657,0.03333225933783917,0.09311669472684506,0.12450377331518683,0.1398911379719144,-0.016202902579199426,-0.08844382587329747,0.006102979081721342,0.09656870736995216,0.06251764784797464,0.28771641414987814,-0.1943658877017238,0.05225226535146279,0.09441579002211811,-0.014620153615410494,0.2268487718336202,-0.08664426659984505,0.060968970220728266,0.2581594762060124,0.025228163006042872,-0.09200558467792341,-0.07988652955536599,0.007871481212065889,-0.026716586081109026,-0.2154647433354793,0.19071448627761556,0.004737196061930776,-0.06995459347763663,-0.18762790750799413,-0.026137370756687085,-0.09377069975256966,0.008374195324576776,0.2906757096493445,-0.1281997157107584,-0.10646745980007716,0.08959629618600051,-0.009580608855202448,-0.14886311452022546,0.027544717003311257,-0.004694441385501342,0.0951197093609124,0.04417596977454082,-0.15011235602966094,-0.07021315027419513,-0.04696751608757264,0.01973751499405168,0.11136236477515221,0.027559097476028693,0.033759744724403754,0.008100037067565681,0.01160297180165236,0.10676502638082537,0.009339208503974685,-0.06961959651561844,-0.02404190094776319,-0.03753893410893261,-0.1609243126258635,0.007960764792689902,-0.034165472676975846,0.0005885451997819483,0.06740982770498018,-0.04455986257487662,0.017937032207508023,-0.0007171266032520834,-0.048673999233478565,0.009099265867124234,0,1,sport
9,-0.04737025863253423,0.08108108273247025,-0.11958256479539695,-0.17629094894957484,-0.09860500666123324,-0.013218185212112304,-0.07248638538360443,-0.10094608176345958,-0.18413882148278574,0.008566569503651485,0.026125952744022133,-0.07084068404575813,-0.021625345638712296,0.013224700959027285,-0.11571684353053018,-0.07157860369701591,0.02474801084626025,-0.005157506621222329,0.013037625484583143,-0.06491119689799449,0.03878918808465703,0.03248662106326341,0.048311363083627504,0.09603883364959523,0.15097596494176127,-0.1408518107745042,0.0858659262031025,-0.10792397017105541,0.16462005276823533,-0.09494959158854757,-0.13219936829862838,-0.09148746965090947,0.18846140908734377,0.11381726950689905,0.04898302148148544,-0.0036570718336096444,-0.051576836561867206,-0.1395372618184145,-0.04515091103173118,0.03937700855069617,0.03576888539444015,0.0250381503091687,0.03497388361782736,-0.11202889511368634,0.06259198960303053,0.029951874800222485,-0.04832262619257991,-0.05777461025062824,-0.006702867778038374,-0.1655152177377142,0.026893344396136974,-0.13958966675713336,-0.10017267175808167,0.013739947116994418,0.05717668426125451,-0.009420048542518699,-0.055582753864724596,0.008856779595793667,-0.10212804651340116,0.10461393265385803,-0.024200614733560964,-0.005490260109853994,0.0592434986844899,0.0001227689357413578,-0.03509579742172598,0.028950427167867474,0.08387465433005789,-0.049376762916554705,-0.003352937377046643,-0.0057009566581524215,-0.04150438448753334,-0.09164947648217488,-0.06743668541269912,-0.11242614359115798,0.032073530267291955,-0.16968224943715426,0.018111226888525712,-0.12260684977478223,-0.1059552321699378,0.03712627972390625,-0.04050983296324099,-0.09843278147467689,0.0693080788618611,0.04999684540158709,-0.05661419991385107,0.0260847638884315,-0.09886816824126252,0.14017888512341567,0.055079111150709695,-0.007551783070847155,-0.004311637427809072,0.00029294282831026963,0.001635267695157668,-0.09562103316156284,0.07959674640583152,-0.023976112221924313,-0.04235253625158995,0.03884859657204738,0.011583229152008784,-0.012333643546373093,0.06901002200667702,0.06100197610107607,-0.006457386464293455,-0.006915189481893913,0,1,sport
10,-0.0797132584817601,0.14684403163101417,-0.28345213494534643,-0.20242006413556807,0.20019031307308732,0.0155800907657916,-0.0667321544451545,0.0399557606910027,0.001273589172445161,-0.10957207399200655,0.0345914505016132,-0.004066307439886475,0.06212679274124588,-0.03597513457195473,-0.11663101376424902,-0.1480478028197348,0.023290162446785584,0.06428260835877454,0.0150194901986008,0.08754817949570155,-0.011109803809218098,0.01958045603970061,0.022894258227143117,-0.0028436738682184786,-0.004208742995611935,0.09652216276437524,-0.030973607192283745,0.012376817868325042,-0.1358264821428209,0.10428698335069478,0.07049257678585809,0.07043668055523933,-0.07127407605984584,-0.07158375215452141,0.06849702970110563,0.02461788908763142,-0.023541692188758654,-0.05204951811579599,-0.07460319177051201,0.06819706548508622,0.0673526563592692,-0.02884429599287716,-0.008541519474754164,0.08287502362401482,0.0066740747075113085,0.0971388388457102,0.10173006337232171,-0.029405328209666466,-0.027712534650654444,-0.04043900426626434,0.026720418845240766,-0.0323937144545024,0.042611120464985545,-0.13993582323260284,-0.0445910682625895,-0.05160555683793051,0.0345878053046682,-0.00960143580206888,0.02633847909376604,-0.13737429408735444,-0.03570899076354063,0.03537170138160069,-0.03439862500686785,0.03264684370433797,-0.021686374655692987,0.10571810973809267,0.005912885493197195,-0.019122401056345543,0.03835154349479097,0.0012513988386161656,0.06980535480538969,0.05642240505495438,-0.036668436541764375,0.043402470822193194,-0.023248465198397048,0.0692176359797546,0.000816005743973592,0.03761562347989069,-0.006687359374366215,0.06625209367707756,-0.049057485251145,0.12291144534712765,0.06631627647495238,-0.021951341655826795,-0.1054028604923255,-0.1612331506535096,-0.10130582005045649,-0.04710226760228359,-0.05934151129719377,-0.060075075722264976,0.02318949301792284,-0.004297360031533061,0.10729120849239505,-0.09666185036710855,0.030110077071745813,0.12072519621967076,0.003407701847932621,0.015181065703681941,0.06689958132059327,-0.07959922169628063,0.21171396782729945,-0.10490323472402449,0.026310538528395083,-0.07974787062513417,0,1,sport
11,-0.0030235601485950844,0.12179930501504688,-0.030517582731142072,-0.08731373021500731,0.04568343674457552,-0.005047552528987674,0.03617691662183419,-0.019597183893373338,0.018119771493167347,-0.012878788406202697,-0.0013974028742583537,0.02818019097459309,-0.03711915635533867,-0.07114868456311108,0.016497958359206016,0.10663285559487243,-0.031009505676002407,-0.08957391625424224,0.05675430225115882,-0.10436025402362198,0.0625767969826151,0.42419213662308186,0.021243617381100654,-0.12316666559398583,0.08224549626683256,-0.0056914322926646084,-0.12754120364900828,-0.06534542916344836,-0.18084782053205492,-0.0702147021929703,0.2539050856694221,-0.05537218195943249,-0.01627647303483147,0.17028074547982358,0.19432473516166773,0.12756640103714792,0.1312295319380493,-0.058447928154548925,-0.22878634183668936,-0.05640324021986776,-0.1268814353442203,0.09224125599834633,0.008048223127339625,-0.000921971702187094,0.09495345046054643,0.16738286643632652,-0.14946154358858807,0.03389754831615424,0.008036384096261175,-0.00622259311089,-0.002326064189166535,0.04682103568745237,0.09543274227587256,0.10470707794529369,0.045134617490106436,0.021352634672322464,-0.04950530741651354,0.06758966968114186,-0.04816661993815833,0.04440623284833385,0.009026606138478738,-0.07659256300482671,-0.02592710984719935,-0.01978770661319581,0.00031132373983389105,0.004827111100224287,0.011126715507613991,0.005909135935300465,0.07614404939391352,-0.02321967087991282,-0.033209306407345957,0.04728079703100807,-0.017614588575137268,-0.029690933717010697,-0.0028000284354531228,0.025494494411742404,-0.06647122457433204,0.004334240035976011,0.028378424461794807,-0.03613021539659924,-0.025994842933028856,0.04062442993085552,-0.022996408886885106,0.010096541926174816,-0.031683229727486946,0.016787407721429524,0.04892015563957959,-0.022211446882875,-0.0684298297998424,-0.009168862119530694,0.0762622488353766,-0.028800453555190925,0.031934825923252905,-0.007530892420360948,0.05414339705864533,-0.08111569227545769,0.0005197532933872373,-0.06107986965865002,0.029677592500971694,-0.08605863836436922,-0.01980368664852996,-0.03663725451562917,-0.021938704564800578,0.021415741489810347,0,1,sport
12,0.013162390737536271,0.16886576131416578,-0.2085323512803929,-0.04308604372695278,0.3426742719632093,-0.07300706015247034,0.08390352666868292,0.26311954661052206,0.17050466055546365,0.014486932426726374,0.0017033315484389156,0.03837349231358497,-0.03151913131433099,0.02273467825005836,-0.031528287425467594,-0.02053510195039216,0.0036833124847143136,0.04432805648745011,0.026167934216660967,0.07504925721333769,-0.025062592601890248,-0.31226544838398795,0.020592376914720628,0.07328091096127491,0.04525172760046705,-0.051177720504144604,-0.015223539584707771,-0.05944286638411006,0.06493475397941668,-0.1199687273039382,0.02188549375884525,0.14419601112758612,-0.06553023333984179,0.03417896461185338,-0.02384292276752461,-0.09438225826160825,-0.09292663267328127,0.0023661818358833024,-0.16757376535641505,-0.14250310071190292,-0.08242683070812586,0.0929241686075517,0.05029791451666934,-0.03792145517815643,0.09173997050257555,-0.016077791065332407,-0.07361403902819019,-0.044253997186139815,0.047928742900804906,0.021036501425122117,-0.10685089774591115,0.035097522832669543,0.012020326481041108,0.05094546389416604,0.02157536835219934,0.13071430511298465,-0.053777432172926035,-0.12303256348843646,-0.06915068506652933,-0.02431154507004347,-0.03430573745641758,-0.05484975258427583,0.03735436327927095,0.0134696453800796,0.042893425922902816,0.07546111884840143,0.07570388825333153,0.01678937399886321,-0.11347253985566265,-0.01569535607245359,0.06183216276451231,-0.01723435677384408,0.05935530021367947,0.021122367141532296,0.015935167304068094,-0.03203153043581562,-0.0807330605568781,0.0426229697504352,0.04061837178327961,-0.06684722810681122,0.020348328641978546,-0.042978453459894185,-0.015496415563852561,0.04851513202891101,-0.04131817938233274,-0.00987095129491414,-0.03136454924340618,-0.017053279259125028,-0.08222251602962445,-0.005645822042875326,0.019876391549998946,0.03347729840845242,0.004432975037029013,0.051568379851851885,0.0068310383129232865,0.004362602377117157,-0.04172684275509478,-0.015118715412732135,-0.00858277399901496,0.08981862664503577,0.03743172291225345,0.020211030120670496,0.006618135471289103,0.07114933309345893,0,1,sport
13,-0.07654698456266852,0.04045211576842469,-0.12347405960033038,-0.16567761368239706,-0.11402889745151663,0.009487584661021118,-0.08787782555597448,-0.1238763242785457,-0.16418703239786334,0.07474689569600362,-0.011242269762678758,-0.060928273702241194,-0.09677434217160534,0.04367635159435751,0.178353429631742,0.07969187313109885,-0.07448588287877608,-0.0603582702036833,-0.05607232015984164,-0.03718701355493987,-0.17016207651584445,-0.20226196279571887,0.00389782608170641,-0.10606359849867159,-0.2219156321492012,-0.18945454484853752,-0.22332278157729013,0.06515920878036263,0.022601463133184774,-0.07433154242060083,0.007979353868783155,0.006264818884251785,0.19208755373632552,0.014153249673077382,-0.000706800307709729,-0.054597751062996885,0.03699428914652103,-0.03249209712265981,0.005522269503719655,0.0339221026539864,0.03967102309646966,0.01124879596849205,0.023527035665904052,-0.06751708393992463,0.11609812990307983,0.06966451763034967,0.09797654649290079,-0.012024811577109827,-0.009860516702291714,-0.05719916097225075,-0.0035685396335617204,0.049767054693103496,-0.004315349710270269,-0.02793829902678599,-0.035753130787203616,-0.04115871855311204,-0.022087023423649786,0.076007957513025,0.03479086690429369,0.027890574443445348,0.13240724370160772,-0.019051885818993728,-0.0004892822023979445,0.04994635446768141,0.02384841697512861,0.032056804523112714,0.03518208113850596,0.003340310229316154,-0.05736700434332178,-0.01269523125115712,-0.016681160191196344,0.0020133985219467883,0.06303631588980872,-0.03436708271144023,0.03887390268188279,0.004474919551499471,-0.010877870902756251,0.044279564197881524,0.017602549561462167,-0.0003516580377397553,0.024940914654654218,0.05675762389769551,0.02076220904490353,0.005307662717843266,-0.07558553718805829,0.04492486414784988,0.11052557457776879,-0.05456026685705157,-0.12221664937235088,-0.007078940298184026,0.043366885159657274,0.016306070511802224,-0.001036687040190112,-0.020205690749419327,-0.0687252854969539,-0.007891942280551746,0.07286376058938336,-0.1742183696485438,-0.07197182333467342,-0.004129938159700522,-0.0629307908083653,-0.07463211866892651,-0.023278509207609713,0.055473832773642914,0,1,sport
14,0.09775481734648717,0.20782811600878293,-0.19844707222984198,-0.10710578146603812,0.28807444779186164,-0.06950592589276049,0.017231657149482094,0.1806391150593052,0.18316871723175807,-0.03736228174190046,0.025081169642098965,0.04970315782174887,-0.06955249266226836,-0.014542972929411658,0.04394476770758683,0.024225061602060467,0.011447305464586565,-0.011156502753374747,-0.04236774140284914,-0.05617879869631355,-0.04475434713801482,-0.03669770467855722,-0.0023010141759657893,0.07539566794939037,0.020587499696120143,0.050485073549858,0.047667010323550904,-0.010325200240184245,0.036318006568940506,-0.015369148003727129,0.025437661544814052,0.04053920813639123,0.017936100054517495,0.023616534886697384,0.03496706893414294,0.025367689164203205,-0.08459876109506466,0.04545731341115208,-0.03731305278018809,-0.04433714253641638,-0.052420706836562095,-0.0002501517686027946,0.08681558078466249,-0.034836677140945585,0.06393409748629568,-0.09130102008054047,0.025418658550514665,-0.06053235961308619,0.034831449726747725,-0.05888521634991035,-0.013227607285757908,-0.13862412249234857,-0.07464483773531541,-0.051917100878297776,0.04785865426548143,-0.05196310576052361,-0.07514686911895875,-0.01389054795437458,0.08704981934606038,0.10070857465946886,0.06574645815432051,0.10421996370013592,0.03934735993696038,-0.0739781378228307,-0.016164340207540737,-0.11111458402009179,-0.03231241009594018,-0.07312735871555191,-0.014858897685646952,0.048645670541611986,0.0693519726730353,0.0481647425566375,-0.042373965624785986,0.1604576001791861,0.050713363578022086,0.0015005097197665664,-0.00661853757634806,0.04616308569944764,-0.08109128315627387,0.057259391289593176,-0.05059837074089247,-0.03653635676541759,-0.01754012773902244,0.0012299589633425053,0.018427537422546752,-0.013602157660453562,0.0792070416403271,0.00016668049384771679,0.017576696624612892,0.02652278600633937,0.03203019039012513,-0.061556672891116444,0.03528162114933922,-0.10435342471175921,-0.013030982285273083,-0.10198648899800974,0.09408299452631837,-0.008657818675958587,-0.06220656665500998,-0.09268549675847096,-0.05964421990031844,0.018726673178561755,0.022099580061653766,-0.04391294581681696,0,1,sport
15,0.02811724822271031,0.21189108200910653,-0.18860026239084307,-0.11647665621270052,0.27077393628140684,-0.04009073447992856,0.14500115055461388,0.1309167454082386,0.1459558597186488,-0.024156232241651605,0.04991869578779107,0.08992963852886084,0.011280853386056689,0.02773188311795026,0.009600036600602298,0.038197815929277866,-0.05563149158853376,-0.012962599917650856,-0.03040045159758576,-0.003459787559223725,0.10665206316761848,0.12975259984456883,0.0023091693003390187,-0.0004576509578216574,-0.04919760469670715,-0.02459324245807607,-0.023717877496014828,0.02128333150197112,-0.027314494717408367,-0.018041476902116743,-0.04573695434172516,-0.2487911302962979,0.03208450809057039,-0.015900396668725135,-0.03622403204952084,0.04448953417810548,0.03322795285267408,0.053601633115816345,0.12543493122623348,0.12906458680676533,0.07980141888277802,-0.09990263730647432,-0.03631747669617638,-0.03671621310309374,-0.06556999458035054,0.05410423145598208,0.04199516440437659,0.09537446344469751,-0.00971508567023998,-0.008641541171883255,0.11896217401456842,0.01303065202128593,-0.0027337133519707998,0.022969916352363295,0.019627429764168588,-0.09795733812013395,0.09908939241469052,0.053703671895648675,0.013108892102654857,0.04628457439695894,0.07981751737926042,-0.01859698763256726,0.011169976418925339,-0.06613785568477587,-0.06554427531581793,0.00945933138849275,0.02860282146842323,0.025349763975104057,0.01945696761320964,0.1257597493062871,-0.07545307266768872,0.04075366820263565,0.0498214284732811,-3.3491349079712315e-05,0.014334922283328382,-0.006619583063265702,0.02096821568452392,0.022941161677216944,-0.0037657051550007486,0.05686181967580335,0.04819524297308549,-0.05262027771638983,0.016683674780273154,-0.020542461138587893,0.017748672752135066,0.023176867944620837,-0.09129554614078193,-0.07882197787107469,0.04592993943920641,-0.05353538271519054,0.0012778724951522957,0.057410397745862846,0.03233441024159544,0.11442332020437142,-0.037309472742936875,0.023012851408529784,-0.0028287874313267466,0.06448209451089247,-0.08323797296070867,-0.03736522307703747,-0.014345195683589171,-0.046972285074488945,0.09946318387207788,-0.021622590068387782,0,1,sport
16,0.07835212166920624,0.10307047637153124,-0.14162755967457866,-0.03642197132028949,0.24117209444927012,-0.02349794042641878,0.06057259433083761,0.11450321947989302,0.08510260770294198,-0.009436651463251539,0.04595779179185732,0.04089419700206427,-0.01123397365908539,-0.00984984707420547,0.03240163238423149,0.05552736235330404,0.035939922612554645,-0.04443061596782786,-0.011501996467447958,-0.020880264584079957,0.012666241079364406,0.1328665195852835,-0.04722096777565513,-0.07595462797312492,-0.05774339362374834,-0.004009715321256539,0.05180772708056723,0.13775876230403175,-0.02182871146918774,0.013421463293121064,-0.1283931806284078,-0.1313910983209207,0.05742204749513506,-0.008930543231912858,-0.010039073876715732,0.03317805363129211,0.10792502050976543,-0.06298679969994592,0.021300226050782373,0.08812623691374859,0.12980216463746594,-0.11829851516808242,-0.06758763221439873,0.0972171246963057,0.01791472465182431,-0.0121294629301534,0.06515256995612476,0.03929603735518792,0.005940318754588999,-0.011217868603030761,0.1417190331618503,-0.039800406899471515,-0.1095427294381971,-0.09422459799330657,-0.04227874691426494,-0.03514061169326511,0.049903497105953744,-0.11493486403483816,0.10526794255998899,-0.05226510520571502,-0.12216950447681833,-0.04427584013370785,-0.1006573542240857,0.09564315331442973,0.09376695057932953,0.04895273014038351,0.0911682572940568,-0.18644656038076582,-0.09993167152748163,0.052569739163455635,0.002705110961052899,0.08180592408221773,0.06961264554710062,0.028937683297029646,0.09491486453344729,-0.11063612709228665,-0.013199261569131801,-0.005654858805103296,0.08700272936521515,-0.047255372978532176,0.07779324533167396,-0.11001089773691794,0.14182597726083246,0.0022198640264063925,-0.04431914286693788,0.02125985813151473,-0.01428898330548478,0.0564289168973047,-0.09997320200497742,-0.10597130783297364,0.08901136111035549,0.04245287311739473,-0.11756264479709676,-0.02961141633945122,0.086520151778799,-0.034819040107757826,-0.13630311847444324,0.023294213773905937,0.2129715849349968,0.023111394679595814,-0.12058097438159483,0.08797279878728342,0.06084698734010178,0.09059612076926926,0,1,sport
17,0.21448859825646777,-0.02770654656665978,0.050492803858065885,-0.008495746744033954,0.014653615356578352,0.009667418220024385,0.05620193552520829,0.09981548121664105,-0.07088322485196936,0.5866894072046459,-0.21790377791008175,0.08549382879336634,0.10528971778923789,-0.029792427389874008,-0.10777993622618005,-0.17484966135236957,-0.07259348152731941,0.09582970681750569,0.04976239077449985,-0.003974391551593973,0.009950761200876507,0.01572838003311696,-0.015313677080883608,-0.033208659449858347,-0.0014555949971190236,-0.01999966836680852,-0.050280573666108434,-0.03359587989557245,0.0031117727656318284,0.07847917290259844,0.020149052616194277,-0.03137173716780517,-0.023799701345776948,0.03836542661610623,-0.028550398712109192,0.008329264395906897,-0.025902582779446046,0.0369466395565368,0.03877314082257851,-0.04197386764486652,0.013285871159636116,-0.02748251177799098,-0.014880492975437956,0.09442986969747008,-0.014112313043572106,0.006076505387426235,0.023542571989980898,-0.030077923087703278,0.014500009644083565,-0.01280817360617054,-0.006616437825334237,0.00852913084589517,0.024648287697730985,0.015460536695904671,-0.043924730836360094,-0.00800161676021524,-0.007257073260398918,0.012598046305060777,-0.028420451227236816,-0.05067767807901605,-0.01738840438752608,0.05213280386290325,-0.03740849484729759,0.04481371624620044,-0.008541157725997202,0.001206476883597803,0.029614967035181305,0.021669292976015483,0.006601196254316242,-0.025420626021762916,0.009041228758299687,-0.10284935976613012,0.029639723258374235,0.05471320428004681,0.026978880396156982,0.04311997830736681,0.018887137891445815,0.05571003057356863,-0.03547647868005726,-0.07577457908166896,-0.04791635133886123,-0.04686333381247346,0.015140814958540695,0.025380808711295395,-0.03292716748045196,-0.0587254199810633,-9.77380972536102e-05,-0.01519085806991242,0.04065108023004273,0.00014303582849021717,0.06606459567855281,-0.07834568036028691,-0.00959306821085399,0.02583317544373234,-0.029382188656806918,-0.03688946397427317,0.0484505957857825,-0.08253188881698408,-0.05464604580167122,0.0477409973599951,0.05007445386551056,0.07593902981144013,0.012866186971225886,-0.013389505198279845,0,1,sport
18,-0.06922014631289561,0.15161102287219844,-0.1126932868992086,-0.13731482629137262,0.004870064083105791,-0.0799669735985138,-0.043621244158399214,-0.0375284819569478,-0.02313791247292799,0.04488104245919095,0.02281230893913089,0.07731689239552723,-0.1274685620516991,-0.13072337968207598,0.23466873222304221,0.10378515984735719,-0.12923841988324428,-0.071315076690867,-0.11608866153150627,-0.17576189271062934,-0.07812331345911953,-0.017985750462100734,-0.019843387337706936,0.2812176699252094,0.23022397177586196,0.10933923126546974,0.10945303876186478,-0.09397317863826073,0.11199507839748092,0.15169520370017314,0.03307733194091918,0.012870486482552804,-0.06626533736108434,-0.02552921081998091,-0.0799233065895519,-0.0009739029810339924,-0.014781137554504891,0.09954705394004891,0.08556470888418255,-0.06276377404243047,0.09247529933607934,0.03330204407007992,-0.055507394955309326,-0.1569955183261817,0.0405564090868717,0.04774227512788721,0.06466287638721968,0.009839733634227413,0.019126633793720097,-0.024060116837455254,0.05894609418096059,0.12462608017447864,0.007716126006704994,0.0416420213595173,0.09939083812126613,-0.002956450267285324,-0.06386218614056569,0.05737792923527237,-0.04679534171596226,-0.010436739768379789,0.029628640508443535,0.006316534960213173,0.05710902264821944,0.004154949994034974,-0.04763861686010159,0.024223826475905517,0.03682612470549654,-0.012472741952987332,-5.506928059127375e-05,-0.04712538580793799,-0.03667440242772702,0.000983587395550185,0.10459147931791692,-0.024349471659752143,-0.04376001946944618,-0.025589742511911453,0.09370852072455971,-0.002471022654315669,0.010276212097105412,-0.01242731473852304,0.031781706040540474,0.021302187114632085,-0.03537312011893966,0.020784419691400345,0.03897263744821902,0.03494933357564085,-0.059471026954569225,-0.05088516260565439,0.059732193308287065,-0.010985572912327742,0.012671722539252618,-0.07500083110355599,-0.06465398395171502,0.05351685872447136,-0.028303559659133348,0.008433128025512857,-0.06502823884768319,-0.00704226063001245,0.08584953749875973,0.012674941957280491,0.041436077501041474,-0.04981126280510598,-0.029611675000845623,0.02175565797323002,0,1,sport
19,0.0003004779525851768,0.11745417800787264,-0.13778730356361749,-0.08714325276412357,0.0478692793688755,-0.04032368284583653,-0.04585296299281659,-0.016794021240948195,-0.028924034235036963,0.07404790036618197,-0.0015754716089279282,-0.05033938861491921,-0.11250233593423264,-0.04928228518197385,0.2150999275441779,0.16037376543741588,-0.10245715346266153,-0.14501610466879308,-0.03017532555774155,-0.263575570444479,-0.20701543281549578,-0.0179096282243965,0.005514355755835458,0.18788415524610497,0.26293873583807525,0.18745263406383197,0.09515477453378622,-0.060756807123155114,0.10627302658971345,0.2603058247836413,0.016132718175346422,0.0018994158499565463,-0.17243797059294116,0.060000245860728725,-0.02472917228947944,0.02532882165612791,-0.0005310022695852118,0.07733464309154703,0.06058126461357465,-0.08814781472929605,0.058539613877526646,-0.050586001001750036,-0.10021332833849188,0.05399697299805426,-0.0582072062768161,0.08824822546636524,0.0025271500565972166,0.024745308026191022,-0.1041584664112012,0.08059170788199932,0.011079595209179382,0.09785329628790776,-0.014683603693594534,0.005784716668913558,-0.0019638765991837567,-0.0214689162930444,0.08540610589881115,0.06588247418598647,-0.07567391101764952,-0.014043657805899641,0.00021353694061709453,-0.08150427376345405,-0.02126742909297745,0.059117540304715985,0.08355817717837297,-0.0022898572512218907,0.00479412904746945,0.05755736589325708,-0.0053257301826923325,0.027915072519878868,0.0062099149843559106,-0.05816000843157924,-0.009717329474489843,-0.040804516506163756,0.0032403857550676357,0.005551113179472866,0.024749641625311004,0.03715359325073605,0.01679861554130094,0.018097013184327486,0.0003995776376647373,-0.0019404748708932457,-0.0026193424779069694,-0.03517313518596371,-0.008527963786209396,-0.05175326083049594,0.018402029417920216,0.019671034552297722,-0.06684193195784328,-0.02716977681574559,-0.0417369021980266,0.030799499005059225,-0.0069048343587801275,0.03406480918727955,0.018464493312054867,-0.036316959007603615,0.0121640913155159,-0.009865395250900591,-0.02921200190478852,-0.006697939332602416,-0.072522734421415,0.01503589659251386,0.062435906267713746,0.029300459481159054,0,1,sport
20,-0.06651125796809988,0.10754923337389093,-0.2062144854414778,-0.20587391432601607,-0.07686237147325613,-0.03239313046885941,-0.1409934072755193,-0.1444716874816892,-0.14490016037131342,0.05084390768311096,0.019068841537674252,-0.04930317678320469,-0.06388813452936794,-0.004959921024986658,0.1092331806014264,-0.029015625752590386,-0.02137365510515212,0.04675429329906409,0.020532990501489597,-0.034800543075000204,-0.1553276049502739,-0.030800478873075913,0.039063193408398124,0.0774565533361969,-0.11472427636271586,-0.09831600741894875,-0.045702120111543926,0.06331069875780816,0.02447338188412371,0.018629352661782735,0.0014614126882352087,-0.04493318795817531,0.07979113777493566,0.044979900026760694,0.009515258694510297,0.004681955938538153,-0.06878645056610792,-0.08048152225596529,0.056814020417606685,-0.009909599144821537,0.07003784274474562,0.03916097054659976,0.06090151742982715,-0.11704287275875175,0.061749423534133985,-0.0048501712646849965,0.025527030019650027,0.03425996088321843,0.05731129166996746,-0.009716808775606272,0.05090929278129864,-0.060962075288727616,-0.10051402006203194,0.04118638601094311,0.054009701137369984,0.002204524365830143,-0.025144902790452443,-0.09730638093040533,-0.05275132380524657,0.09351685971253561,0.07176117179026639,-0.015066573800194842,0.04131541989304161,-0.09436719667210454,-0.09041667707062614,0.058647840549705656,0.010239573607600505,-0.03870349918769323,0.01769383326568657,-0.07966342339763152,-0.10511704440580262,-0.003947831329242715,-0.1371517177662646,-0.07471668834859554,-0.036698363831567216,-0.019476675979604386,0.01695429544451336,-0.11594991182175024,-0.08895217830571893,0.0820391367535082,0.014268970695299343,-0.07287724137808806,0.07217679967780344,-0.012104176548908588,-0.04304748012103214,0.012341205501622855,0.06465259860667605,0.04089185207503436,-0.0015284453357600396,-0.14938269554024539,0.12939749740702078,-0.05744456932971268,0.0785706638207306,-0.030163417410534982,0.0849893467514496,0.021384805648936748,-0.04152587273577268,-0.02089432637825113,-0.05837345180150873,0.020079708008150114,0.09392326721587264,0.08751425632377995,-0.11057758451973289,0.12821827557585364,0,1,sport
21,0.16727340491597953,0.43191637189907656,0.23316656135174094,0.21848964832287707,-0.11307883016258645,-0.06712841990833376,-0.2632023592532188,0.04087232103689125,0.00012745502139617976,-0.059909170165308424,0.024330190583499275,0.010097165639703923,-0.0016763582905910547,-0.008524216763335939,-0.010538874021763673,-0.022996755922413726,-0.07723462451898115,0.05662895832903752,0.03064821963710133,0.02062587474471176,0.009624778192271694,-0.010585541494193159,0.009758379279270788,-0.025912188048901785,-0.0380967449064309,0.014848224134085222,0.021151182074033194,0.05362779866865464,0.0004789913808714574,0.0821058558647816,-0.14443459608030365,-0.18669240983835622,-0.035992642546677396,-0.10048460264998085,-0.028869830686740452,-0.11411322753357316,0.012337667274064964,0.05425802577244874,-0.2030001725350782,-0.07982542928502073,-0.003293797991820776,-0.030393927486372638,0.05188531140636902,-0.0502671947191003,0.017282431582978586,0.024888837857717817,-0.031000548813723237,0.02872903434833738,0.016755619655205153,0.08606790593265384,-0.024655607046979784,0.02146517231476615,0.05661905308661902,-0.005587266673757081,-0.033705835843256045,0.0054730578136605425,-0.05811868155538873,0.04463918162523263,-0.06525220432381054,0.03314150501435861,-0.0051489068582584955,0.013517313872418299,-0.002732037068497,-0.04003761239579652,0.02750236872101021,-0.011714856149551586,-0.007893251595341533,-0.02533651241644336,0.024714852208450072,-0.0018529265569740786,0.007731171754630171,-0.039040908209690944,0.08633788535355191,0.04182691529728965,-0.02385981002111327,-0.11508092643667195,0.055289588926938464,0.02323526633134912,-0.01170307570517676,-0.08668918968421493,0.010799085497714396,0.07389080452263969,0.0167113507772071,-0.0785384772394322,-0.013079718361336909,0.023779457875957692,0.01462939876861769,-0.014639370333917167,0.005097427304403505,-0.11503928060465705,-0.06208154209423623,-0.0043453463740555,0.04649592456592099,-0.09364935216324849,0.008875050668695948,0.07652364628169009,-0.005627692496227404,0.002370722729370274,-0.02685069695587869,0.04015687133647662,-0.004542984614907488,-0.01581277262850577,-0.014687273882851806,-0.001560712774156608,0,1,sport
22,0.13148625787979662,0.02881463264642282,0.03480326024288901,-0.05733323126901157,-0.03270928740270783,-0.019290445054840413,-0.042904993746127204,0.017738851357310195,-0.03657809008076994,0.18757666833012107,-0.08487767289476632,0.045429207514008065,-0.0037691290131016157,-0.04260182568658823,-0.0030235821510562716,-0.05937741000742857,0.005652867200865619,-0.024822852597663703,-0.005620490773007107,-0.07750590386910096,-0.025302513256683173,0.0637196140115745,-0.015162272155119009,0.031700549410143476,0.02615869762005284,0.06268887883308333,0.03064045433411475,-0.01837372888665033,-0.08608713700494512,-0.10330191248000148,-0.06974577921234318,0.07161736021820414,-0.04191925527167061,-0.05738077981152032,-0.1421918199754102,-0.05196831538569543,0.05198145339243109,-0.25322433631146407,-0.13318184588840842,0.04246212175055681,0.13014046300927282,0.04100967176722633,-0.011944493457202913,-0.12906289655814948,0.08277232196649469,-0.052762759452625374,-0.10338081024311366,0.10799558314440191,-0.06167340889310068,-0.050176017308024075,-0.07659705869058003,-0.07454947598950304,0.08966041431670203,-0.0320320173586795,-0.028856612996879152,-0.017067386139375255,-0.023283209843732534,0.21662199219487888,0.11352111921328929,0.17090987196521473,-0.2617341726383448,-0.11815503364541215,0.08010430658317338,-0.020470374610610766,0.04124549612415867,-0.006231762359728772,-0.035870413556350664,-0.0163367002638373,-0.05119557741835322,0.11850913526144344,0.11030936343684629,0.11979026267006578,-0.15327912336298613,-0.021981328264442587,0.06460296005122343,-0.021095804846120933,-0.020495705356669388,0.0049418009551589455,-0.05423280661676584,-0.10714127783260322,-0.08627532201048704,0.007189144356835195,0.15717434120631915,-0.06002145658709035,0.05731569984680462,-0.15057266693236712,-0.1807882294975549,-0.04216098047104878,0.04439113344947602,0.07533018070925161,-0.043959655655053095,0.006591076977112808,-0.0936808000267573,-0.01990835784651292,-0.07987423431439573,0.043457790189049876,0.07311335623124238,-0.10699001658573394,-0.08490737896889382,0.13110643615526,-0.024057386260738514,-0.029158908773035293,-0.055033586355728616,0.017567857991747777,0,1,sport
23,0.42238970902827633,-0.19338875546422146,-0.018788923251044146,-0.0568332578169,-0.01679280945669298,0.00866348571886723,-0.00932993668348452,-0.03194285689899134,0.02001167103628235,-0.051456813214259045,0.021875011010869392,0.013661258278806349,-0.018468013940216875,0.0247472296332129,0.011184085266814308,-0.02680571367896181,-0.038187031150238436,-0.012423831059547625,0.0003254049949498951,0.06648221178834872,0.019193705788994944,-0.03933146543295224,0.012195838003810086,0.014470898296201108,0.021796858990058884,0.07378343356340646,-0.011798952658941061,-0.07782061609657293,-0.020220179359799625,-0.08588124427656102,-0.0651698183555407,0.02064093032023327,0.0870208330168096,-0.15680038230675233,0.2662797195684871,-0.04670201990942113,0.09143888163870553,-0.0032540763577097167,0.07642353624881129,-0.05091377360642472,0.0477225325435299,0.07953751841278289,-0.05457965862532689,-0.014193365995796924,0.03627994978467553,-0.06543219411351592,-0.0874191266169289,0.014439698465105448,0.012740659440020374,0.06457261144392522,-0.0032871025623971684,-0.02574595859588395,0.00012028661381670442,-0.00843711894877052,0.009726360584449973,-0.006063982862443882,0.043380476075094945,0.02232157447072407,0.009672975019068211,0.034192190875566186,-0.04198050483362331,-0.03841877072977059,-0.0024883561014816735,0.008579131908376036,0.009350571016930789,0.003205272279336267,-0.04033109054906966,0.014191654909143517,-0.0018028991981591915,-0.05287531977846992,0.11776615662804814,0.021158818234251472,-0.027322844692853947,0.09929952960827663,-0.05565822837649405,0.05260579526796062,0.011260022932644461,0.12959610589986406,-0.12567978727228554,0.0059352828224729795,0.11197025498538343,-0.1841864774343055,0.05562636956058277,0.009913353751686057,0.07555857381653508,-0.06914875425743494,0.1334170732775036,-0.1820024186100371,0.0074738991490108245,-0.06975046881225788,0.00893575945189294,-0.02321008846096467,-0.009914674061145169,0.023798337969541276,0.09307165335179679,0.04562106609176591,0.026838131014378496,-0.01365730763303515,0.10772680921807187,0.07231132932659047,-0.06433789862922348,-0.08700789006270979,0.0751471817710548,0.11252043236444195,0,1,sport
24,0.1747211477803898,-0.12161923060779586,-0.02713387231109104,-0.005567263604362778,-0.05645332159307227,0.020169632579626107,-0.01898357659255038,0.011086897652554975,0.01601001443708242,-0.13951972008722074,0.029890296010846494,-0.03768648260204847,0.026995218130610392,0.017941189371323597,-0.015160401055608955,-0.02519173003501226,0.044233678061006414,0.06292558985810114,-0.039540536548752725,-0.033628196509448,0.02155689093741717,0.044446939083594914,-0.017267930124912102,0.011003708301896793,-0.06381528722077574,-0.1210853779307926,-0.044865659317151384,0.009899219965172257,-0.02210442563472512,0.07978437301552478,0.057804935167627795,-0.09325459667568364,-0.0852999789450225,0.19620185666570664,-0.31409661713117887,0.09518259790327224,-0.015796177287246145,-0.08935541889142103,0.11543696374626954,-0.17836629204654375,0.11112615391070818,0.01044769265333628,-0.04650960482372248,0.04489442568102919,0.05081189372495652,0.014472308847296562,-0.060785017552656036,-0.09599918274135658,0.06698147544353833,-0.10459363577122217,-0.001957118755172574,0.015272820340453954,-0.04119299777031146,0.047539619931914925,0.011615165961678218,-0.08429073768115102,0.08501668634018379,0.006656069163171568,-0.07856467375128774,0.22380637589364416,-0.029177029625583262,0.10795585407779303,-0.06729688263049659,-0.11226542551606189,-0.03202205645781857,0.0826695608494456,0.14099126228923706,0.1892999639335965,-0.06232829744663834,-0.06770008232600555,0.012976426761761948,0.17599532933984124,-0.03900515900641495,0.09787806847881039,-0.06285455683916816,-0.061291735999551074,-0.0010264776509481613,0.19076108530257468,0.05442860594942702,0.01579960375200351,0.12342238108987763,0.11441152997592034,0.20362240714018032,0.07472365125260207,0.05919658588969662,0.040390919597437805,0.1126787918734706,-0.023818305605567074,0.035740326325691636,0.15652735757082153,-0.1203988800293701,-0.060814064776504834,-0.0805775050752042,-0.14672007167139145,0.04346555262701052,0.016084913886939535,-0.026509256956326503,0.050818885630946865,-0.030807726594858757,-0.04418616121867063,-0.035161572714491704,0.018041508534442873,0.09660281210776392,-0.05791963322757638,0,1,sport
25,0.2904003538332344,-0.0882056714196766,0.010435295171515218,0.01909156626075836,0.022325476392002917,-0.012016783124270916,0.013021108008354881,-0.002282529318215345,-0.01629773107643466,0.16970631879661777,-0.09548179309259734,0.007182981231325333,0.01201160697782658,0.047086531746004336,0.04623980330875859,-0.015944743276330036,0.05635095437003269,-0.022425453588867765,0.046875390136529804,-0.01596537833047814,-0.08413171886666093,-0.020224904183172437,-0.010130210998268194,-0.003996317975970896,0.01633545547011562,0.06042168325299449,0.06091009802677158,0.08284251960402861,-0.036637518873056746,-0.008519130219221138,-0.02649643863394997,0.06908838439498885,0.007000282675510384,0.02158150224522794,-0.02239948564315716,0.02582736443090999,0.008543695835254161,-0.11155000186779009,-0.09065588742435537,0.2179856325401558,-0.050926671298855,0.09889530438696392,-0.15536438957525178,-0.01936897690539088,0.0729590152452799,-0.16773681584600594,-0.2005350062102537,0.011127571474403493,0.10164930947807396,0.14861387878491353,0.009436034014607837,0.042222552227665536,-0.019048950257391638,-0.2219122907646196,0.060677797307209,-0.08586698669928289,0.12148350521785502,0.04122974828732239,0.00947290192568003,-0.01133396478528683,0.09091193053178483,0.1529711680919287,0.054150438796955795,0.16762988261097445,-0.022775809645011313,-0.009753331696673136,-0.08176389712899215,-0.07282498976651723,-0.014593313621988017,-0.12806285104475762,-0.022309333958249952,-0.028932822447203306,0.061072959404874026,0.03502446698378805,-0.03429597887861212,-0.021477099478488335,-0.03796926887364272,-0.06963404317219779,0.05128127216463446,0.12307789093495906,-0.02027774409774553,-0.014768534154965186,-0.023552624322006242,0.02431992434647415,0.024249106725980994,-0.02650424027788524,0.03188384819270411,-0.08102986640097455,0.06690237466142124,-0.09690847971642216,0.03835883289737002,-0.029819353767457236,-0.03203361827036479,-0.041686827890494174,0.00906588724563018,-0.09919760520230583,0.028155692091666278,0.041288235987211555,-0.11882920801580218,-0.0806332562972617,-0.07282842145138947,0.06228438926699583,-0.0644543041312739,-0.004567142751553174,0,1,sport
26,0.1414481508024762,0.30848941357326926,0.18055017342979673,0.12814587090737475,-0.0910957704570243,-0.014993770215869378,-0.1504366876307995,0.03367081967256252,-0.006379486955201544,-0.002675615644394366,-0.005762695132658008,-0.019631891099700784,-0.004632126593040621,0.015675420259051116,0.0015688406289444123,-0.0006320732144062254,-0.0009498426204428305,-0.03730061618829249,-0.007341926077315472,0.021159717759481084,0.01049272874028671,-0.012389257320689162,0.00809077369170561,0.03725284890587009,0.02772275668847654,0.004818926190011828,0.007542643198507971,-0.045202919607993775,0.007632353145256607,-0.049290190334949004,-0.02594713614408775,0.036546153022795576,-0.010896803304879226,-0.03907087004382132,0.01055619532398773,0.012663627500876556,-0.0029968595096570854,-0.0771117525676446,0.07149758391053547,0.012814672935662963,0.09726893295408545,0.008747572887283053,0.016937313515746327,-0.01570463730223862,0.012582641758930757,-0.036998574285357126,-0.05838495218333721,0.04565031780093052,0.02311407422568636,-0.048113137190677814,0.04604761577024022,0.03282967201928107,0.007882223095693412,-0.030040252416503575,-0.027838308208192563,0.02473090425064765,-0.005108214960371271,0.00825340544301672,0.09312755035385509,0.029272072597945117,0.015421386504413617,-0.02712536971620849,-0.02363787074332307,0.05967572497373022,0.11182506213256152,0.025532975442466417,-0.05372957457858592,0.14059056414087662,0.009018213303523825,0.23996892027084651,0.22306427775316917,0.18908860078528944,-0.05997776181436432,-0.19739711936534446,0.10556824807014709,0.22600331284099817,-0.1612893368744822,0.015170604199696595,-0.0922975059227352,-0.028462421791030923,-0.014011221777994751,0.11101842062522266,-0.11512526527317393,0.2821265563061574,0.037246126057781104,0.18540612856714786,0.0748147156132524,-0.03228438638408315,0.12287390962157593,-0.11463282793965754,0.19064323412461673,0.0016456066658069625,0.04069372714021951,0.026038314070487602,0.02709392311640032,-0.08490043454391549,-0.10536842554078957,0.07233507034504065,0.0013368130428607428,0.02934918308889575,0.000783177149817206,0.004950331894538809,-0.04679846939897444,0.03019403366659383,0,1,sport
27,-0.056002955809991914,0.06502595721516818,-0.11362992834321849,-0.14472170189492864,-0.0944759813680608,0.006756256916568532,-0.05854697391948513,-0.0711911574617448,-0.16269149003305183,0.0904741968773251,-0.021357044107303384,-0.07753437854487984,-0.04060052959314847,0.036810100381350325,0.144436933565225,0.07634073330878806,-0.057457772319246155,-0.09684147420303392,-0.06862347121331676,-0.05740387286026885,-0.14930025491838914,-0.2557025713425501,-0.002441471429518319,-0.16073400443403704,-0.21040441855846923,-0.18933940342684497,-0.2305531477367786,0.059227615542217005,-0.019248021212789596,-0.07219058105151697,0.05655878621716162,0.038440683893710505,0.1524219598081992,6.640238034106193e-05,0.04971545498058359,-0.041950160545037744,0.11393889159582765,-0.03220803014897859,-0.03177677939060674,0.003267030207178735,0.03999033920864359,-0.029287119115301054,-0.0896857500726207,-0.07084012875781985,0.0742864440956921,0.09101298923479126,0.11118697697796397,-0.06995634312416146,-0.10542242842399156,-0.007856870742801189,-0.0017268651088569792,0.13050946536513414,0.04809839603881932,-0.10171749654468486,0.03081876417756104,-0.026264608202502895,0.026573645022598923,0.09999138766092944,-0.025409820047541665,-0.018249749651300235,0.021194386055402185,0.03594791915808008,0.020253645736302513,0.04813438505760411,0.020998612223068116,-0.030386460756631522,0.036164673972870105,0.05936899255681409,-0.09126348701561166,0.023585436816646967,0.026457954354408175,0.03729212157592282,0.09148710786614395,0.05929209040424028,0.070420563484741,0.012565186419355431,-0.021268246104538806,0.09303487263876861,0.04324436925482084,-0.026095668989239332,0.03872682086771022,0.0643997829023243,-0.0771991247722528,-0.0923615926212134,0.022341912420824676,-0.012174893673531592,-0.09621277769259487,-0.02940159697351258,0.00961985281553711,-0.02732153187904236,-0.053814673703267216,0.025735452169528966,-0.03781597849220871,-0.0036700420524730703,0.010265924945808833,-0.08453026423767918,-0.06096812704979027,-0.017098762395730396,0.06906446429525619,-0.12834924640496356,0.03781320150412105,-0.07025267844602065,-0.016391776903063364,-0.0705929885475943,0,1,sport
28,-0.0988043794190526,-0.026680946134648727,-0.05768461076006555,-0.01289283684377258,-0.2225174514615224,0.13123422018360084,0.07734860777373607,0.20746011151080826,-0.06856302684153162,-0.08384891439362074,-0.040731972428766354,-0.01989842398304761,0.0014822140719194272,0.23031740090859165,0.10095389089198788,-0.07665997632272385,0.020037104152824295,0.004758457981431451,-0.06335215061103103,-0.005862321598598699,0.05096386476596023,-0.006875307546484319,-0.0670634582236995,-0.13452776619442958,-0.047574811872167326,0.1410915914856066,0.0412145576555877,-0.14529332323410857,-0.07645470659791016,0.14322284978023217,-0.115045906179388,0.10622331589781095,0.19363629702946134,-0.09835879053787912,-0.09392830856789544,0.29916858535210644,-0.06784276745858799,0.009562730118253612,-0.05617054244888452,-0.08337946392537436,0.03970255361383658,0.07291569473816858,-0.028374032799757802,-0.03607179549796187,0.018852706576172266,0.02458146231577786,0.03558066536058358,0.054990894456201554,-0.01996537596982575,0.06808005884319028,-0.03277880243188903,-0.0004783302037502382,0.030449624273144276,0.09493488305060437,-0.06041551550421294,-0.025998107802557353,-0.05547918398390293,0.0007314271661086131,-0.10093872476663344,-0.024815420759372327,0.02115775110297268,-0.05041884494420432,-0.004972432934787777,-0.005393938955882329,-0.010527773694368877,-0.019831862009244562,0.022754379770807263,-0.04239337945699378,-0.028555833151683998,0.018887593913106848,0.019058932451183168,0.06132343438416699,0.03170105281523951,0.0711168066183149,0.0015647376826087359,-0.0860216883416378,-0.0028782065816638867,-0.014472730279513261,-0.05058290057214112,0.055282856200547965,0.0020616712514584857,0.012200381292949869,-0.07084600948080876,0.0033518146233935233,-0.004232402471245939,-0.032441931871343276,0.02325662359039029,-0.014383791756290473,0.031171277156742415,0.00919431386920566,0.05915895423370534,-0.045068144436627905,-0.008633486088053527,0.0881558158405869,0.054542600083463864,0.03755191076814535,0.05113104512336979,-0.045438695875719595,0.04085502617291881,0.03930372128640292,-0.06609359542291529,-0.021881699022714477,0.02838489379743089,0.10888764473031075,0,1,sport
29,0.2457981958632536,-0.04835398163460499,0.07482903811062583,-0.02393856435404327,-0.008516337246396947,0.021574142229028658,0.061643607871882805,0.02291382557791717,-0.051446851250449684,0.3212393719971432,-0.13134207675346574,0.016421166284495442,0.08029150940914043,-0.002161395725110637,-0.07268242918382478,-0.105075447080453,-0.05967115485993385,-0.0002916508715753492,0.0153544867050539,-0.005093951683192001,0.04965544076060938,-0.021034137619719846,0.006757981714987086,0.039691946388716634,0.024019703286782306,-0.012015489015982758,-0.019353788562132455,-0.041822146605185205,0.014791287872526496,0.012899644782898272,-0.012281670566881973,0.0885722107011417,-0.08350366265405738,0.028513385458155346,-0.08966319190371355,0.05133161000803252,-0.007374181911546433,-0.02497029359836327,-0.10972206241602081,0.29220294318830825,-0.018799455243984943,0.08752206925104593,-0.09657636045520716,-0.126801540653594,0.10302812025057603,-0.09368872003338458,-0.24189919509850807,0.06295807584634561,0.0701788382697585,0.10927121775951658,0.020477747110380116,0.03955549755354952,-0.00044922660183626783,-0.08591306717091786,0.026937861055802387,-0.12780308064902393,0.09260960680189403,0.01144762974470457,-0.06299819285638257,0.055630783704541414,0.07056709819343669,0.0027579597127399976,0.07208205949331076,0.16764784227413193,0.029949022309325415,-0.014652603273210342,-0.11259885674113977,0.0810703751874229,-0.02693952785987767,-0.06377421540279699,-0.03850459757578737,0.19876978685597477,-0.04248465589565363,0.09522201828013999,0.05276085301347861,-0.07023536182378205,0.06446140486413521,-0.03399693570054746,0.09824901723236029,0.10309803096467891,0.09062117580903825,0.09358323104133977,0.022010802188193453,0.05098615026223478,-0.004293605088128608,0.08315535444908513,0.012025482529716849,0.14516888086253496,-0.07556776270541926,-0.011425960878082309,-0.10633358546116828,0.08759217177986542,0.10741028297706172,0.09683272844037356,0.011729303612911612,0.08831026037057702,0.07031567696534968,-0.005603937496606203,0.12755506208448017,-0.027131019668688017,0.04891933757077107,0.005993210203032062,-0.017807931488428505,-0.007233200841043755,0,1,sport
30,0.16464064702840966,0.002868475958237038,0.04484398217211128,-0.02337562372189533,-0.02029516858503511,0.010285239823742059,0.04942961717636578,0.09311702400605917,-0.09020300577111982,0.5621332172485315,-0.2269786724838901,0.07825250344402711,0.10223344945216863,-0.04163842589895681,-0.09853286804233632,-0.15419996347036916,-0.04803655012514488,0.03406215138967455,0.02765799130628218,0.009340575291439777,0.004710569814439416,0.036199534509536724,0.004371619637202119,-0.03026216312613163,-0.015788571018749243,-0.02075365618268971,-0.07218316781611452,-0.007062193485120164,-0.012983702776479198,0.10692538023448075,0.05649381868800792,-0.05572182393432583,-0.019421951303200038,0.06287642875533622,-0.02850009033794257,0.027639511691633416,-0.008609808005682246,0.02377900284510206,0.02493409983333216,-0.11299233996319251,0.034268940356551564,-0.07571725087756168,0.0010592146898600748,0.10346120861407238,0.005132925254463571,0.04511781433566954,0.05853702019352822,-0.030236396044642882,0.0008152412685405713,-0.12936663753095887,0.010679295837969222,-0.028583406356847238,0.04601613929276201,-0.045088143777560936,-0.07432363356187911,0.0547867468492878,-0.027510764202184793,0.06845272010165368,0.07516844405349409,-0.09706421812825794,-0.04431837411818239,0.06464705002375276,-0.022671699858894823,-0.02372178614499053,0.019787796167403705,-0.06756277780852904,0.031900838088628855,-0.07180724224491153,-0.0173291663432257,0.033668749707074876,-0.02212927503570918,-0.07585130872488693,0.02355937535953399,-0.032859513417558744,-0.02156459446670423,0.045996360593493456,0.015915314185767852,0.03344480351308531,-0.024039466759711626,-0.008872463482913661,-0.059436411587772395,-0.053262543817516474,0.04630242357947073,0.0016996647447632103,0.06982451153892774,-0.043838257752716575,0.009910776306486666,-0.13106550197523587,0.0628785449344031,-0.0675465061788461,0.03801341008318996,-0.026215980382010617,-0.09250127855928128,-0.0637863491084668,-0.03464347940758973,-0.08896796473616218,0.058436531291874094,-0.03961564822528515,-0.09068923422280928,0.03474250319356879,-0.03443920913551046,0.11374791619610186,-0.016771632143161914,0.020796632470253075,0,1,sport
31,0.11353710204393909,-0.07146912488922327,-0.05751458875550746,-0.0441964942849982,-0.0013110790808032818,-0.010154157008993405,-0.0217039396554529,0.0011658293224387107,0.0364707523030034,-0.036536295158061456,-0.0170794678661617,0.02236415558892831,-0.041871887975949845,-0.02300530729602063,0.046548421977343844,0.004532927961467705,0.05191678760685173,0.0187478096661259,-0.011708773057937319,-0.06600352634349343,-0.025518069748700568,0.016387398788905903,0.004984634749580444,-0.02533244554957075,0.025897948795319054,0.032929718501104766,0.06463944140680639,0.029493253583095114,-0.07284672242838357,-0.015296950228419964,0.084362511856491,0.018942329990389434,0.04588687559936899,0.05404587605769933,-0.08938384310606538,-0.0894749095213201,-0.13621918784338055,-0.22808414542356067,0.04124929980939134,-0.14551023956608744,0.005351989173029053,0.03197131103509114,0.10311411839964359,0.021767245104220196,0.06709448532329611,-0.11388524653757409,-0.09898947887027514,0.009416087366892046,0.20958022963605114,0.12486470321156169,-0.05977494534627113,-0.024408941199406224,0.08830533354173738,-0.1684493639410185,-0.1215782629223598,0.031942053745965385,0.1753659528027368,0.240698632264983,-0.1137742440778551,-0.20928594387700392,0.0741332734537086,0.07618264063659512,0.08110256848817296,-0.040741758440318146,-0.03513645194510088,-0.051438446314106094,-0.13593551557773836,-0.12786268981218293,-0.08635477117510532,0.24031790042021572,-0.2624295089386504,-0.15626827783666317,0.005234196502987199,-0.13208189160173628,-0.018287082888610685,0.09735724244672923,0.006765693554077681,-0.011501472661642398,-0.035351389048705203,0.006112839372807452,0.1286184667174964,-0.02455380813778834,-0.0717218596281673,-0.04934457469519909,-0.035413868480099635,0.140915175653077,0.018296516912857625,-0.07349656817921474,0.013719442026004593,0.159877094478627,-0.061406430754694305,0.013724149784045625,-0.02309787472237006,-0.10945940490318508,0.11778674715805214,0.09574056945635022,-0.1024067004504487,-0.03308649365324714,0.04833253732910145,-0.020051362851024927,-0.0423576370857836,-0.035601279558900766,0.0732402831767959,0.01641684425501102,0,1,sport
32,0.5448105175148226,-0.2763238141450248,0.032986540039860235,-0.11443492312029153,-0.07690379993966673,0.015003611127018862,-0.010658400714197012,-0.027353038573529716,-0.015027207396233241,-0.06927860572820228,0.047631393488896584,0.02522248174468611,-0.003939064292029352,0.009690462400126044,-0.03375736061737329,-0.001704192293766964,-0.11437478893334549,-0.03911867017950154,-0.02271673472903475,0.08754065156374735,0.07474968469629435,-0.024475576713163666,0.034591249806336925,0.017215995543684935,0.05889874804326149,-0.0013382278879103453,-0.036299943322093894,-0.11500238790303405,-0.0002920899788901637,-0.07037367365197421,-0.05085833764682703,-0.010475150554487235,-0.0028329460157129845,-0.12055302282419576,0.16419245752644457,-0.10015116530182028,-0.009730918478353619,0.04954781784466632,0.08143484246839379,-0.05801774505620115,0.0203437857122541,0.03339162001344118,0.0419985060060433,-0.06858594162373235,-0.006042941213283327,0.0705300532133644,0.014440325682029296,0.10659939054261747,-0.059640354273109514,-0.0009275956980699875,-0.045535506831342255,-0.06053098815048912,0.07932438575139014,0.06515400543067834,-0.0018062371851030018,0.04535720055237186,-0.015482757778307493,0.04781013979213377,0.007667910853064001,0.06444641729262457,-0.03939033773083935,-0.07220603003925578,0.05056077307109607,0.06339270432082143,0.0009021983418288558,0.03249186793144634,-0.008145773527530965,0.050226041724847285,-0.06050967463894841,-0.004760091629433095,-0.026808503529951625,0.056534477343784806,-0.055545121124919467,-0.054534902240808994,-0.00700529203407988,-0.005351384054530073,0.012014254045395117,0.01801811732647921,0.05040074679367008,0.005348089073723418,0.05318538238749896,0.025595879662308134,0.020451566956532212,0.031826412038755296,0.024299311123792782,0.05396258640813952,-0.04792307247631908,-0.02141498326586907,0.011325992736391169,0.029697287959381573,-0.0837595125583779,0.008818044103516014,-0.04567291676357588,-0.07101638959093584,0.027499669007918986,0.030343988883598162,-0.005767915707077701,0.00244079396180376,0.03566254025520925,0.011255089822956551,0.029919217506915254,0.038518402999969815,0.017719567899386633,0.006887548459711929,0,1,sport
33,0.36552017884109217,-0.1989250180607417,-0.030685721804040035,-0.011968161510856761,-0.00810022559516858,-0.011676983622301875,-0.035876923002724166,-0.006173959944073769,0.014379292277458284,-0.06555068564330892,0.03245073083476061,0.01135510157398508,-0.014085072540305025,0.023975128277889397,0.0064552046188264735,0.008580818886210784,0.056874869592218484,0.04570850096507992,-0.005202239345590871,-0.027448562690315752,-0.024893115946197825,0.02767192713671835,-0.05520718409152952,-0.03442915300661136,-0.026833053009732228,-0.022818823161750202,0.11298447205915634,0.08117524976488259,-0.029185412602668194,-0.0005128349496888193,0.018044596007218205,-0.03108777263956807,0.038178844191057326,0.05408982399440655,-0.06369159008436126,0.0064496476651368885,-0.03314531035749336,-0.05746796883273763,0.11341567592276733,-0.10869859810279389,-0.003943283385528995,-0.013763555671928183,0.035079185430599215,-0.04539147131870429,0.05686530626661059,0.02791877627812926,-0.1340292423701166,-0.009610765905613768,0.07125738977124293,0.04325739626965366,0.027961979961655628,0.028030557154632128,0.06325603172545546,-0.09503353934316298,-0.07440432407175675,0.06469013692426465,0.10126323530441592,0.07272880933741496,0.018556204558590965,0.07819856149945435,-0.08091228212787807,0.07564095484042901,-0.03785374519916496,0.05817901191670562,-0.03317350965500471,0.05517627390581182,0.11886399957250439,0.10063303031066305,-0.09764455950357183,-0.05667331819593926,-0.08899337982357794,-0.0678926620554065,-0.03996685545515954,-0.09968846242548329,0.07741440555904311,0.01840151337597692,-0.029811417177642047,-0.059222331371872994,0.1449092399452603,0.011645394236817567,-0.021192925996973953,-0.003974936511872527,-0.12056140992379899,-0.0995417904808647,-0.037799428656072956,-0.1309839847877318,0.02847012874479955,0.09420092701209852,-0.015343544860612984,-0.2121863802182084,0.11913409633949729,-0.05455319335453653,0.017140885677414314,0.1897249930262675,-0.16362332022342158,-0.11604693657121261,0.137670766969434,0.0023599643782009553,0.06560074523834031,0.07576054127451787,0.08403199401115839,-0.05286047871105878,0.03118475589170158,-0.017620166584041818,0,1,sport
34,0.19860208773723054,-0.0128377651609121,0.04570919627970657,-0.031023746223644108,-0.024147664158922014,0.006140806576129527,0.04361038511402193,0.09888759336114168,-0.07398259660036022,0.5160175871899395,-0.19839410829600868,0.07459262760389514,0.12210934028420663,-0.05107998328325809,-0.09957888782926659,-0.14095272626087985,-0.05093873129115736,0.06729245607740121,0.009415729610377082,0.023061958326590665,0.0014385626376823325,0.031132936590296395,-0.019237474828119116,-0.024584338720606294,-0.02772602770990141,-0.005891689713419996,0.01663167399611299,-0.014384465879097946,-0.0027570346390290044,0.04939163242166625,0.016503134435545543,-0.03453647438894883,0.03292012460428067,-0.0033445944764291936,0.07662996609277338,0.02195053383732253,-0.021363446507624888,0.10580419569084108,0.14086738858672176,-0.1999651164978233,0.03915723901755834,-0.036660767198262334,0.0007535805094600148,0.03614031592182955,0.05365956517997472,0.058141080778545476,0.05967566969641741,-0.0532795951469845,-0.023310080750395045,-0.12380297576334538,-0.0028580647971161175,-0.04038330333612793,0.021897800085179102,0.04878780096351611,-0.007275506416306137,0.030404131763645002,-0.04100431385567642,-0.034951823459679794,0.0358513320965854,0.019646609601788857,0.021760568355685444,-0.10115493796490128,0.03939737430128603,-0.05271899238859512,0.024676995557071157,-0.028905773964721864,-0.01790447608984241,-0.047503661808146566,0.01845078547047515,0.028217374283273585,-0.027156842078218356,0.04454600404108469,-0.056724672102111365,-0.09884312686005878,0.018152414888674168,-0.05110637069114467,0.028555413732304347,-0.055907655307489194,0.010828602155831537,0.04499629464915743,0.049904750417671284,0.039883674193069985,-0.04246746309816545,-0.05253919421078707,-0.012836859975491648,0.06827764478020075,0.03708227545250149,0.022519278711585745,-0.0692604422009013,0.06617044166870442,-0.03686682498022086,0.057962232878045,0.10990077579899829,0.008588219558773945,0.015577267525401336,0.05937103127951982,-0.030070772274402205,0.12691756457423392,0.06857093804332726,-0.1201550010604255,0.004815466913061457,-0.09422327478604389,-0.057495002903877046,-0.05655203274944686,0,1,sport
35,0.18236552164270792,0.4660918202188984,0.2367080263439726,0.17539161550833388,-0.09140285532135387,-0.052517376008083594,-0.2658522407926606,0.04241911946579614,-0.005684340303390381,-0.06745917619697028,0.010724602759892338,-0.01556095233028607,0.0026779877263835576,0.005885634729855941,-0.02415355264448942,0.004026676039702224,-0.030207313320242613,0.05180508310758638,0.0013396819201211844,0.009097318368415213,0.01671064393137445,0.019038636638528606,0.03869033762034926,-0.0253450739173798,0.027541041902106603,0.012632583496159408,-0.036508621423089346,0.003351766563352093,-0.07757074471162836,-0.01987134820916962,-0.03363827706409147,-0.0649250663495701,-0.015989847047272396,-0.05530618147380489,-0.01959191958397878,-0.05757332642811542,0.023731669052864973,-0.0468343210642729,-0.11572989783596226,-0.11158253421548252,0.03313168848643801,-0.04897180725528789,-0.007406547720510668,0.00811547974228536,-0.013031890445254716,0.022002152965811265,-0.0064025906681432175,0.00044620855590737495,0.058169269060750345,0.06147015597078738,0.16898734062578985,-0.023812729009837635,-0.00841871238266951,-0.013497200305844118,-0.012091031122790662,-0.06694072820345187,-0.06801789746969396,-0.08832784864522943,0.037225095426943466,0.005240085177378559,0.0717901053112426,0.00863726576001456,0.10248997500958848,0.0814493298338226,0.06396151913753559,0.051970848286809125,0.014588515320509282,0.05803667456279404,-0.09936185292025387,-0.046723267609920516,0.01680623304693191,-0.04250300741270138,-0.07488482313128156,-0.0343045261635535,-0.03409331345848753,0.01804023814828873,0.06942548062524882,-0.04170457419000581,-0.09332814801676062,-0.014781319494971402,-0.05641223926457372,0.034491817557146864,-0.07874783946600296,0.01926789526902542,-0.03360369755719032,0.01269809670939634,0.039535852676556286,-0.009978656905429735,0.03436479251278731,-0.0009994294839763404,0.0018917865593683421,-0.04768491067864793,-0.015204190663349255,0.01568692052270975,-0.0550511013965306,-0.02389625295513926,-0.01409725528078978,0.026540915731298537,0.009812636016727215,-0.04569368110044044,0.050647541938058524,0.005958208984342279,-0.007146488215370342,-0.023097790346248502,0,1,sport
36,-0.0303856448345183,0.10591489835202149,-0.14564621776930917,-0.14013238557047,-0.004401933246472827,-0.02751085396117357,-0.08381173156311464,-0.07075385332049258,-0.06798393319841903,0.0652582688862315,-0.016940102463770892,-0.04518431635436498,-0.14769581837691328,-0.06330168373708342,0.19839739740030865,0.14994712607532046,-0.10246449274250932,-0.10922575511326307,-0.05916377642794896,-0.27835857833128164,-0.26801718194132085,-0.062126151467481926,0.014297867885328767,0.20150429991703792,0.2048136572902716,0.16588439005996744,0.0839694884648358,-0.048569835563451014,0.1345262505054195,0.27613109427348714,-0.07679858143705426,0.0008191853377232962,-0.10797278740098999,0.03961072222248037,0.0328021502175133,0.02146360882000314,-0.007349142189655885,-0.009406480321378124,0.03217896927705963,-0.03905369252926995,0.04947323074000423,-0.04810385473857708,-0.09256814442287137,0.07668634668880098,-0.030696195054788048,0.07804348267570688,-0.035867610785234025,-0.00490365554233714,-0.08988351274359914,0.029870161923392962,-0.020255309760978606,0.03564211929168839,-0.029089967664253466,-0.00747517788662366,-0.053976779190386986,-0.024457120537335602,0.08651048535308578,-0.01943921689740389,-0.058803184590316235,5.958228885473771e-05,-0.05244286870478428,-0.04265136725919472,0.038029877902362806,0.0454857472799802,0.06736430435592769,-0.014385461769295935,-0.02302664826379979,0.052845110788434006,-0.012743376851276415,-0.0027805124605530286,0.044721124457174466,-0.02178294714645264,-0.08746028856748629,-0.015439726215650361,0.028505250828122834,0.03626350208469948,-0.04827018842323922,-0.0031685044528737974,-0.031781257032100156,0.02900318434981034,-0.027654910766069737,-0.0017844199743593842,0.056754539795983376,-0.004997982976808206,-0.013261540446172214,-0.017190150845816734,0.022258459918440623,-0.019231196304454124,-0.018308097196867937,-0.0005771320470709531,0.005290305802371427,0.05486093767552291,0.0463487803155745,-0.03040490763403083,0.03864710456292441,-0.006001737455575697,0.049546942711545874,-0.01705476993279647,-0.030038886100984884,-0.00802658152449622,0.024030187673280544,-0.021011901719274025,-0.0037446624527403584,-0.04472850071589325,0,1,sport
37,-0.0457943239878951,0.07380105833376953,-0.26558360948013376,-0.05160833069606674,0.10870106106542224,-0.057609077505807696,-0.05098586599246736,-0.03716210779554456,-0.07166613955869339,-0.07527957380264595,0.055409166351279245,-0.11327080257979359,0.0473862550035132,0.0004251360723177348,-0.08779368658610825,-0.11996028112337218,0.06745949150120888,0.11498477102894467,0.14343259858423077,0.07586973381291444,-0.08054032742315079,0.02818224350174934,0.02804688152710842,0.036355320825680895,-0.026744846477305448,-0.06054693542781485,-0.0389984159259118,0.12127956963394777,0.0007537093884649758,0.11422375526780686,0.020054235353412702,0.02966053221302228,-0.06569619312916351,0.034906266379692484,0.003102489924716977,0.0700785626024288,0.18255934387103834,-0.08861363504886045,0.1322098585070662,-0.031146530747806236,0.07891557615857563,0.017109126097277126,-0.023111257974327826,-0.02442074525284255,-0.12026404993603211,-0.15649690305487174,-0.03581063606961572,-0.006618861054286282,-0.0027609037108907437,0.19780926486806996,0.036709701470513126,-0.06459518227469976,0.04207227686784414,0.1785221119241475,0.016996639064069997,0.057809425137958205,-0.20351845836000007,-0.010521380369375749,-0.051996710753611654,0.004920053836452446,-0.042631958984678996,0.054964190517297846,0.12676963611995104,-0.009854991594666693,0.11717021257462368,-0.22459348730003031,-0.16534831204068967,0.12762718708393256,-0.039533828720457534,-0.05743530042491524,-0.08111525219493229,0.007957101282449041,0.02749981595088005,-0.016361058436780908,0.04895644110420656,-0.05449895044992732,-0.025581917928208735,0.032718096006102856,0.016665166294621492,-0.016835203271315165,-0.03135261449516541,-0.04622896884881993,0.030885584416326297,-0.0476794221337819,-0.004903783458813527,0.00801284663018498,-0.020681714354289525,-0.008585488387776723,0.006082787533397092,0.017792419855818475,0.02212089886090016,0.03618973466112938,-0.06957470599438757,0.03633816553518798,-0.04704137375135377,-0.02707031347493515,0.02167362292030204,0.011541269689566532,0.05424112418808617,0.009098462076430378,0.019484800083902888,0.0020221852911679068,-0.02074517916866514,-0.004695944138538698,0,1,sport
38,0.09627670996156096,0.10267744262008191,-0.1725304911558966,-0.041778700309508844,0.2824108353737139,-0.05367805373499712,0.0564360304304139,0.18480849954547124,0.14320525610891785,-0.026092476934116166,0.025638026483965414,0.04101731794004266,-0.01702663107707905,0.04534809061846607,-0.030859440261118334,0.03248560768366726,0.06836609463393038,0.025546580999710484,-0.026708324401162636,0.03308175603919165,-0.013395288008345387,-0.10773396465607472,-0.041281021260029034,-0.019193298050485873,-0.040753869902295355,0.03965594649247261,0.042875174964033626,0.0741254156413814,-0.005237456980240782,-0.011416610884592303,0.014300567371838081,0.004731211568189941,0.06673889563096842,0.031331326439438915,0.03912892783917253,-0.00794851416544584,0.032025357928507456,-0.051514587577136985,0.0019033144548065597,0.021077685412711322,0.062468412170110704,-0.07389026891456614,-0.061460784400109644,0.16801658204785802,0.012270290759532124,0.04242522453094595,0.045306949577876315,0.04957061686945643,-0.007978023450581876,-0.01257972580862798,0.08189259361145597,-0.11217948477556652,-0.00287071804262663,-0.05821089556591996,0.0012107410511693311,-0.14032077916228092,0.13599699787333433,0.041586814601694826,-0.010774650290344287,-0.03456115662856731,0.05266957812853624,0.11404576840721468,0.06669834258726681,-0.1705519281591347,-0.15094919930851336,-0.15654389108530672,0.07457635557081867,0.13814196870871054,0.1915183103254544,0.08727483484200721,0.044793201454555565,-0.05134260822567346,-0.131762005342711,0.039898690959673716,-0.0383755199622598,-0.007812019865101329,-0.008925640340031658,-0.06860293562978834,-0.04731918822339941,0.012965880971146492,-0.22058314223177747,-0.033556556465391164,-0.045098407228973576,-0.011022043110382709,0.019349027609637616,0.008117037992088889,-0.03729211549117995,0.0031108198744590246,-0.037128421782825154,-0.07529434432665931,-0.033423810377770154,0.06880925258328356,-0.0883454232811493,-0.013403485555293408,0.010539286808763764,0.11963361643077444,0.09680055352456275,-0.10299058007137778,0.09690975961214598,0.13973649499109864,0.002091869533646905,-0.0671176055149286,-0.07268251063963924,0.0061114720254271,0,1,sport
39,0.020716056339198582,0.18282760637911974,-0.2863322941330654,-0.08194330053970696,0.3682239514008333,-0.08346359356824543,0.05950909022569541,0.2659606437451248,0.17707360232394312,-0.010076285874673957,0.012812520793586841,0.05410307702264056,-0.01633997611117787,0.011453109054819362,-0.039709848016422224,-0.03800230575277827,-0.00406564382257565,0.040822682458255044,0.015338968505898696,0.0639940306408401,-0.026067386403034923,-0.24424502597128198,0.016625674832220567,0.056432467216348245,0.04343381075711133,-0.002220098645563734,-0.004581004153880089,-0.045546985391970836,0.03365051548057143,-0.08510429358391072,0.028347691587386627,0.09846993789612227,-0.07631416504485616,0.01129920921808803,-0.0044815931742879424,-0.07074766899305364,-0.10872480060826174,0.018152051404436452,-0.1496922471544547,-0.14975099264406708,-0.06670001875383423,0.0690668637238023,0.06551967096749367,-0.04738284003506863,0.0720750466834447,0.01126221698554105,-0.03854828181394938,-0.07468653077821005,0.0744475518836072,0.03910861199686926,-0.0935188219222486,0.029585129231502905,0.011254922121993052,0.020958914691547377,0.019408207326090457,0.07710961739130417,-0.025004636608045656,-0.06511769734329463,-0.05812601030018993,-0.025598539054812533,0.04391568005989693,-0.035252517868828756,0.0499006794955654,0.0045663535145539875,0.04210642583621158,0.059551763282575505,0.04101267710254515,-0.014001309986849909,-0.07411073513966236,0.02514294841439244,0.022224009190317376,0.02654500230640914,0.03838872580586112,-0.009938265198250747,-0.000854210092906307,-0.037450494566183795,-0.0834886138429218,0.018932446842021174,0.027760840185066294,-0.06799640772988114,0.0008254173568898229,-0.005545280839972169,0.0056271766075565045,0.02284233328629648,-0.020281081805078323,-0.02483792980759045,-0.050473915652953984,-0.0056268274957617485,-0.10418789561988728,0.03516928407199018,0.035531796837617896,0.030798911386843437,0.0022477475264882697,0.05970299032343322,-0.007435337571604799,0.0627503444480295,-0.0072679005995474315,-0.04955895006513701,-0.0027542408153953105,0.051791521981367064,0.011065020535486796,0.010068200718887635,0.02232761309333088,0.08802340133022538,0,1,sport
40,0.08512159188986218,0.23131979974217443,0.02700735919731741,0.05360963733486557,0.050398106790809145,0.006410976478516732,0.0057430374372755685,0.16003296395452157,0.0651184375244531,-0.032087397443052786,-0.0019311363233354682,-0.02357348210476406,0.024442628311103592,0.05179072096338237,0.04785248875180483,-0.033073781762418576,0.10749988014908757,-0.036603010616823334,-0.05310455074995229,-0.004786593012651157,0.027585950545002173,-0.038914026634612665,-0.018295167695224976,0.06212141672123016,0.009525912919310589,0.04906737239896823,-0.018825927574539474,-0.09976500983806272,-0.04452600865190458,-0.12747212116018847,0.17360469417075058,0.24507371728204855,0.08143060316296283,0.2008450313412873,0.05653682427036483,0.1668332974144711,-0.026673940901755712,0.04839324495023757,0.2628775968912914,0.16990675435464428,-0.007677539865019089,-0.0009097229014030216,-5.752781595293812e-05,0.09437517623979037,-0.05409546359868904,-0.026330775026930497,0.07447677765044304,0.001894228227424756,-0.021071553853504767,-0.01655671108898405,0.024752886923985716,-0.05488914697134248,-0.03218514490671978,0.05954599223363382,-0.11621724187036826,-0.031484996885434456,-0.04188702225181775,-0.0263503860594528,0.014538381231671234,0.12508906176539356,-0.03772364946091053,-0.03212455644972677,-0.009721936126419745,0.05807433958706136,0.10370245164927969,0.12118550013051645,-0.05152840477421625,0.007324215834407113,-0.11460183828175796,0.06893791804203585,-0.011924975497265998,-0.0679238994366291,0.019078871028220038,-0.0403901607264619,0.0390161734364657,-0.09564116192769746,0.031923875662737425,-0.0399637122130831,-0.0516015172603539,-0.0915204056577204,-0.02341761950534038,0.05308666746475081,-0.03459251020193269,-0.08602467029734359,-0.026494351248707047,0.011104225125138468,0.16734324021159255,-0.022978634653432785,0.12243532198486769,-0.12482518420779126,-0.0792816348305369,-0.05509778195247421,0.0536445521119684,-0.16798032488166414,0.050246625203291435,0.07795367872819563,0.040811511356845784,-0.027122445555836337,-0.04650678643882063,0.02727069138590973,0.12314924185175101,-0.07482861978051776,-0.03904714367185362,-0.04438729033278939,0,1,sport
41,0.2172933241811257,0.03228858346824447,0.04639334209278129,-0.02714727954504966,0.011452082860584342,-0.003443577266782028,0.07059548514165796,0.09244427386656597,-0.056175493136127366,0.5524709831183374,-0.21789868697897813,0.11151141780011023,0.11722645978956828,-0.0620883133797291,-0.10642383481192008,-0.14273254803412525,-0.08593645995890875,0.00344944130862311,0.03909413300619279,0.002126211777189523,0.022646145031353204,0.0450107421965296,0.013881932836864523,0.009510776652861524,-0.005805038681616834,0.004379927298241069,0.01844498540328198,-0.019803388762376296,0.00012882429844813322,0.01856937520081252,0.0400757554668242,0.005837515191494517,0.0158074244865467,-0.01780841981353478,0.020050243311922608,0.01049877757604316,-0.04633888941071976,0.014281539099552085,0.08931216615991708,-0.156206322981314,0.03580087171408755,-0.05048368431977446,0.04529091995502091,0.001022505323650059,0.024647486065858946,0.04272506236798422,0.08375279570443397,-0.03446205496861328,-0.022177857639538272,-0.07526144272947394,0.027139453568791987,0.0019388093270701827,0.0652834000412637,0.026617032592310026,0.025966090869429505,-0.008153991584783195,-0.08490422393457259,-0.006845119065049409,0.04819408862488675,-0.027575453090721114,0.012392545655303136,-0.020020257688232835,-0.0076004831103191235,-0.062100944455437825,-0.02611565530176042,0.013555073368627529,-0.04282255500227174,0.03539604727806372,-0.04090477823371863,-0.028307855805087222,-0.01934033062006164,0.05960997830143395,-0.011214227216087148,-0.018915878325817807,0.0648908907258912,-0.007184911237226621,0.05600921748184031,-0.02214073224584902,0.027964305265641465,0.04952016388523305,0.003028523096346035,-0.022380544957020843,-0.0428093242520748,-0.018385484466388897,-0.02330066264851385,0.06083485643346304,0.0175318179402712,0.03992408634993258,-0.08439915729764665,0.023332433654826203,-0.04327549366160113,0.08953525193085371,0.08962745329522785,0.07929221977743851,-0.01911961399540674,0.014659061599196607,-0.10780080654815027,0.021791734399878696,0.04947811369913553,-0.01239115938335173,-0.05824158216716494,-0.045032652101488053,0.029146691723570824,0.05558539654272245,0,1,sport
42,0.20795525667262862,0.4571455125660358,0.2453874412935347,0.2166277056330638,-0.0943806257568519,-0.05956991784558737,-0.26112486788689565,0.0708090428604996,0.025076263603492334,-0.0678773619938386,-0.0009250377014171455,-0.0014370264563682738,-0.006237100299442274,0.0040942027395845845,0.011501208929736113,-0.017308799872636366,-0.005351049757873105,-0.028497506872696428,0.021455595760212325,0.02461510375460816,-0.01927055462103269,-0.0031099950811916146,-0.011542818643343925,-0.029511143565637995,-0.007180867521991391,0.026307844438416727,-0.007225333768703459,-0.027771654269042167,-0.04930398336642764,-0.003240677705399334,0.03150190088049127,-0.05325607307109517,0.02053243595146109,-0.014707120835934699,-0.012924383657603768,-0.04331511283961681,0.008364458149246912,-0.049256976855908796,-0.07595936218057693,-0.06268767401567478,0.012636802075933507,-0.04298542315208967,-0.012643342394599608,0.03203214390637665,-0.02376930273944018,0.024084465488319738,0.021387512254136286,0.0052097722551499425,0.05221030204694331,0.05352970627560819,0.12535115686589193,-0.022386120248777643,-0.01616445532314606,-0.011748498947751583,0.009272115854708883,-0.09378870770638532,-0.035962098833823494,-0.10585758374466178,0.04579879402778243,-0.03450910302013265,0.05579551794760237,0.05100670367361518,0.08015927203047057,0.10392131264949551,0.001600333264174388,-0.006462859646806594,0.057970093710993306,0.024425115226466655,-0.0695638969721553,-0.07759824677010224,-0.012793090224382166,-0.08194187299059547,-0.08349381019074154,0.027432240632962523,-0.03610849255705214,0.004688158387680742,0.09878386314458677,-0.026766581131396475,-0.05379644555097448,0.0391314438260352,-0.05154362410231506,-0.00947271322045199,-0.0625495120010409,-0.011664407107403301,-0.03688250476963609,0.018839753018248476,0.017112196115845742,0.001988532360585402,0.04412717568332427,0.009533404430524785,-0.027828526526187846,-0.0014791879662742241,-0.0639881607376072,0.023467376066815343,-0.06924008189209566,-0.021457122470156163,-0.016901897491277473,0.02307228447102654,0.07036694981798411,0.013680277624259858,-0.005187277177406217,-0.010561273300991785,0.06261354300780045,0.010483905552043316,0,1,sport
43,0.03563376143009301,0.22162904014953305,-0.20667708982263447,-0.05410948129520886,0.32959951009790134,-0.060877846663990265,0.10922109125280312,0.2594845547165998,0.157608860367744,0.011688158646617298,0.03935071536420804,0.06551985455729803,0.0004977547451910434,0.034968375627952124,-0.005401408083723507,0.02820847667252584,-0.012231798206767005,-0.027491989220957552,-0.02644495737230971,0.054950950576998066,0.07482661868662047,-0.0903656926979533,0.027585772367543216,-0.006727453200764351,0.02908705927017568,-0.04777164709168528,0.0044295126269988565,-0.019167239264415995,0.026345886794521396,-0.044702894025425904,0.0024127636562707184,-0.04476833604498751,-0.011978796109013654,0.009256698650197638,-0.01304421638339888,0.030896838519292955,0.004443662096248242,0.044908563015100426,0.07484128016528545,0.0753119480096445,0.023574293568542296,-0.09438108250694165,0.06696932508238071,0.0009719564308266251,-0.04223222791932733,0.06189914788158361,0.001298438245589055,0.06894748275367239,0.042932055814152985,0.03004210547165017,0.04985439406401545,-0.01501028040603777,-0.08048252708426097,0.04226643675005787,-0.0013577315885142903,-0.0531706547291507,0.001827396258264992,0.08952036796542906,0.09211967240401127,0.06404572789181696,0.07161462220310545,0.06498978010235028,0.027374903279575466,0.035330545896627895,0.09682402019710021,0.08691078873071734,0.03774651729703838,-0.07814273367136336,-0.06792158356509059,0.05100671247535414,-0.049780448949733255,0.05073350664374159,0.06805036955957625,-0.0018465160761127516,-0.044871506763361615,-0.08503404911821927,-0.0717623432850954,-0.06880676737347996,-0.02669495834931674,-0.10764878119416232,-0.0027561670408840773,-0.06465286489388228,0.02406410026536834,0.05953189495722809,0.060113714094696236,0.02429771212261194,-0.048985054069577046,0.020303578171487785,0.04605446934155633,0.03049360763046376,-0.017886893995640984,0.0644659382785443,0.14459948059458702,0.00011764058229245613,0.008260356543642454,0.002412657295106572,-0.012349573933325643,0.03330367730444517,0.04274211205667842,-0.028559241067753545,-0.08244866063885398,0.0758440531420957,0.058770554797348856,-0.024344935080170174,0,1,sport
44,-0.039505589181366055,0.10134840374667033,-0.08308798060561737,-0.07244263116064072,-0.027730114443925986,-0.017296560237387713,-0.0739141096448623,-0.05646022701656847,-0.06454291921578323,0.07302478936081262,0.0390132849929093,-0.07493984744880239,-0.06790231394051795,0.01622656328501576,0.1256886264595324,0.1479370156694559,-0.07671746529920308,-0.10476995398639795,0.016315645147033857,-0.03869426798978705,-0.05579143483758259,-0.03537689221805549,-0.008419577872494937,-0.06858545254691892,0.006308038041981799,0.08150446987417263,0.030423175957243035,-0.06651597125501221,0.018314282424840577,-0.009305794998941987,-0.17789495402015867,-0.08207509590417951,-0.09917389493627207,-0.00812768210265489,-0.021145799232203725,0.05682195361823698,0.027971676583320216,-0.011267174059943078,0.08882839163017585,0.026348107309949634,-0.2387196952992899,0.17163268994269817,0.12855821638254794,0.1987925683710897,-0.0010747114684028043,-0.03405477316494157,-0.16016830557164827,-0.13784215307061284,-0.08671899064363864,-0.05437570976495857,-0.06896434769980889,-0.14358237631428003,0.08069087605343822,-0.03245382902532784,-0.09182764901790527,0.024350178785060333,-0.013806403335684175,-0.11558755417408574,0.22700958696308415,-0.06137795926497423,0.01624655837882674,0.2237077775454401,-0.20835569075329893,0.03881482869006653,0.042768232288544136,-0.03556750897305269,0.05466489424888077,0.06258976444038597,-0.016237414890790006,0.03761439935999783,0.036064817989536924,0.07824979757280956,0.11670788386439256,0.02471219702768918,0.11379450935259784,0.0015185079283182188,0.09256491220897438,0.01411754128281403,-0.08841176533054014,-0.004503296975616667,0.07310681426135208,-0.02268331518015687,-0.02757910450053602,0.003935741408210914,-0.04800679409737055,0.15019220623397123,-0.0012947960716879273,0.03578289859198726,-0.049748979238900135,-0.01463092471409828,-0.07583716141975404,-0.030508893009087962,-0.07707914152388284,-0.013888345356948894,-0.1090220880432792,0.1625882078716665,0.014584869955569409,-0.00410797780870526,-0.035632081921886695,0.013356900298827409,0.05568579285637213,-0.052607153976494674,-0.02709760079735779,0.024537448332682017,0,1,sport
45,-0.10276263822752221,0.15853393240487418,-0.2253544203782178,-0.20506275345963537,-0.03714490507914892,0.00013758163307667304,-0.06741290772261357,-0.029554055370563968,-0.14290922313816976,-0.025413090963384396,0.10054937898750797,-0.10359045353643732,0.0030695664052541975,0.08794029366959744,-0.06290783592456746,-0.056478960967404006,-0.026924122007816687,0.01300665605512709,0.07002527162736892,0.037819612460746686,0.0260435733738367,-0.037721912655972266,-0.007835906245524306,0.009092516175142795,-0.021216637806234055,-0.10159899914143111,0.020932104078206636,-0.010480967832308067,0.07144334594594685,0.006847403210092305,-0.05653024152302512,-0.09641606412874336,0.009714312853231186,0.027657914113305506,0.06755039990862798,0.10543172333388685,-0.08130160491956455,-0.009793668541523413,0.055846871650737,-0.013179096432292047,0.1372420402491912,0.04541077259863109,0.07946089813071197,-0.12926226003621713,-0.007445076246936483,-0.12282794567791523,0.022296232640218898,0.1148417515715895,0.04806651498440435,-0.009285870148403699,0.07610655679162309,0.05703387846954259,0.07624999440396836,0.10894694772506804,0.0024577707858298996,-0.0634247562633273,-0.028052151863310795,0.013036050203779582,0.08530263834397675,0.010448412664041772,0.03519744255736629,-0.005960455646408004,0.020794969469432083,0.02104008051429879,-0.1346634423659281,0.06735461449573393,0.030395549986788804,-0.03988363735313756,0.1537828419201585,0.0329054788952084,0.003874090477599856,0.02019080544590095,0.018209280233412978,-0.04977977526674562,-0.028085959485502895,0.09143650352465589,0.10831292155144848,0.07769338795078631,0.033914400896404746,0.06896428718211368,0.005832109850079686,0.026092394264224664,-0.07402204303478936,0.14396080760313354,-0.1689954281558038,-0.04731706814238224,0.036999202047657144,-0.09468548328196823,-0.11189437786096033,-0.10316497553340528,-0.16032021140505276,-0.13079470123552264,0.08251609077785482,0.009068400085895765,0.047538921117495705,-0.0488235168307401,-0.029155191490680733,-0.04017792490164243,-0.005932651009885421,0.07809807222426086,-0.17720432879431197,-0.03972548314820815,-0.055232899683611884,-0.08023031111370142,0,1,sport
46,0.10770406155730662,0.2056559166093546,0.20984847506427246,0.016268969410117438,0.08308034468105638,0.14180413164429065,0.5746334876354173,-0.4331336663324509,-0.03125906225093256,-0.07970862813896896,-0.039507882413728955,-0.05857703218371506,-0.0064373037663634945,0.014020290143742599,0.016682659443077962,-0.1135557204577864,0.025271260444066357,0.05525165320716125,0.08736654633897635,0.05502448406603854,-0.11224301520976862,-0.21101160127930715,0.007477146350130881,0.031856140598832884,0.007892092172001269,0.19232346596735214,0.031079102448706684,-0.06957453958015757,-0.1298760637076625,-0.03444303226977845,0.06188521627473649,-0.20314829505157875,0.026580753831569954,0.06283383757876618,-0.036716386710035555,0.02736841931423426,0.03399051268809813,0.006311128060884955,-0.03480545326753346,0.010486336201844863,0.0011151528734078453,-0.01133776580434345,0.009467256163787805,-0.006540006158623495,-0.005740655146664909,0.00675534898531212,0.0046421859301576645,-0.012832082988391788,-0.0024165009492964967,-0.012009358318116,0.02876662928158827,0.0005714645185220201,-0.008812406253723901,0.010462272279917868,-0.0039754867790492395,-0.021928802745275314,-0.004910568869154258,-0.008406504280241903,0.004377975571107431,0.006496023142253859,0.005165457251585399,-0.022107478630946586,-0.016537693354120114,-0.015305356865253,0.015439694204671443,0.018333013858616826,0.003547605452493209,-0.014561215336074088,-0.007736201029627025,0.03459154039881731,0.011469271454344454,-0.0015918601152064564,0.017769494128641775,-0.0011820357605363452,-0.000287899862063819,-0.017474535433705397,-0.046273646005372475,-0.0023385091663619536,0.011475760833736547,-0.0012660450999868844,0.009323200485844924,-0.02304738776586713,0.007669916545294698,-0.006227090458993108,-0.009773328363341775,-0.016048765198959862,0.016186764496260657,0.004326027198232479,-0.012091999070883689,0.012967523773733416,0.009378795996561452,-0.003983346418150257,-0.010892321761016453,0.011161969985022991,-0.005198956361047777,0.002501503877019905,-0.009928435014270223,0.00537460705913234,-0.0011272234455935127,-0.010238559925629815,0.010875427094586578,-0.031885644360169246,0.006747108600646983,-0.004467761468860237,0,1,sport
47,0.26883776122124103,-0.11607525698717547,-0.026141514336779508,-0.014353901940867343,0.02216885559607676,-0.005588073700430067,-0.005214698060698108,0.0313144353019614,0.01005119610921216,0.04799511724806438,-0.01984990780636092,-0.010358508334644677,0.01794302575313502,-0.0105270337182279,0.02216530336971055,0.058863073962048075,0.04395473319824335,-0.02382246944823535,0.01146123949466582,0.0305451309766555,-0.0525763798616915,0.034324173577475435,-0.020989764604471238,-0.05075674611354346,0.057521506547030886,0.07649918302643949,0.09140963648086807,0.005306007721151995,-0.06974610058776994,-0.10115062560542248,0.05078108305571252,0.04783290442245071,0.09761610726657799,-0.050747272790599235,0.06146939563145877,-0.11194717752150998,-0.04543483875665324,-0.13858301801147357,0.11055113728398083,0.06667136359244807,-0.09963568308068944,0.014163134081126873,-0.0014933629211946753,-0.028626094424547395,-0.20867904481433153,0.1059298674605478,0.04535732260883083,0.10757692911753736,0.0606621100933885,0.16559712363646056,-0.027488711960757084,-0.058471002424267664,0.06415501094010444,0.022562543390475007,0.02971380597183852,0.023079573326262842,0.19953342072546798,-0.07767024811909114,-0.15689141277830895,-0.06820043015092024,0.1319537160212132,0.09172353012973768,0.0854415475610646,-0.19863217561259477,-0.03500739275723498,0.02614690366651457,0.15382564689224482,0.09737011079792703,0.13131478271180652,0.06302454456479736,0.1262420704958776,-0.07326875437116775,0.03929757967999203,-0.0214013877233483,0.20235953682464242,-0.06866867411858113,0.21912299591282106,0.00045561747026059415,-0.06612647992505973,-0.07957335552200283,0.07048209859586153,0.12328259807896566,0.11939743271445992,0.02431344606688518,0.03542941971684439,0.05364586041996764,0.006492418591676634,0.0018836195451688098,-0.14449507237638629,0.08542984830369874,0.14039627985772035,0.04427935808389973,0.05684073345987229,0.0075904092179373975,-0.01589562222974529,-0.08747393610592512,-0.03921135132474618,0.05216711668047289,-0.05287411089096691,-0.010069995836493746,0.01137145547844393,0.08359267028291226,-0.08901910919491726,-0.04516611179613909,0,1,sport
48,0.1244800184151192,0.27144102195133774,0.1322706008550715,0.0658232575992312,0.009422295948472336,-0.011592439678423884,0.0005059495470443625,0.03711909537637288,0.03020065385079038,-0.03835064870062224,0.006282685179523441,0.01844296023164363,0.0009657478481260778,-0.0007932067317897462,0.03181295428659174,-0.002361825092673495,0.08878542733701734,-0.07216217552692061,-0.033462526795152145,-0.019331158380198825,0.014277775586062783,0.008070157961836081,-0.026914933125326883,0.061710497693365,0.06772182486278215,0.03565953932309174,-0.05222025298547144,-0.09288316334919902,-0.030926360103547663,-0.16474131992606555,0.23022750328608477,0.2868344790769228,0.04271359542304984,0.18262007705797587,0.06289160105318628,0.11206101532493294,-0.02266417246910207,-0.030914876156052193,0.298249264390814,0.17583779252849613,-0.03932831204065442,0.10957216215285949,-0.10680196485090969,-0.014845740647326406,0.01506813058673413,-0.036058929860027795,0.06473886185492327,-0.033494773322911196,-0.038701270095292374,-0.07174972303856261,-0.05699575104466635,0.05144606650917939,-0.00012027796812722045,0.03480175965350833,0.04902435482177103,0.025283537259698004,0.02940032527842223,0.012095662119586445,0.03939780136440411,-0.012427479800806319,-0.009688859861092709,0.041134161861332924,0.04821987552375647,0.027282820931449184,-0.019379359239511867,-0.02527085756214763,0.0809302666393846,-0.03499783672263794,-0.04032722739057847,-0.04912203231953158,-0.10067648213926621,-0.04355358831599514,-0.03112882733798829,0.006176650866213815,-0.08880383598394813,-0.05911993598810625,0.05635455614932699,0.008313518830848599,0.006635955035674294,-0.10462526918085625,-0.06913684785596019,0.0756663440984883,0.03538005693815498,-0.024753940054905433,-0.03047114771025165,-0.010654055544325266,-0.08908377892148825,-0.02939789251218369,0.01019498655071391,-0.11943563772571658,-0.11939426626601785,-0.006286089122345627,0.03852015142486775,-0.03789107692881938,-0.11578145665882605,0.018557525319803918,-0.1033821490249332,0.022178228433997124,0.013896415738799366,0.05070411889522436,-0.11301909325580417,0.05910235559680589,0.03396414629596456,0.016159284756376353,0,1,sport
49,0.0343775659857795,0.23976874454887634,-0.1835685604564431,-0.11104555686367161,0.2705318300305203,-0.05503910041814232,0.07470713723718622,0.20343946268749857,0.17992633715530118,0.012077512875241468,0.03213060187137056,0.1127834740154833,-0.008164753244010212,-0.004304397350495241,0.02846589130505916,0.020771437359250435,-0.0649761628308552,-0.024828166880960595,-0.07253727601340515,-0.03053614562889871,0.0623400551115706,-0.055898497952113824,0.01727016710138731,0.07555228886059716,-0.0031521344096685257,0.008923693755682392,0.011794487913072575,-0.022620136364986766,0.06909437951663286,-0.06793264425297589,-0.0005055986173631481,-0.01952474560055361,0.00739177345956086,-0.0006345324837563658,-0.04524820654510403,-0.003974158442033052,-0.09640553125109565,0.10212740663798221,-0.01958156157450682,-0.013789631468574932,-0.017530458435941632,-0.009985547314429957,0.09565223184382468,-0.12471743500923102,0.08030354642236512,-0.08141973189273684,0.10150656586063138,-0.03527651676912184,0.043820012850704054,0.01797747459572519,-0.10560692237369716,-0.017251125843556505,-0.0019407675115921264,-0.03732008702957793,0.006860371681495985,0.04011659732343209,-0.031150381275079835,0.09653018486614029,-0.006450055396785539,0.09872621243752827,0.08992497304784333,0.10865233908956289,0.03068946215982696,-0.05571552039616052,-0.03553259898550342,-0.008970684378062716,-0.12970027891634886,0.07068090870765094,0.08169083933430567,0.038704497383096524,0.0235102812633405,0.10339874227549349,0.050924623159636216,-0.0177684149112188,-0.09008852838696545,-0.05122411965417964,-0.0884599129951152,-0.08962641472804964,0.02086757459562378,0.05289136766121671,-0.015104089611914503,0.032045401141482015,-0.08131804118377121,-0.043576998089853027,-0.015690621295035068,-0.024809161852158118,0.02302271896389545,-0.01197246005226311,0.05114338850738685,0.1216560222675416,0.034915675703252366,-0.11394897322919342,-0.038010952580857335,0.03230371710730294,-0.12513133911945945,0.002899514156480815,0.034262957988693325,-0.005622967210770266,-0.05336267089064372,-0.0729122338742117,0.0007466227460514728,0.010242492543164575,0.022344178689031352,-0.05151180936494553,0,1,sport
50,0.006812489887736462,-0.002973276614883716,-0.06275587531789106,0.009488726728158021,0.00025725561115927094,-0.026701310767179097,0.002726556566655646,0.00010966603744293386,-0.08788938073915367,0.16197623040713968,-0.03039126536438048,-0.045962763600861614,-0.02837975598431714,-0.0017852654172203337,0.1254694084411618,0.08569516779709707,0.09919739247203928,0.035901607360800426,-0.008853384675542959,0.10341433151033688,-0.12971265572823454,-0.011784373424562558,-0.03791209255440264,-0.05968999046536061,-0.009490872765790269,-0.023571689557223597,-0.0016990950751494364,0.015307838814380224,0.009718943073838728,0.025071835689756742,-0.009581199913376257,-0.029652120759978126,0.02517615161688701,-0.018555359908900476,-0.07726624647673358,-0.04830653258160436,0.045415898370627136,-0.07033013509843601,0.05551170395445132,0.02928272086665462,0.02202254601975713,0.07220864313870468,-0.09738776882246192,0.14486556502368358,-0.20197931848506367,0.01751309540822451,-0.06959430287826329,0.33753956302849825,0.021793434860841766,0.01109157093388347,-0.14771470596179184,-0.20505578565774682,0.011069944477487458,-0.010001540007232614,0.10129507038183251,0.12876812906446647,-0.10274797227159564,0.01977152575952634,0.13290359886039535,-0.08157514491927546,0.03425856140367466,0.006547702591667,0.10376511141813194,-0.04422019996239325,0.025224820810367362,-0.04574234548612646,0.2535950462685032,-0.12272743610737732,-0.028776887127730067,-0.008228474588276039,0.1025239867274511,-0.027601218416011594,0.009110097645443719,-0.14827606575632832,-0.20645387051700542,-0.1667679618693743,-0.10753087638402102,0.0594241353268392,0.12933790250497462,0.14301627932584265,0.05985764135191704,0.021905201843614445,-0.10667955483607419,0.033968408993334476,0.08182667805202765,-0.11615933851730717,0.09805280329549082,-0.01460498010806699,0.06556101509222105,0.05292830901238581,0.044389230231519756,-0.014539030913732476,0.026225966166966406,-0.026960779462111742,-0.06506808969939133,0.0003790707963332923,0.05323298784427599,0.0327499307910156,-0.029050784998138096,-0.05144166370002365,0.02925124466106917,-0.09104641813681696,0.09529849989550271,0.06517130229839874,0,1,sport
51,0.1932997334001737,0.47710162179192134,0.2804854747047267,0.24041874485377562,-0.11569066945014261,-0.04571056628033414,-0.25669192009900793,0.03862978800510869,0.018020160712367436,-0.10252879395754325,-0.002753456182355576,-0.015022335738479855,-0.0018562431055229778,0.030274591472138995,-0.00430794747461058,-0.03363979191097968,-0.003970455793289822,-0.019540454324135682,0.025837542080000244,0.05768356604341134,-0.0274250821624308,-0.018995560051463734,-0.0014679268080991647,-0.018349133827304687,-0.026011847631204534,-0.04389229147258788,-0.003018737505628097,0.012928425886107769,-0.0007060626789247669,0.0661018307232005,0.018036343174946585,-0.029204050795893065,0.004866162325337198,0.010473312272433602,-0.006915137281600635,-0.010076199002561632,0.0016933494223513835,-0.04174704283211504,-0.029591219903287294,-0.061184890013423504,0.010159560091175442,-0.05083913163975449,-0.02147277404031977,0.0704116685210509,0.005204378545744212,0.03196468975617992,-0.003721763188106109,-0.0025447425741468264,0.04371344949989869,0.008865053566868614,0.05935778885772105,-0.04207384220370697,0.013682857219681323,-0.008119268147130865,0.033754157087569146,-0.032941840307667274,0.027288611489735895,-0.06813807510773826,0.03501888549301324,-0.027835099948617586,0.06836450921264282,0.042288861805979724,0.0636614223826681,0.05327538891549341,-0.025802191282595338,0.017928929350785137,0.027477006032325297,0.01230028831647548,-0.11080257304483669,-0.056472544758059885,0.004974042449578311,-0.028555891426113655,-0.07713397394498572,0.04694201074228832,-0.008777437525642707,0.04126189884813922,0.06399087698929831,-0.022785931505925828,-0.057988040705723394,0.08023843786427896,-0.00016653284790607315,-0.062401556711215285,0.04005856910263855,-0.018876881221256775,0.019202395032342823,-0.06921917530827426,-0.04001083586927611,-0.0038684844652536418,-0.04394487389304188,0.1533718387003549,-0.032703429986964794,-0.0219563505172319,-0.023402164256844073,0.06881474500576804,0.010082822218991509,-0.03131085025402003,0.019451257618894283,-0.012333220650294657,-0.0038858413998897655,-0.01981250548744914,-0.03488818357452903,0.02539855304873057,0.026591201346576197,-0.012201365835260825,0,1,sport
52,-0.06111847273113167,0.08533850090375165,-0.14701538473660378,-0.15481971013355947,-0.07803054124439064,-0.01132292935402951,-0.06715457659578662,-0.09679655607289706,-0.2042192297217475,0.09991486053632834,0.008250682160393536,-0.13573372179507545,-0.02628253571511354,0.03755446174312246,0.10762073036315724,0.10083890303008043,-0.116028949615954,-0.13879521906185668,-0.03334851149464053,-0.031662062164897226,-0.030539488879614215,-0.1751471979474382,-0.05459390994874634,-0.11186163985568018,-0.2035594176557971,-0.07584711603582257,-0.1970371043312298,0.06823596731133245,-0.09324129310289828,-0.09543887368725915,0.11184348444958668,0.09882516465565934,0.02887654334220567,-0.0224172117836606,-0.02889042933019304,-0.06124905073341525,0.09269436749921228,0.14593544257421542,-0.013533040291781578,-0.0737444710445039,-0.05280396398082711,-0.18184009638907256,-0.08897891259473997,-0.025720351087909734,0.034269605370991406,-0.001588136394043141,0.05584476946654532,0.07863521757748658,-0.07989454421134624,0.014196304491142352,-0.04265679117880659,0.06676224493076122,0.013389273063741257,-0.10481234143109538,0.04391780040274154,-0.03789044619118317,0.08033402891673116,0.043176164809465296,-0.010231379271117749,0.024920406123249222,-0.024928647971443663,0.04788141165041349,0.017278600214574804,-0.013261879864946743,0.008174407218520531,-0.0539591646126959,-0.0134212086170883,0.015336036035815839,-0.014034260231755016,0.032134700396602565,0.10939098010947151,-0.03145171044672854,-0.00021242903003688564,0.08223995783640277,0.0635677025186878,-0.032721352834248554,-0.03002518717774741,-0.03943544552022399,-0.04740550629788864,-0.01344440059738975,-0.05137989368070389,-0.07360147506143216,-0.01479004789938957,0.024921566153158048,0.06387921386859464,-0.009584003460272035,-0.05813568150967553,0.07605402002983776,0.05723914840602041,0.061585976406115364,-0.03494423119626033,-0.003927044934843235,-0.06227275486704817,0.016341485566701487,0.04731566329927625,0.034475516308189125,-0.05371502089888956,0.10884211252562101,0.07526452064331454,-0.04729917444105067,0.0640865639434163,0.009130470430486206,0.07799274767722289,0.04120877902417594,0,1,sport
53,0.08010113987460087,0.21155605732147437,0.21350240677538104,0.0011706048531732068,0.07441086260885915,0.14150928963604303,0.592582088156547,-0.45226440564796183,-0.03807702642676242,-0.09792388498109669,-0.02678856815575955,-0.05514053903610779,-0.005448638574739729,0.0003826097921891867,0.011743451347338,-0.11140851851123,0.005684755673691846,0.06823424164965668,0.07847130896065478,0.05496617276729237,-0.0896957127790599,-0.19731809779254592,0.0010599766577083572,0.02274485341321008,0.009607032242187051,0.17645466053276485,0.03281471776077419,-0.07225836174334026,-0.10935478781250466,-0.029436462836786328,0.0662866868214615,-0.20290539332192123,0.04142990477826422,0.06308322880612194,-0.018540075215077948,0.004306271187749583,0.01156435190580773,0.03002917419026775,-0.033281429122215295,-0.01800935240217492,0.009862016363846503,-0.008766679555619971,0.022836074290286477,-0.003831617715617391,0.008350254909543884,0.008170035172836024,0.0030342498808721037,-0.002369541836734073,0.0026763928917884596,-0.0036707562787606906,0.028444449119526222,-0.0028351604178259685,0.0021322692775145977,0.01495401003981907,-0.006744372678257844,-0.010292516746309167,-0.004221468037426788,0.002938437326865874,0.025016823249595692,0.0040759177879551795,0.003732317452033494,-0.008903727710190773,-0.002906187797554848,0.005468373391058703,0.017555037206654123,0.015750452803681484,0.004211185205152745,0.012953289380693754,-0.005537682156188508,0.038431694307362124,-0.01137546055380035,0.01352481330948517,0.011111567667866497,-0.013701812034531986,0.0248837501462673,-0.018797424459203644,-0.003664929409715826,-0.016513990129576682,9.160780982960118e-05,0.018331082550798954,0.004120776000848516,-0.00824607508426426,0.018892237135335135,-0.016107140714821413,0.010027466003920064,-0.018155445776707378,0.009913951502170323,0.009757108719602472,-0.009518529206016209,0.01811091830769592,0.0018850831600330277,-0.013542961390025846,-0.0016698952235872939,0.009789294330600114,-0.0014533603864701704,-0.032959686827424534,-0.012630975451998675,-0.006682896895109078,-0.0003010943124396803,0.015192499007257136,0.014121751111365514,0.013010928481038592,-0.017530662715674147,-0.0003273785934605271,0,1,sport
54,-0.05919900139323502,0.07231652552668817,-0.075364771620731,-0.08569507861024052,-0.02317528494147518,0.006481288259561007,-0.006734162770882765,-0.054182098076765536,-0.17786192539415968,0.00916942557974416,0.031941874555323345,-0.15151025098190563,0.026622554763477354,0.05492788650291637,-0.11359030503715874,0.06350403021482864,-0.017292091213240927,-0.14754897649492715,-0.018510724859622484,-0.014359077523027187,0.15243233258207575,-0.05676848458205138,-0.05483095837242369,-0.05827981867305546,0.11600116485108446,0.008817547785039596,0.06214852654674959,0.00469040067014436,0.0014446988106447975,-0.14330663069004188,0.12372422035624243,0.1358525930370268,0.04794795055638969,0.04328640942086985,-0.13410162837134051,-0.09591140879011972,0.03724591677420309,0.2421580104760862,0.01081428208538449,-0.10613468486307771,-0.09099260801695382,-0.2258744434413531,-0.09299273456929277,0.18474979926322418,-0.02882745347541486,-0.13766315584118563,0.0008454119493708057,0.039675729248990425,0.050199145649589896,0.30731325575109325,-0.002975724626791427,0.04299157740062401,0.053898993394094936,-0.015034116771203804,-0.029853262520116754,0.039009733210976234,0.04674312224262635,-0.04012764537789205,0.12078642414411515,-0.018865998300577697,-0.12317777282120802,-0.13556600296559632,-0.04653996745944379,-0.0689239721647847,0.020997072024796486,-0.04444721171365536,-0.06376676154953972,-0.006686931057753515,-0.008284979451302816,-0.006962111602322193,-0.08083438642478612,0.14111922101098898,-0.11193029477523411,0.0008894839002447888,-0.1300639539464468,-0.08026895106058093,0.11007758771965669,-0.07754801395477719,-0.05581970390510104,-0.06487311854174363,-0.02525767800472524,0.11888580708186561,0.038225793671117995,-0.07142990986864768,0.0812934134969845,-0.006550406203374189,0.1157190350159841,0.08190643375108798,0.03636689921481284,-0.017649776738827037,0.10953026730535957,-0.033314228659972266,-0.024523414656345385,0.023312820575226757,0.04162586409290674,-0.03673915712530364,-0.14007188815257207,-0.06093821656505494,-0.018413066242453285,0.013932858092179232,0.04413980374720473,0.013218693981531748,-0.01313367402135114,-0.02823628693923752,0,1,sport
55,0.45458680072171836,-0.24885540996237074,-0.08021968017301015,0.01604026165412784,0.013929466649447109,-0.04269914902150571,-0.03504268052160986,0.0031454316493789757,0.0014661435191559355,-0.09613574715766839,0.03534445459400098,0.019412579999274295,-0.05065710508408265,-0.004014409576486297,-0.0035167774450347486,-0.0092058962569471,0.024105419134421838,0.014228959133722326,0.03667266003752193,-0.03684500595803762,-0.062386358179392976,-0.008379727174129862,-0.09340044551999116,-0.07762552269374708,-0.02393023047548922,0.09157276555347214,0.1399326027204847,0.10372006115101619,0.03656936944741518,-0.011474979644482465,-0.09731825986640713,-0.010077224388662417,0.03211406669159761,-0.06503164325807982,0.24868698714295887,0.017615669155463472,0.10254290377474982,0.1951809078161884,0.03520007308727145,-0.07223578722290876,0.02391474609868423,0.06534626208539422,-0.11933387282184763,0.06590310973978102,0.16123420229548388,-0.01934696462687615,-0.035156943506101934,-0.07772562666906586,0.024522040312757037,-0.06552683005507848,-0.01908713812683212,-0.001707602603353298,-0.04509618254698826,0.0024629714088411515,0.04363563072914387,-0.0380890960231916,-0.03143313746706082,-0.05196713271515896,0.03247881136664354,0.12862949205744145,0.029564906940845737,0.018470967603502496,-0.017558077259113028,0.06021899396469186,-0.02856182071614254,-0.05856427102736517,0.02133359554396045,-0.07044427520587675,-0.04245971386807818,0.0224139046566139,-0.026829586501644184,-0.0237362929096014,-0.08584464589489822,-0.047616601583795236,-0.06560979929483764,0.009463918851559344,-0.045815394268667875,0.04994449722545181,0.04931104368520231,0.021977727710200207,-0.040948988914321936,0.07403402855219686,-0.003287537031278542,-0.04479751124666441,-0.031250134721813684,0.021995050521394135,0.017821297476155337,0.035414673478752476,0.0031628853983988138,0.11593374093695123,-0.021241840676826967,0.018202014550719528,0.04023248676477705,-0.02025215454357212,-0.02194917839362437,0.0014069039619601664,-0.03882138352802137,-0.044822430052873105,-0.027726264932981647,-0.058188604268017544,0.04215004464807405,0.08542329937181715,-0.01753101978834378,-0.03686173528694103,0,1,sport
56,0.40952636211317617,-0.24328403114942587,-0.07109659117589179,-0.013680442209165294,-0.017934820416546874,-0.0030180366057028,-0.05213746462344112,0.0004815273201637771,0.029130444728589673,-0.1690665541877252,0.062257977348300866,-0.005852759263804756,-0.020378533532096937,0.007887355583768359,0.024627944762690056,0.02432251142057995,0.08468642147026952,0.06165743452237471,-0.027693734184225185,-0.03604197613389901,-0.005728747477350929,0.06211586074049217,-0.048968838600269786,-0.03572230341434389,-0.08612045455913987,-0.051416868207099155,0.052601071512570916,0.05884282220855394,-0.029586857699843427,0.03202378471988109,0.06214256459609776,-0.04995756129522031,0.0183461745109758,0.1476705629994685,-0.25390102266609177,0.056756809000732635,-0.020824584129250513,-0.10819652908926233,0.0702111560091785,-0.19775102667684227,0.09868531355541266,-0.06455846369476222,0.007686965506457603,0.10084615112892474,0.10194452103398262,-0.03184701671544093,-0.01972310622159472,-0.09625709133416115,0.07643062843043949,-0.045058823728289524,-0.0035705282917909936,0.07296332316703932,-0.05570291468400475,-0.02720634248539256,-0.034063375262888045,-0.045428313474190594,0.033888876596486255,0.006864822711110059,-0.014274879958286652,0.06539882646272098,-0.050453987193344575,0.08764319059151265,-0.08088221282589324,-0.06914215534373121,-0.007256045612185485,0.023833523050801126,0.09162023446816672,0.05769037778148842,0.03723100409580699,-0.0784177499372725,0.07061859764434063,-0.007594456372497998,-0.02716669684239582,-0.014688948651058954,-0.04569266490610004,-0.05799645096388463,-0.03947437972935472,0.009453960382326222,-0.002806762524274365,-0.057732419485000894,-0.06434126758163264,0.0015076372777226182,-0.029089937885989212,0.02431705900424532,0.025385959879361156,0.024958791605154275,0.018364198508838955,0.011915845403609859,-0.09674550102979504,-0.01088935619583944,0.051867782975765164,0.018047882446810604,0.047817731927977745,0.06830859405887811,0.040076735203032225,0.0010382058380971441,0.002955745893159354,-0.02983281813030208,0.0791197898763268,0.07673187429266869,0.018675834910131146,-0.08313981642189383,-0.03421247603093079,0.04003974103836536,0,1,sport
57,0.0877432387567329,0.17871704704294591,0.16481334872296075,-0.010437319416973805,0.03695439881800023,0.1016031024351082,0.3752161282950498,-0.27221600406020874,-0.02633181242043764,-0.04135869819580161,-0.03306927916440747,-0.033442823184461866,0.012337302894881335,-0.003818683143289848,0.01062786548212757,-0.02389580314515991,-0.04663281737374159,-0.0025051730649393762,0.024916779943975655,0.002101418351883613,0.01665907246484555,0.0995752462196181,0.004778223535832859,-0.03956045170927131,0.011198635025385493,-0.22425702377020926,-0.012947927509920382,0.15460397300546327,0.1538959787521403,0.08694342263307946,-0.13024955585562278,0.4222465123028119,-0.11268066117412251,-0.152383034736543,0.0531150413414976,-0.017450107900965964,-0.08567096439370347,-0.09585850105241095,-0.03254490926202713,-0.13142767159603222,-0.06726596413705024,0.023962635515446803,0.022324330467128707,0.09522461100991858,-0.009159106232805905,0.10059566229655785,-0.05444051649565227,0.03838223191434717,-0.0025763862348930616,-0.008104447617631374,0.1808511856742662,-0.020403707904528175,-0.03461929440126617,0.06840217711383799,0.010690014716504258,-0.13144691585450424,0.02550153448916373,0.05378218127852838,0.04075714550509537,0.0403601852082223,0.035067970968641095,-0.0012721603348710925,-0.03404995082198701,0.006913770803496577,-0.005107771159610225,0.018952222936801644,0.014486610078035787,0.035811546116300094,0.049675627954818946,0.11410887501202437,-0.0810022195501485,0.02554143378169673,0.11275807926668366,-0.021005159374651843,-0.028389932897614694,-0.08058510204120942,-0.04875944648794699,-0.03964910045807609,0.026906460258765228,0.015844033635766128,0.04066505764452064,-0.023601532226187764,0.028692132902024454,-0.04724653972759172,-0.010258221731876412,-0.04155204812376443,0.009511743259302574,0.020827560531962344,0.021086820392318593,-0.0091047843592995,0.0019419281494305154,-0.04195088573467216,-0.01664398428218941,0.0020086562688523095,-0.020315734719869936,-0.06537273521259616,-0.029540965658966238,-0.0007093491113537799,-0.0279104179014576,0.04316064046479167,0.026761242234944985,0.009321321170145126,-0.027461465895328357,-0.030360448278989993,0,1,sport
58,-0.12633646831513345,0.14811504684367846,-0.2902461510064175,-0.23527250931273566,0.04884041470876849,-0.01714582050258975,-0.12799747198135264,-0.08535641829392586,-0.13737517040867517,-0.11575976530837624,0.07894316372700787,-0.028691285635060827,0.10484700613468557,-0.0687940444064002,-0.1553108020361046,-0.17122949093083195,0.03138775451267671,0.1267386847352014,0.08974442763522396,0.09860396428197406,0.05290179817690056,0.132900993115239,0.033233834638389186,0.04175919662498221,-0.04464927244020964,0.07655671624887174,0.01758167797285193,0.043857446895677527,-0.1713595204427087,0.10223694658536907,0.08044898260677234,0.02582049660219657,-0.18056753228698924,-0.10697890239074136,0.023949400168948864,0.03252139709995711,-0.0482669058544792,0.033975629888356174,-0.003031398652937827,0.04145469631851712,-0.01678743555514655,0.09342211365339471,-0.019346318645848685,-0.06507385169208077,-0.018575646102838655,0.046018439877540986,0.03957586151229777,-0.03612991690773454,-0.0775077112301545,-0.11573158352015758,-0.05182767735807098,0.02146542674881354,-0.009922652473158924,-0.11386598887261921,-0.0190082586368916,-0.021963803770921147,0.1282931223510547,-0.0002562941427669992,-0.014477971315081667,0.02777501313825938,0.025364892748796712,0.0072751983924303635,0.01185971137128591,0.00417320216474136,-0.0344037159428498,0.03553732250595566,0.08564845623876814,-0.0387338884589963,-0.05094414098287183,-0.0250021454360591,0.04006860769249243,0.0007012105391251341,-0.007560831878596982,-0.0049489001148753774,-0.007311782731759397,0.02617094651651068,0.00894066631932283,-0.007337007090408893,-0.02735618223085376,0.024305712043773596,0.04518578607753875,0.0021763597290300044,-0.02991449748016089,-0.05468191389303727,-0.014908956594151675,0.03584838214858223,0.0015140987102007723,-0.01777288780271058,-0.00542896222212053,-0.04519332797567321,0.03690874410250857,-0.0431857791241909,-0.012450039617087056,0.009823896642764304,-0.03293786704722049,-0.0024911056447338574,-0.03772886632798477,-0.058628290805857776,-0.06306752253119567,0.03556002399495471,0.001669224929333179,0.024855161857832635,0.058826900229289665,-0.03259710208763417,0,1,sport
59,0.09733022467167377,0.025720666290122485,0.04294425729510532,0.07026878668394848,0.050433796104845115,0.0037036241642654545,0.06656910152410103,0.020359052252776087,-0.04096628931586767,0.09751447975359395,-0.041937974063435586,-0.0851720633985674,0.018946801181394197,-0.03755322913908317,-0.09803922269183085,0.25337738915981745,0.6608003688953664,-0.10030144470394459,-0.0798808709996721,-0.07834605126424495,-0.030890946156571085,0.018885930051685054,0.02045891677910273,0.11172634788970023,-0.09314443389343158,-0.023131116727983285,-0.07263905905884543,-0.08929583780611966,-0.02753879317201733,0.004427249814727137,-0.05288107054198882,0.0164385675450334,-0.055708234223387595,-0.12238522386171326,0.02343971719395469,-0.034717562005293974,0.0037074962685323966,-0.001129640278025247,-0.004577799754218118,-0.011363738534854407,0.0024932425524128287,0.004194082284473572,-0.035200182418793406,-0.053295053367872214,0.03449844201469206,0.016682063321203092,0.04791080040045761,-0.020986056865741887,0.007458244341460542,-9.519273249767456e-05,-0.0022021192585665057,0.04481086307798119,-0.01031301857287623,0.001081157510065419,-0.021691458308019503,-0.006322458642932504,0.001802933307114511,-0.022830582154588025,-0.03716412339680688,-0.025276908804274998,-0.027243617425509046,0.015035885387997433,0.0228773347802554,-0.04615941568156064,0.003887040528689543,-0.041267282962922015,-0.004840683752342178,0.001138884370539512,-0.025081844364022103,0.0164401980203913,0.03531286574261259,0.019135307191669976,0.004199604191052678,-0.026898452765595198,0.06112113510258188,0.007147118462196553,0.03646696323073056,0.01752616011916619,-0.04856188932176724,-0.04761182365702975,-0.0813636532917483,0.03886008531914317,-0.011258799463054504,-0.07826967492136443,-0.04598138819212706,0.08772166645306315,-0.06737878533683381,-0.04237013983355686,-0.028405160438164788,-0.011805190152817415,-0.04011129977875048,-0.05048856402416237,0.021731206573539608,-0.022000340044520006,-0.036431958943214444,-0.11242744384780971,0.08071230173909795,0.06794072509235398,-0.009783566060012135,-0.08029941823167147,-0.014912739372495555,0.03817237387734759,0.003991858054689768,0.007457691091834177,0,1,sport
60,0.10232533499526156,0.27504694121286505,0.1390040177181237,-0.0011468341647037652,0.08856665025064042,0.07297087192947294,0.35367471915957926,-0.19039021550244906,0.0443738833765896,-0.07536751599306975,-0.005593370760793542,0.0138983618484304,-0.017668025366157407,-0.00045220793941178517,0.0459369890707377,0.009613994953559534,-0.021706456266965272,-0.009194313432531263,-0.05786999135649024,-0.06206063052585343,0.04688627124699784,0.1738569726309631,0.0011320189174980032,-0.01902909772695199,-0.055964214522448,-0.1335641168800199,-0.0093403231574884,0.033772104020663454,0.10037977610756371,0.04324255844053348,-0.10524367075151983,0.07939054642256932,-0.019098944873792274,-0.05360189793557081,-0.03159951079344322,-0.013939210670372706,-0.008790715349388094,0.03840896139448518,0.06159675884161389,-0.0026161260730670436,0.012032654546918155,0.020363384225614838,-0.05328797088379619,-0.05494251970318574,0.025441254543554493,-0.09174077816454132,0.07096218246200199,-0.06626933512129975,0.0017898498509517208,-0.02559382589893477,-0.221293011632803,3.6179399159050934e-06,0.0018835814794924278,-0.11696204505274192,0.008102571243533306,0.11321763613943021,-0.05587489996809942,-0.051135166909167445,-0.05973117390386171,0.006760799417189984,-0.05841106806473041,0.07310479791360003,0.09257058239467404,-0.07524631165953678,0.013289466802633286,-0.044665864184645944,-0.025840221298559972,0.004662021809632726,0.07143024485224996,-0.17324062413283176,0.12168482926493868,0.004954033832458365,-0.14292276094506512,-0.015145661126363355,-0.011740397170867249,0.07268576453496463,0.052770671463541564,-0.02734936147659098,-0.015008910684061646,-0.03881285662834424,-0.09841318059160324,0.049856232056754046,-0.10655624328767183,0.10967781075998219,0.055225307456828236,0.07207391327911596,0.026471679026870743,0.012393938602145561,0.04369544524181822,0.014377374328431537,0.02934904591892241,0.038054101565042506,0.06449195587129383,-0.01592844644412031,0.06926666808482651,0.013090241702141282,0.07989677243765844,0.021526860893314678,0.06610004516191424,-0.09260441489280978,-0.09851134632535334,0.05182129816479434,0.1910579001083251,0.047871120772046555,0,1,sport
61,-0.09512821843388575,0.10658112402254885,-0.2280848866039597,-0.20579896570564246,-0.08017396421963424,-0.02360759308132009,-0.12858065130525886,-0.15648165788833546,-0.23511044230898548,0.006390000411126613,0.031370653366049044,-0.09432627362523695,-0.030454796185834968,0.048044778023114285,0.025018412867095344,-0.023520603491919655,-0.043754745973622014,-0.021865432018285086,0.013716154579665048,-0.03271519479613524,-0.13097321137314882,-0.11885364128029689,-0.0045273875624130535,-0.06403351245853908,-0.13483972466624192,-0.06797355228329997,-0.1457525311181103,0.060629067914549355,-0.003473638755677736,0.04784922586860833,0.010017555960488757,0.024144725307556073,0.03872446371134828,0.018024537248484775,0.06457943615451188,-0.0032617593972426896,0.04149297770364135,-0.034284262282067636,-0.01961240553636371,0.02401690268673321,0.03857878573384837,-0.07064502530477389,-0.03492409240384419,-2.479233631059438e-05,0.03449604988144651,0.0339250361655431,0.07347255524402092,0.07286664313408056,-0.056440404032422974,0.07634282242625319,-0.03433356597008032,0.03493890921662678,0.05424051517127179,0.02849381863567504,0.006344557102237485,0.020716559791970835,-0.029129341532635626,-0.030690844292454555,-0.003043546742897655,0.018716429265083316,-0.002424840016029002,0.07901105615027784,0.09316987585191916,0.03303184811006763,-0.034487973090385905,-0.05277346892954262,-0.06981442083505504,0.032721265413098784,0.028756111229889563,-0.011009289107501721,-0.013653059736599605,-0.013730140877680307,-0.02096954149944363,0.014889689090441565,-0.06190466299632501,-0.023203932239346556,-0.04277248960017996,-0.08303125243669782,0.10097011026622868,-0.04150253374080549,-0.049221462815320464,-0.08034236784864437,0.025711388907104348,0.07763477261744033,0.04870827703983638,0.07307583006224855,0.07615556283213369,-0.00047553707652422353,0.02290533196382971,0.07294044080436964,0.06004714417894288,-0.09941567000165367,0.1275828831645704,0.04130042204887143,-0.059867075763707985,0.20393712996329913,-0.05676308641256013,0.06473105494604264,-0.06116975971921983,0.19404785315971604,-0.05393586638671849,0.14893520375941952,0.024127220030163894,-0.09270778806754205,0,1,sport
62,0.20276792546393468,0.4605451949467045,0.2683849417609149,0.23837980710997866,-0.11061906421449964,-0.04891233296086474,-0.20583343068360865,0.023002115731347344,0.0004448493359455257,-0.09920546177443323,-0.0001855165141143341,0.0027780134363645085,0.004557845336097737,0.012290340930760814,-0.008595357742717233,-0.06625476621257702,0.013163358473698105,0.007124755807714734,0.03361418857317497,0.04334675527510462,-0.04447639519018553,-0.05715008538716553,-0.03743490442540277,0.03270307986011053,-0.039447239333301694,-0.03314951498628266,0.016427766282748182,-0.002732952577676594,0.045357101984288,0.003429515869264486,0.055341746042199345,0.0545697032152348,0.02385914733359313,0.02462440816698945,4.9712449537806754e-05,0.05970068926285868,-0.008305947113673067,0.01803136530344064,0.12184530289301757,0.04716294968490626,-0.006263817064071948,0.014077636584857688,-0.017248359510713827,0.022679136652018074,-0.039115032856427985,-0.01182841650867641,0.04352653251386852,-0.03318475705913033,-0.04466120365845676,-0.06880188309361805,-0.06125652396031207,-0.02512081861537992,-0.03445171002859137,0.010682906189459425,0.03084801523676828,0.03304457291781926,0.04878711313001532,0.02734351149246511,0.013846252491777102,-0.02200371504664767,0.024297531330173386,-0.04361552479419509,-0.035781125185667166,-0.0014732444975239008,-0.03419757621228422,0.0252896688761962,-0.03188731414142247,-0.009802763057003162,0.0034197503313050637,0.021575378283929292,-0.013192436567273522,0.04851608442788299,-0.007041302790158685,-0.026188417850744883,0.03070197447601609,0.10542809667233492,-0.08483173494940513,-0.009852478656042118,0.0186014753333431,0.054577654898814505,0.04181436930239656,-0.06222400621470473,0.037647533573801885,0.05204916232771839,0.030593789199527294,-0.06469189112429638,-0.04992591564935965,0.011051726920870409,-0.10491773253645251,0.11886505914080438,0.053445316641750444,0.03718874884808057,-0.04022303056561618,0.14913741592692875,0.07795046303386935,-0.023966284998270915,0.035476001178571255,-0.034993388782226506,-0.0323419116154679,-0.06327481814278661,0.01779437446013441,0.01453200165396612,0.002461101666570518,0.003934651995453881,0,1,sport
63,-0.06725038790291764,0.09953647082283652,-0.24733204140640225,-0.17778202132493856,0.02350404541456142,-0.04860667278040987,-0.10249402543673143,-0.14161284290146478,-0.2319632234950686,-0.04379261969384764,0.10186207545504941,-0.1135152226209908,-0.011148504804231827,-0.009835971527559563,-0.12443513617782592,-0.14867220872915413,0.08201367892805364,0.12736600303652523,0.1520339387387263,0.09173516862294233,-0.037029538273632985,0.10009684561713642,0.006527619611096347,0.03253248186919577,-0.03779238203157257,-0.035909862294665175,0.02911825715419139,0.13292314723768792,-0.08969635339312892,0.07899382573500908,0.035699900522303325,0.016108161340106956,-0.1878011575220375,0.04461881551663456,0.037266285597794394,0.07935138866684,0.060091381662131044,-0.02539177341780277,0.10477817041760681,-0.025487802089134877,0.07289293028047397,0.05396928961740891,0.024047321507429796,-0.06624079617350716,-0.0428920573565736,-0.056642524820976536,0.022345942182231376,-0.011071230389702619,0.04441950861169699,0.182064610403247,0.0022685697310313403,-0.0659071682378491,0.024384474246443414,0.16185832970647843,0.0165999269927011,0.062719273434477,-0.11552106870424397,-0.04873683861828869,-0.00037517589436298867,0.011881384103862441,-0.010895932212611837,0.12123641928263838,0.07952484887447635,-0.03101795808114923,0.08978340498255999,-0.09932023493001073,-0.09595455826176702,0.09553294257890123,-0.05387537182407342,-0.04137198648936849,-0.07509068843783687,-0.06336334508929142,0.049831852110519353,0.0055981064734408285,0.09188939582101734,-0.007779541999365219,-0.05142646191079878,0.1763274917097846,0.0044482897915305,0.040148069852340255,0.04323940518767843,-0.05896018855980731,0.04364727081726742,0.014828608157908476,-0.04318141189273428,0.0252664458040865,-0.09538807685377151,-0.0558798767070327,0.06971694735935435,-0.01818950118487105,0.03690067636509235,0.14312643568456612,-0.01713750552045177,-0.026883514201445028,-0.020202036579659556,-0.003864459145506902,-0.009275985004944608,0.013920376295017406,0.04792940797579714,-0.01070254524567757,0.05372314878330218,-0.03828398368473575,0.03693770514485091,0.0026876585541916,0,1,sport
64,0.11696326361658625,-0.084710054815623,-0.10827434930741883,-0.10520219066570208,-0.09159377712494943,0.021208323315774033,-0.07691246822846323,-0.011053297598003388,-0.03423234927108421,-0.09516899565800713,-0.008477514106434183,0.07815833044372161,0.019474943938966198,0.009082331247806757,0.02084322543312013,-0.09385130137511978,-0.05465194403475045,0.020822338663989262,-0.03058994301749102,-0.011629823036555915,-0.057974112980868325,-0.0025597249818101867,0.026764532302483376,-0.0240920080378511,-0.01689040839254014,0.027030060656751512,-0.009826055569077693,-0.1451685367778867,-0.0079110392273829,-0.008565968756274335,-0.06979714249192018,-0.04993301060381634,0.030522870492147247,-0.13820459968960835,0.09429244860477048,-0.10528146336430057,-0.0825570091528432,-0.0889369168210533,0.08996514255009087,0.060457206633918334,-0.08732566312927383,-0.05633889028464879,0.05141012913674631,0.050266821276192544,-0.10677791250840701,0.13904815072040824,0.007715962883462542,-0.009488891482076867,-0.02463992745161229,0.09047110186086661,-0.06824053408017597,0.04106487484192361,0.016422378316535265,-0.007480183437410576,-0.14955799576614046,-0.04429519457687335,0.04225279608338022,0.05004573018526221,-0.06922740032299363,-0.03758685561746597,-0.2153018726685654,0.05214074871159618,-0.019483951005336966,-0.12992893241862064,0.0685542699048211,0.15121480770783086,-0.07385124057780718,0.035771119651856115,-0.08794718962490264,-0.08485277763359735,-0.16093314015003535,0.04017462532151427,0.07583113223956789,0.0771583419705363,-0.09429907595760398,0.026400577351681543,-0.13109084064419146,-0.061791431857830086,-0.046537862720802625,0.006132990079072731,-0.16512113130352635,-0.09602438447909492,-0.032456976553462184,0.2519153691784494,-0.10398726030892713,-0.06366950546529511,-0.006391957855259144,-0.008113627022250365,0.07055355083804431,0.04552912078007854,-0.05886698007611491,-0.06258799161238002,-0.0323304545400837,-0.06723774012199732,-0.09827229808767607,-0.07366530215905612,-0.025591267019971477,0.008700573547650482,0.10160163288620194,-0.1932478256170883,-0.03010553351429949,-0.06619944856979798,-0.04765595867989909,-0.0252088382067069,0,1,sport
65,0.5314843851776262,-0.29248901016913365,-0.05376836542046086,-0.07003167920929126,-0.04021512338360419,0.0010382599362961469,-0.05841826079480913,-0.05961533221974381,0.06272738836486443,-0.22374971198998012,0.05216512604455117,-0.01943850563517753,-0.016859961649976066,0.02294109134923616,0.015577999814675314,0.038337962338015855,-0.0338317951657984,-0.02842783461312619,0.004098313986076231,0.052285878060426685,0.05070453292642048,-0.0032486718817072925,0.07796484692270493,0.05898847371760903,0.047029563361520706,-0.06543520723368113,-0.13917794850547802,-0.07358490192146319,-0.006147893024429356,0.05990386996353692,0.041003570951594855,-0.027238300372708905,-0.05344697580759866,0.031215521424832814,-0.10534572120149142,0.0029818351220993115,-0.04639910454935755,-0.013503796956183907,-0.0032899951208277688,-0.09514362740605105,0.029698396419475668,-0.026415960280300868,0.015395216737437357,0.10134693083127583,-0.026310833502784247,0.0030081722168884017,0.0831799874164096,-0.011205411915696215,-0.010977041846001219,-0.06154487363963438,0.0028956736925224414,0.003714831719867541,-0.007900345758172524,-0.02381029308445158,-0.007366831091619005,0.03380581749205132,-0.03650556686339209,-0.030444240470129967,0.04954385637581828,-0.05337578181557074,0.06285556101776012,0.0018731907316394845,-0.008929164325152119,0.021957605709800217,-0.02241213868186285,-0.023459619743121277,-0.0427257854900202,-0.005562656344446721,-0.028571208043724965,0.00012953927589454898,-0.035654890788058634,-0.004188776410792628,0.05090673803682622,-0.01613286583962077,0.07124985263582467,0.007500416835548576,-0.0023245294440773978,-0.08121452156155048,0.05889727235002154,0.040395255430577384,-0.06196984711324209,0.028028018300736892,-0.0718017920834409,-0.008257306107048336,-0.0203647024943298,0.011565925108263314,-0.040443723823073055,0.026865160969941234,0.028037225957906704,-0.027745007747945163,0.01796675203034807,0.07219505000464749,0.044330143455822764,0.026442567412779585,-0.004663845302288378,-0.022930878358098927,0.010792465565588405,0.0035087235426635283,-0.032411809552323735,0.019778220791103092,-0.06301134448075213,0.02803410508342382,-0.10056439870409148,-0.0020214137248823587,0,1,sport
66,0.1046413222530472,0.21377251157372115,0.22056454044460966,0.011994541417397604,0.08460178353866994,0.13105159613462233,0.5749076034875896,-0.42996661066554726,-0.04177733316387032,-0.07853399485891698,-0.026871536784970663,-0.05437949290848835,-0.00668788624297881,0.014544662220318754,0.011712023656095557,-0.13467936476704007,0.019288380720498443,0.06777514997073676,0.07214585111043678,0.05741519174113405,-0.09863050732953713,-0.22863544571984798,-0.007864493462294257,0.033674648888963224,0.020337006431122167,0.21240196064885014,0.0313966838536709,-0.08959669487233575,-0.12193717991545397,-0.04701824781764455,0.07900636411033472,-0.20392664767050467,0.049809942615176406,0.07574686468682287,-0.04430582546373927,0.0031942105442003916,0.019789369715726545,0.01155796424072002,-0.024135423820253084,0.023061811757745757,0.017016185509226216,-0.004518420178942612,0.015470841310506914,-0.024974650905833586,0.012494552308987878,-0.010481504600448869,0.014929890637989076,0.005942169366290159,0.00033850935775854357,0.0006644429264812252,0.017089569238710113,0.013455334438648613,-0.005965966653016207,-0.004032121674652045,0.003208491040794327,-0.0035292241464471357,-0.00913813786960619,-0.0027527753049683534,-0.008842485592310701,-0.007455557593404408,-0.002840150896727565,0.0027089942667308034,-0.00262151582353059,-0.0009050511000589735,0.006426240930893181,-0.011410565906144279,-0.003464187979221252,-0.011774868896484705,-0.0027656821316745664,0.022920162962916144,-0.004800979314032424,0.0023725186895338507,0.005345767623951367,-0.003267113741592386,0.005157210079314082,0.003921805508289929,-0.009469876245784423,-0.007859271710532316,-0.0011243327519213126,-0.009651128162393127,-0.018638556323348595,0.009714471724791576,0.0032954898771664835,-0.006194071448750952,-0.005418995042126858,0.024446070785738436,-0.009068321119498667,-0.0012990765219013036,0.008394987844797055,-0.009076286014688737,-0.001992531649579702,-0.0031487520527684718,-0.002425375025030157,-0.01384151369738464,-0.025804131265247676,-0.01542338798920622,0.012706534629783724,-0.0001710537442549842,0.00255674105503481,-0.00022308447135975707,-0.009483672197076302,0.012859782564314675,-0.013894398430944345,-0.014241789483977484,0,1,sport
67,0.28154547644697264,-0.16998653403319383,-0.025296166202493642,0.060793223065441514,0.034946844284345004,-0.05007612243539231,-0.00892891143610507,0.01397757384083984,-0.01301595594444426,-0.043037944067443705,0.05143079588201759,-0.009619805385003568,-0.021111836942539822,-0.014200588503026648,0.006877096545670572,0.053302423173594786,0.0953605242078361,0.045237215759308655,0.0027197834913931128,-0.061615835217847026,-0.1477286686827938,0.00999276609567378,-0.1664956342591178,-0.1366121900685783,-0.08791653074344023,0.06060371075705386,0.31434969216534575,0.2748166826211953,0.04268650437041876,-0.013767456772120113,-0.024880975129565278,-0.004786326636045733,0.06985106440322615,0.10706490610781347,0.0013821311050679563,-0.029541223565437424,-0.06568775146221366,0.08614439923929397,0.02704604671386963,0.06586547176715854,-0.13688365338205524,-0.07252703847489796,0.07221395103678402,-0.1042075621044236,-0.0045985904771454296,0.14839586992040027,-0.006862498496009133,-0.03089793997071764,-0.05947693109927682,-0.06458698868631331,-0.0170378975054008,-0.04875835610182905,0.22071455127475056,0.04973665821138308,0.043944978264325585,0.04232496233529828,-0.01744274759745649,0.03321840704355581,0.048428745220532206,-0.05630556549550123,-0.026563879172029858,-0.09766552248159362,0.13930944564450204,0.05989825097637754,0.030037181774430762,0.06547622423849625,-0.047207052633408506,0.006543655235173829,0.07603341991247627,-0.01325178140977292,0.04089543335511014,-0.03501948819758177,0.04995561846432402,0.073183900067573,-0.022551906499939947,0.04782793705221166,-0.04046433517546915,-0.027723942519440117,-0.01870793562635019,0.04056648729001993,-0.05457968150268894,-0.013622236696165796,-0.016228336481221146,0.04519541163729794,-0.033503861065283476,-0.05377986254303534,-0.008620924839087031,0.0005230706453613898,0.04852367744126196,-0.03559255478355681,-0.07307288484544726,-0.00985531917260922,-0.030995190208886504,-0.12156274921872676,0.022686428249009724,-0.020775720940762812,-0.10955912330875729,-0.0669606127590093,0.002697319547515456,0.028748768182366713,0.0034148656090665606,0.06742760320651893,0.05944316976785668,0.018063124814494513,0,1,sport
68,0.01416719432726199,0.196295445222705,-0.11243145906410561,-0.10918312325150421,0.2129774670116767,-0.001714290710587491,0.19881339191666628,0.11044152629356668,0.1721716880779018,-0.012040029664310873,0.03230655943621991,0.11539800481751279,-0.004629925037431511,0.009329717333523406,0.045086876986163926,0.08485643641614583,-0.10139684629139002,-0.056909663805181254,-0.1320278229093224,-0.07118629344824132,0.11257415735787205,0.3135736550640095,-0.010242169995140372,-0.09013508102246535,-0.055889226068243245,-0.14057894454987166,-0.04528460576471044,0.059272153564671096,0.08339384689612894,0.03266445963983668,-0.09134868483078354,-0.18089918254735,0.07725748993009397,-0.019142914868136598,-0.027647888370311027,-0.03292658901066597,0.011796703847244046,0.0645337069209897,0.05815154925489641,0.11389400077854125,0.10117370413957148,-0.11248395892040233,-0.037098398257853556,-0.07354248260295769,-0.010402632184513892,-0.06535992114924281,0.035234089397072496,0.1066379652253592,0.0255358038538876,0.05653401927328884,0.007110773178028758,0.030347194064731253,-0.025044392120838737,-0.035453494087618616,0.019415301691014616,0.059062247404311874,0.037314837515476734,-0.09616169520754664,-0.043069506264526325,-0.019612771686684766,-0.04158917367890331,-0.04013570457806012,-0.00314774894804267,0.09069173652534583,0.017501161437342865,0.04712642069838826,0.0361314356774564,-0.010369640973922557,-0.20333918854666025,0.08464129233356452,-0.05907688310072062,-0.018627621778413407,0.033885376371380144,0.03219668890798248,0.07617519656103076,0.07389286629904644,-0.036599386528900636,-0.017709508990082966,-0.012076606339380173,0.03980412047370379,0.09604783164455266,-0.03768950920810744,0.052079089603613994,-0.06293618375077165,0.009541129209309098,0.018550395408240085,-0.0099790576417161,-0.04768957303488955,0.020660708491462447,0.0437100004461698,0.0009734406568185759,-0.011015800385505096,-0.051425702696614124,0.014733314169431605,-0.06496031102180579,-0.032529767401325585,-0.024024413889319876,-0.02010650293912647,-0.10050980663248398,0.04632185974248349,0.06815610685532246,-0.0516564171737243,-0.1151341826740044,-0.06958072335932992,0,1,sport
69,-0.09655982274289475,0.11506857377076796,-0.1997028154454975,-0.174914672116485,-0.02538536045950864,0.002085027304496632,-0.08745812843829301,-0.12759822451691044,-0.2850055973294548,-0.05453844560461189,0.0523771512813391,-0.19482323879756985,0.03764683578884191,0.06569866577154058,-0.29541351011509276,-0.11370154470077748,0.11041316108448554,-0.03958772994449431,0.07741516865532315,0.023658094046087343,0.11923043435611555,0.06835961682683221,0.08579304188604038,0.02963721976755728,0.26838439880344717,-0.11248139538711145,0.20517596451785067,-0.08553916290213336,0.17346934827940697,-0.04352736994971067,-0.06125239101969948,-0.01953804180659485,0.21595306469605632,0.11385084101162138,0.011992746184435653,-0.05353841451376328,0.02710728329209645,0.013690788421884318,-0.08522555503588325,-0.025027042255395586,-0.07371928780262162,-0.07980244187443605,-0.1415890798654228,0.07195176196744607,-0.008907875049755683,-0.022725047955858352,0.012858264480959428,-0.018438150917194668,-0.056644677287251706,0.005312773789028143,-0.04313398041493152,0.008752317433565663,0.010795831397663063,-0.12027371522819051,-0.010246260619785943,0.010872464657394958,-0.01776437550573208,0.037098846764986496,0.04365760631589827,-0.048045864276005885,0.028410045010372652,0.022603846909147348,-0.04848366779152672,-0.017888463858124575,-0.007548064078126681,0.027583016144378403,0.0025553380337268103,0.007973747156669878,-0.04667603778609873,0.01609564155477909,0.0511725151953302,0.03388927943721906,0.05723553827517294,0.04114218153325785,-0.011583649825021896,0.03581942054091443,-0.016423830011686638,0.035714187848688975,0.017679124423234088,-0.036193287534831,0.02810257982600976,0.083297710810977,-0.024547215005930243,-0.06951035927728379,-0.012877068973990016,-0.022847664622865776,0.025249556066295274,-0.05702475042946562,-0.024915354396636915,0.011401099193420878,0.02273120365636671,0.019585121986041475,-0.007199510045228675,0.05735145003354306,-0.01289969014719617,0.009414070541891502,0.025931811287704234,-0.03844030245090732,-0.02151932353698168,-0.014623919360222004,-0.015439362901147512,-0.02921224292838631,0.003762746791573432,0.03140186582304593,0,1,sport
70,-0.09481648835586053,0.08057661458264398,-0.12220398367876809,-0.1466347725611356,-0.06996237565480659,0.012911795315184252,-0.0633913119189934,-0.1204688091793371,-0.23926332100563077,-0.0258961117274822,0.03795339842882955,-0.14817831279088323,0.030586738430385927,0.04687590528399917,-0.2791020586174983,-0.07836956967755486,0.1608131285077019,-0.03413471730626804,0.04071183118192702,-0.019040415154139036,0.13256550955603003,0.04344638013200863,0.0960323925842951,0.037628896482515634,0.2958599816938251,-0.1784413219015086,0.21003493244566665,-0.14843176898144708,0.24578549733423577,-0.06989352099039008,-0.0935810359047818,-0.07164971282929147,0.2970166500204871,0.15627745730434778,0.03276794260232864,-0.04687193065627657,0.006632237854024284,-0.036558564259273015,-0.08390680736158007,-0.009170667360268373,-0.05430170339006818,-0.09003469928254262,-0.11951120719223189,0.039817108570459975,0.03142306199617817,0.010821522611293825,-0.027787986827799767,-0.009640443633577654,-0.06945803531313874,-0.03934896820587067,0.0021320108669829847,-0.0075133902585843675,-0.00010330353375077876,-0.07183852908433956,-0.002050638206532901,0.0013066016069850084,-0.0618645179263041,0.08110482859993302,0.008402824924337254,-0.014289952659871706,0.081659006159314,0.02795086714118273,-0.0012676860188686415,-0.0006737732995902075,-0.017452323544459965,0.0021658649758453186,0.02970469903340199,0.03151766282730236,-0.0026701807615886522,0.029150064154301537,0.011426242301662552,-0.02558332937166448,0.10004088868230275,0.07563576241602493,0.02888113203662814,0.04005526745119673,-0.04542942070627992,0.022677953852542496,0.02906757521007458,-0.06156377666167372,0.037366925062269206,-0.0027876664620467293,-0.019559062931627017,0.02552409343443296,0.023091036110642102,-0.007685050250347405,-0.01123956973060412,-0.028218586858816005,0.004611064601829722,0.03174314622801206,-0.03689869696698748,0.01537064886543962,-0.006953034175750756,0.03994679335007861,-0.009908114725914966,0.030305920483523752,0.06901123000592432,0.040096606837587694,0.01893345041958753,-0.015010457455886271,0.0012299105678394997,-0.03445515233558101,0.03717142080452994,-0.008106710728388975,0,1,sport
71,-0.08742361567994057,0.076459534599588,-0.11920755082222945,-0.17333609759476992,-0.0692039933485598,-0.058645386743049845,-0.116264083774763,-0.10551986446504533,-0.09375169260385653,0.07452531881574975,-0.007642664506230976,-0.02128838815709521,-0.11078445604864202,-0.003239577381073566,0.1704995137350501,0.03309143478152172,-0.02540530983735456,0.05722160384618146,-0.04167078402585858,-0.09555861871227934,-0.15670148003653728,-0.0027904144655978864,0.04326082001369353,0.04064384693207738,-0.031821360083684344,0.07964899951520266,-0.07807933821240981,0.02253784221325584,0.0006255448522425091,0.053105904634255185,-0.10417055805548206,-0.06128816883684917,-0.0026495683514895937,0.002624361542877832,0.07163953400023772,0.04960987604068263,-0.06206361778335425,-0.09692413437263964,0.01102993185262829,0.07443253928835615,-0.10958373085174572,-0.01954968146987914,0.05446920555115964,0.1642541013768436,0.04872825001605561,-0.0373681093197333,-0.09260611233214569,0.023857218445808844,0.07151897714866047,-0.005202585277878448,-0.04766208290230967,-0.29260232511926565,-0.05869854135401938,0.026034548845249132,-0.052865914926065426,0.0892915977616863,-0.0022819127898273477,-0.0777999701096451,0.18628542493214048,-0.026487440581875,-0.13030870669238726,0.010657323193358577,-0.06251358225189725,0.02871694410811742,-0.05371467953541862,0.026585469689716573,-0.025415642993518926,0.015652856342547795,0.06806439112391464,-0.025279432949418184,-0.01728224371905929,0.04225332117020001,0.043169966582386365,0.12503006110962417,0.028646713982505373,0.0028278617979366682,-0.06885079896602028,-0.020063339582009218,-0.0518661539232301,-0.11427364311168345,0.029373107172903465,0.02711772436995114,-0.045201617742184105,-0.07430429867201356,-0.037954364927860196,0.10011333595235283,-0.09091370249490537,0.06000651025654179,-0.009323435472905284,0.09991878817484978,0.030401279728146748,0.009290912250172369,0.12615976863928327,0.016072440212014285,0.09100570832358439,-0.05627935706800586,0.056885291870916815,0.04079071197930618,0.0447525918355672,-0.0004664294388528624,-0.0514583918419271,0.10556414214121225,0.01636590030047066,-0.030844139210037883,0,1,sport
72,0.19377100812818862,0.43915939340934174,0.2749750745088601,0.2337010145589485,-0.09605887339157507,-0.03888442226349317,-0.18476551623970391,0.041214725524881195,0.012581844217495038,-0.07624445091241734,0.00955916199719137,-0.01348738435600507,-0.005011874924018531,0.017690365418583417,-0.008595588171310255,-0.03873861446101027,0.023125990900303425,-0.039851681073241906,0.006358023768381349,0.03608795733488649,-0.015031906713688169,-0.03542018503940311,-0.030980463528231656,0.025037900043792086,-0.002597398000601794,-0.013671483344596209,-0.011405616727507908,-0.03931717515214677,0.025443498521813258,-0.03920655919018488,0.13387941970631279,0.10293378644085446,0.04117469450525905,0.11966311135850236,0.08105055928602563,0.1099914388095806,0.01923264081538841,0.01739893392539917,0.15979925945495302,0.1348830529256337,-0.0647861610552117,0.037390437656687134,-0.05526340648272842,0.04011139724330328,-0.011983367091303605,-0.0030522822148313245,-0.00504227794097541,-0.030911760388353894,-0.026199559347986564,-0.08051795316917199,-0.03078129207936398,-0.026677730995073326,-0.01832864324442026,0.061427598643657495,0.020032321882280026,0.023038077457064505,0.0786407118743546,-0.017384173092486015,0.0289418634438837,-0.05260767470708369,-0.02386488205687296,-0.0380829882309084,-0.034376738250236016,0.01405050418818645,-0.028447324029619657,0.004015698512538694,-0.018901360740811366,-0.007383592447129386,-0.028311804466350163,-0.012437960395204055,-0.0797908782445548,-0.01605540281893117,-0.0020800371021718477,0.023905560815516133,0.029199176984170978,0.0918705834945703,-0.049345053099486565,-0.006703807423362846,0.02046928318939097,0.07292446913898454,0.07057754609532176,-0.10709977765991888,0.04378622447279708,0.017722072645042383,-0.0027900042371499733,-0.10849303756834379,-0.08796854605441956,0.0030624757329356595,-0.09214447490936946,0.19339179877106233,0.01254332741788142,-0.03472831903525238,-0.037855215629489354,0.09687860441010804,0.04828773366608099,-0.0047664633015794995,0.020785659530424747,-0.0607956527860955,0.010305187266654465,0.054967448387274485,0.021749570763926876,-0.035365308970504425,-0.00858347304787254,0.02786781610121517,0,1,sport
73,0.23791700349915873,-0.09689473292331582,-0.042492433856543936,-0.04605427093373314,-0.033428257852580585,0.010766664584841023,-0.0376526716174474,-0.051295390666973896,0.0069350064298648656,-0.07375747506177993,0.015563563409996534,0.050387072097115855,0.0029176654823306085,-0.013030665720409604,0.028244281573636388,0.00037564090740976045,0.004851480666926717,-0.025413549561756062,-0.03872175840508452,-0.053261812833647025,-0.016912189649007255,0.10147698283430706,-0.057336067694851486,-0.02358404408679648,-0.04213402765039429,0.12239531826488784,0.13697914518386378,0.023705134184117186,-0.15890882583793045,-0.13069700819381652,0.01944188039184896,0.11256668352254594,0.09348022147191859,-0.04790931468089077,-0.048002901378178635,-0.0622344328125113,-0.011915951050472079,-0.21778258577588583,0.12164251826949538,-0.10517829975290874,0.12689454498009878,-0.06802328278441228,0.06795098478816868,-0.046525286208851026,0.0955995461652609,-0.07750142503413053,-0.018301357229968666,0.0308967492638048,-0.024356747622748084,0.050297303432552766,-0.026096733718402865,0.15346896802481674,-0.038189768701393574,-0.01093642112062375,0.00833872510388828,-0.009867102448643687,-0.14272908511032467,0.14253584283562654,0.039246532889260805,-0.06667776909344036,-0.07338711985354691,0.030574131755315558,-0.24904879481616807,0.08699244545870044,0.10585191719583589,0.08286874037991819,-0.02750868573525349,-0.05150444447277062,0.08804662787168445,-0.19439000135394136,0.06838891354595014,-0.005881243095738696,0.14284559098091745,-0.011698328879085266,-0.10806367111489686,-0.09765035832020046,0.01816178214950187,-0.08966968098167269,-0.06076166315478559,-0.014895189496429324,-0.010391087359409043,-0.060111518550158866,2.7760439566764824e-06,0.043259106077483594,-0.009806468038247937,0.013010876934202439,-0.1369135196093175,-0.03053168644709528,-0.0966193776263003,0.069978869385024,0.05047693632193553,0.02941931168904029,0.16107511117215256,0.04482840708567088,-0.0026455601868983027,0.017256742369459826,-0.015953967246605805,0.14075048991619327,-0.18518713370314857,0.005671022158289814,0.048325048934321956,0.014232374686869703,-0.018969040276515685,-0.04561832351696776,0,1,sport
74,0.4248568824922196,-0.17871342667584375,-0.015815674061609254,-0.07093042003565954,-0.06587309339356553,0.01404957554069842,-0.029663145580714995,-0.018479875008426225,-0.008500966332273081,0.03702331418692817,-0.0007840613950629221,-0.010203750591606504,-0.007569061845506539,0.03079117888238178,0.030328324262706506,-0.058340586911190054,-0.07988888296439067,-0.023656846868366468,-0.006627520126918708,0.012422971937025963,-0.008553746860156898,-0.020385381559613943,0.05946596433006947,0.07092792229054991,0.010842272664679173,-0.061725067495629386,-0.11921826249055434,-0.06167110563483873,0.04340042221424498,0.03200536853229172,0.01631726033056494,0.05963339762810742,-0.027381694441191578,0.03155031560207294,-0.05861516895126351,0.061184763340963885,0.007668215476747595,-0.04740243569900466,-0.11766629316155523,0.27586099321041097,-0.0949087016542548,0.016723460804404223,-0.00021589573923451282,-0.1621582251980298,-0.11899008363387695,-0.04221445085964196,-0.0019331071858807928,0.09203465730625927,-0.048721447153787775,0.02363174373624769,0.002581639277613152,-0.04883966894163271,0.009803276436817918,0.03716151855454469,-0.01387615791927431,-0.03986093852593576,-0.02077595322821566,0.013965169583844885,-0.040774988936559196,-0.07256930378060227,-0.005664029067128526,-0.06915121088941889,-0.00796376541038472,-0.12737978823473214,0.03978579296107027,0.03848259868296257,0.07634825831607424,-0.011287278587985602,0.04378790259142792,0.025385182824200086,0.085883918302153,0.05110000515172522,-0.08815476478619878,-0.09240906614216134,-0.0013569538152475387,-0.04182173537081201,0.05542300362441798,0.0005928315153653858,-0.05597536980447084,0.03510247166747542,0.0006215109029110441,0.04496278631182576,0.08925224147029857,-0.019590413372642296,-0.04150631571539711,-0.0045655761193571735,0.00939042275870942,-0.041609939936253934,-0.10966796247049587,0.08699837205279863,0.014414908286149235,0.0036434640403168418,-0.007465019352871736,-0.020111956374379097,-0.12108127896403424,0.01816503519614969,-0.03933791079283206,0.0019274890052613032,0.0643878380697028,-0.07024139392302496,0.08410177695095998,-0.026937662720431393,0.06820788494295311,0.024773514949965464,0,1,sport
75,0.348443617325303,-0.1258364574142091,0.002007908174545419,0.032206802977041114,0.015546746161970784,-0.02800337761156602,-0.013818320741259282,0.009243881015219769,-0.02368020030678465,0.058942813554361505,-0.004418479833824659,-0.00011363630033264805,0.001101095773077055,-0.010203092386170044,-0.010527785830649042,-0.015510875159877056,0.02005713328839794,0.017569795302081886,0.03237831583690747,-0.023281117470526972,-0.062107867984305655,-0.035144209091847366,-0.06694244467587793,-0.06059909607277951,-0.04797627096260938,0.02348197938865371,0.16513255876571947,0.16137679191468926,0.07237515345901319,0.025048600834734303,-0.06089191098460743,0.03150190752553647,-0.013839278143215677,0.01577701343622106,0.05890365091410036,0.05994445745331432,0.032545504854795085,0.12341265830420572,-0.19205931733285178,0.22066071919855668,-0.12647710968156173,-0.06797581429041771,0.04424971933589447,-0.13705657647003763,-0.042785490384473254,0.02322440995206378,0.015732677839917605,-0.043866441386374994,-0.0008428379798328385,0.05662293411985066,0.026450802637665662,0.11310100092179019,-0.10032953345673726,0.09103254052021383,-0.007730459364858862,-0.04177619879985789,-0.02561975716702031,-0.0107016491564109,0.05447009930520214,0.09201882819952717,-0.030423803426421873,0.07006031010406369,-0.09425798768372042,-0.06722133811252813,0.017838190075475085,-0.0627455430868401,0.07531657328056912,0.04269023873309394,0.044183026818564786,0.04407106853453714,-0.02192713333864974,-0.11905656238740912,-0.03441128671138925,-0.17930710152860974,-0.034178419266906956,-0.01648389269173593,-0.043194385574347176,0.05750701810832849,-0.10101063496387597,-0.0958433137509366,0.04498119269969106,-0.006117675206211157,-0.03469646707103018,-0.02685124436407555,0.05039658668867713,0.027129599657371727,-0.049969239799880834,-0.1505228228680942,0.07231847651869701,0.10885115619417698,-0.06213434287545545,-0.005007376252911477,-0.027047253938561566,0.11448045434466242,0.05006872200373655,0.0072429813494121,-0.1142866092395804,0.0947420885675795,0.0378129550595572,0.012059458655073834,-0.1553949193468465,-0.04514969473065301,-0.045082030804813544,0.06992669434028784,0,1,sport
76,0.5638852275953664,-0.3126486239236614,-0.023249187030872528,-0.088143430624789,-0.05492352917234814,0.0058346923517463905,-0.04174556712912865,-0.046402171044046606,0.024111744218131295,-0.21761987605194294,0.07997923370038969,-0.01934437130068273,-0.004617473839953737,0.018529614050527332,-0.007471394479619782,0.034661247955905986,-0.051698392890746916,-0.047151384780546764,-0.019818284895896425,0.055211582367060696,0.1090835080593921,-0.02346129224849025,0.09463436765653878,0.06349409850170583,0.049085231154974845,-0.07723827706883529,-0.1817486088471922,-0.11190150864097156,0.004035150101266016,0.03172908194303594,0.03350367089287273,-0.04270198479131157,-0.05280521962937698,0.010665251285089918,-0.055885311768782364,0.008029254795397785,-0.015610760595814397,0.016642644024853246,-0.00045717975357397074,-0.0722697526979761,0.038450388881432915,0.00144780689730425,0.029094561047377256,0.10105055004133996,0.01573690926711549,0.015732499799898898,0.05495987908367416,0.01350047229045435,-0.02055756970409248,-0.06920158185260601,0.001479006909622638,-0.03095826365037137,0.03905037759823712,-0.0036865192980420408,-0.019103404744409542,0.059119211598305396,-0.034665286182463735,0.02116056971322304,0.034022457692586286,-0.04129031869823134,0.012259885900687887,-0.02703437016475691,0.05945920628030418,0.0472544706234101,-0.004941230214846216,-0.005337087046144269,-0.049474792525880225,-0.045080382190612056,-0.011205689039297698,0.02109549275563784,-0.07385758928088265,0.015305098864014295,-0.0056607860606540305,-0.03597630419504079,0.009590361394921325,0.05633633834968569,-0.038328788924639604,-0.10003799802817748,0.04388363557653318,0.03849773143244215,-0.035758552679486896,0.03930233259629672,-0.042688439986263156,-0.03345347254101234,0.014264654606491246,0.05800479184020007,-0.07549267376060484,0.053369730807372215,0.012015138137108361,-0.014712604631788135,-0.039056130385891064,0.06110404443060016,-0.04231173554424344,-0.030006754574552316,0.010935470485261223,-0.0016023577457941565,-0.022975596617833095,-0.04673366623788543,-0.005177467647115986,0.037813983052217184,-0.037657405873381844,0.010463168114606129,-0.03015430664496947,0.036946120673792264,0,1,sport
77,0.121164019687242,0.21304851138033107,0.20632861687546655,0.0403454265524064,0.06283002639517628,0.097592497724271,0.3715553711217324,-0.256204435875667,-0.0009835921518469746,-0.0629703202517184,-0.023789608651462523,-0.02634930595531343,-0.006171741694406661,0.013909073712227986,0.017764003725134273,-0.020744227121844278,-0.05270790740168061,-0.01039529493142542,0.02274838302678546,-0.0034185597290993268,0.015177172391163882,0.10435514118912227,0.0039379494914305495,-0.03342455214211353,0.017433859724603637,-0.2300127077993405,-0.021391787722889057,0.15826177158353633,0.17906311464969996,0.09019511898067999,-0.13341044939679567,0.4487458949586908,-0.1264279676902684,-0.1744484966311209,0.03460586450655493,-0.02127823276508012,-0.0911333630402385,-0.09562278354936131,-0.017502824062362282,-0.12476740343904197,-0.0820803772521641,0.035141234352616985,0.030002258946205767,0.06471618730204556,-0.020220648450289536,0.07900999597756639,-0.021995537535572738,0.01882177687287547,-0.007748525927997802,-0.04029741279369344,0.11777567010387668,-0.02569318029515482,-0.03228969582834763,0.039543534643894644,0.008402360217019208,-0.12782386369303858,0.00947890854652129,0.034709277275983136,0.007786265203241983,0.010363743189068355,0.04418238449399079,-0.007092057148244054,-0.01991779149727152,-0.029870166633492165,-0.03977974264874471,0.01409283364350658,0.012780200914767715,0.0018708640934844245,0.034617676777638474,0.07247999982112452,-0.021886497355056007,0.013009559507447827,0.061676728946938826,0.020574112047283155,-0.018733132326513663,-0.025023046316332783,-0.025333456253354106,0.0006471154980885865,0.022337490515547925,-0.02492858464381893,0.005864992687208915,-0.014706241225582352,0.0013114891043619077,-0.026448021788425067,-0.032375873343777166,-0.019420162076932142,0.011086449724187031,-0.0017423752801274338,0.01167633958966829,-0.007327465263688872,0.015285442938876166,-0.009397640528737018,-0.020372728611856208,-0.003882638008833093,0.005992930074566855,-0.0013637529173488685,0.01541911320606131,-0.0010119087010088796,0.01315991523162478,-0.018765133522346406,0.023597794872422563,-0.016416078412050925,0.03439768158247715,-0.013807930324846358,0,1,sport
78,0.2354050123597997,-0.1404024810274449,-0.04115643201212103,-0.018395122505477403,0.0017922842274795414,-0.0013018726745188957,-0.014622131634285997,0.013424597292229093,0.004965499794687492,-0.07074223040488677,0.04022739077135881,-0.007700615734635075,0.008685691269684942,-0.03316980512149658,-0.00830754858550796,0.022477625553945214,0.06650370884002414,0.08370278832483405,-0.04729355617457808,-0.08071559967888943,-0.08596481435364643,0.03783408294443026,-0.11123353635865711,-0.1001547891239728,-0.03424713341646175,0.022507937915748753,0.20780115807734145,0.21660536722033977,0.013975404853886151,-0.011086223247406603,0.08122993184742063,0.018592372151518377,0.029817208722026856,0.17477033091023245,-0.1736524571903639,-0.023564109957832667,-0.16377637952875967,-0.013901307993718262,0.03345682448512514,-0.022909263341014265,-0.08912346718923995,-0.1356796196788805,0.17602657615687806,-0.10495941392150318,-0.12070044778459495,0.17948316649883048,0.048469265242075774,-0.047350349563098075,-0.007401730802288453,-0.03370060905530726,-0.03612571617221025,-0.1016398377020259,0.2181814982684126,0.03631254391584788,0.12669763161139588,0.01419283040717893,-0.027578857705177377,-0.05233604998654794,0.039434518310628115,-0.03111353183439648,0.03717383032987193,-0.16224077915960716,0.17038294883468352,0.1506993459621996,-0.004692684894693149,0.06427916219271332,-0.09261058751528747,0.013843871644579684,0.06851923895266131,-0.04346366367810055,0.06477094297678176,0.055542524817968356,0.08067337684775899,0.17638074245052252,0.1462943407235887,0.05283229874656437,0.02388793682578315,-0.05688822563521843,0.040628552274880665,-0.004559313389304144,0.08400737683138348,0.025300660879573576,0.03452370058924924,0.039260402326329116,0.05968110291423556,-0.015977025489383782,0.0023306300273336286,0.027607907519856045,0.09264850312610352,-0.061201832398493534,0.027373490074466083,-0.035026623267603904,-0.03719162850791773,0.026657109651786227,-0.005750656636468984,0.029305275505107985,0.07619352728219243,0.07250016312811057,0.02650781588707591,-0.02192048956128357,-0.019994405893039698,-0.050742646904338495,-0.0027059610886902147,-0.0133993927901463,0,1,sport
79,-0.09029883424404356,0.07632066216071529,-0.245304069155572,-0.08707801887140364,0.026493623578315827,-0.05566891127833103,-0.09025543386263501,-0.06505729907257818,-0.06585621648384309,-0.10422239729037638,0.015506298933705382,-0.01199893207135545,0.049717458732834556,-0.04506606546136136,-0.07338086733209326,-0.13981910070955275,0.06330646159243472,0.12457795955620377,0.066337684879995,0.03679103757317919,-0.023101726239437837,0.12351918209603376,0.009900007732906252,0.01210945689377938,-0.041401044341179166,0.07467964450011222,0.011757679295585445,0.029351390529990345,-0.11356723107765088,0.12825771556761184,0.048040495599897017,0.0112732977217768,-0.11704219474255287,-0.10276619259341667,-0.015905966952189887,-0.005658489342584515,0.010137053945176928,0.003786821901228083,0.08414077690639013,0.05500213736300842,-0.043352677091554506,0.01881652125495517,-0.05187716979497928,-0.04448611661660103,-0.011932166373217026,0.01914335396671411,-0.05908042567204539,-0.03841650149450789,-0.009194813948270418,-0.0488597246202797,-0.036077576928331086,-0.022187021046277112,-0.12635975652568573,-0.03331496388805841,-0.05431843386736223,0.005337399975376296,-0.0774200952020888,0.06326887904866459,-0.10692235134580506,0.011998193619315057,0.07157193348435884,-0.0992668920449508,0.0533413365775613,-0.10607951043187676,0.06007611904300363,-0.06890589124921155,0.026482775975911282,-0.08868772696720978,-0.15307284072732089,0.007871309358116387,0.011653965676953443,0.10566131511074696,0.04618653053344364,0.1357199958879124,0.03196348448639745,-0.003457483654225356,-0.0030751097427461236,-0.15082745318583046,0.027117472564494084,-0.1953840761038147,-0.07651888266747672,0.06190823516875928,-0.08332765975846851,-0.06388724493654553,-0.0036223139717297278,-0.009163709166634176,0.1267252897550745,-0.08005428708647554,-0.13478065777867085,0.0177254578621144,0.08263323011199192,-0.05802242730181401,-0.1195393665668031,0.01370437387506043,0.0032040010884779313,-0.04798841644157135,-0.09429709946040803,0.026930495298283626,-0.023413142227834867,-0.07396672700588552,-0.039420295755790306,0.036990951318563614,-0.1362300514014277,0.06673014085089608,0,1,sport
80,0.06752022750412043,0.014966599385624422,0.012650907643426785,0.04963246862190795,0.0162848116385099,-0.01249455464103905,0.043903399622919004,0.01472505165939931,-0.033308604714878474,0.07857247421929342,-0.04041064737257034,-0.060758835407819976,0.013497425401388194,-0.03283069145614024,-0.07129454201731043,0.21270345345855843,0.5697738253399365,-0.06213418588875554,-0.08255222588082221,-0.07129196829168845,-0.04006014452857575,-0.006551238623364852,0.03360856038947102,0.0857342700216501,-0.1510079118978245,-0.018454390416908256,-0.08091573973542632,-0.07215863167156031,-0.002894552356010526,0.08123840452840736,-0.037977041283670306,-0.06589607347038699,-0.061508889061455116,-0.09408377671198387,0.02448291167954731,0.012799514418697408,-0.06679577760798353,0.08571551882025699,-0.0527319920149718,-0.01251425350084419,-0.005917837190821637,-0.009451465855978315,0.05120559745317897,-0.003099013533766491,-0.046291286074703945,0.002172203343202233,-0.035004130903151305,-0.0053081916508311445,0.0023131692521391085,0.006007597932815889,-0.016528451222457392,-0.01674941420749832,0.00745079962231478,0.03104543178902549,0.029040875178458873,-0.014084997849202825,-0.027975743022105464,0.03128302807708837,0.037535032403180645,0.016992364287339416,0.02718248280916788,-0.023721778315228655,-0.04352575463627369,0.06423614455784125,-0.018702804388534285,0.058043836167645725,-0.07031673628933142,-0.04489578572734215,0.035159897257091115,-0.014378016279076545,-0.04916623539365256,0.009762947971135031,-0.003710997621271071,0.03626266879505414,-0.08283689752919667,-0.01899595969518748,-0.008535366290328798,-0.0186711942302443,0.028524157921705446,0.02964021580183096,0.07735084857863046,-0.0775236447886484,0.029123093374365864,0.13160205706180053,0.03738890078154191,-0.10473929001876818,0.10625685819952685,0.09212695281830703,0.023433153934478212,0.02996900374343613,0.006592517108569662,0.05319738362433959,0.0005652368933668242,0.05770953381602161,0.06256265489077013,0.10463232168908285,-0.11409686536830244,-0.10494282076956575,-0.01986058180631565,0.09242765853916816,0.056834039515368966,-0.05265786982259399,-0.03994823401140541,-0.03999234458387287,0,1,sport
81,0.07665882051890163,0.037880662788235896,0.07031929007260418,0.042243567993946005,0.015227487013748958,0.018241182373237724,0.07250256021698812,0.006315869593699775,-0.07596057841044847,0.12031220530962662,-0.03911805369954675,-0.09542798093751295,0.036251230694195447,-0.022728888121740246,-0.13481853465624968,0.251039993926701,0.7057676988426096,-0.09544551178615343,-0.12392353060181059,-0.08084144507961152,0.0016650661210807541,0.012133817608366005,0.0750747780318066,0.13122645332535984,-0.11132678588193438,-0.02257934288155442,-0.13629746971227938,-0.13836864806482654,-0.0234714183605531,0.031683314361725036,-0.03708306157081822,-0.06413952849633645,-0.06637947733581552,-0.11244381531715449,0.030008190478678802,-0.01707935973077207,-0.04809244056112121,0.04724940188097296,-0.005568992321561255,-0.030508451388066602,0.004815324927606127,-0.024773590810686745,0.04035701008738222,-0.06565817727768186,0.0015336225738460305,0.04105717075191355,0.009925351220982068,0.015453452361139527,0.015168352413705856,0.02664744943750737,0.004813381370132337,0.018099816801029393,0.03374582621668765,0.017052381663767244,0.0010467612695279362,-0.021604529717630157,0.0005589485445902607,-0.0095315536714496,-0.019155024935594126,-0.013240813980168097,-0.010324304717052622,-0.0045404995186634056,-0.03903848656420199,0.024297492161102448,-0.005699381678653552,0.00516634095792876,1.5046705036690799e-05,0.031926193933476954,0.03298612798781016,-0.030019813852963338,-0.031783380884074924,-0.006203725420022553,0.012412659711244382,0.0026669174746001595,0.018607322756974694,0.022180138260084827,0.008380020797393252,0.006601942642229589,0.006056557516998312,0.02325531857456935,0.006109253274187817,-0.002184904738820628,0.022915969970537846,-0.04450534728713604,-0.005738705396952978,0.008284648730740408,-0.044936376116055006,-0.032096780242346766,-0.014007238019863887,5.8610633537953364e-05,0.0095950258113654,-0.026485101698869723,-0.014723106797695633,-0.005038428452266111,-0.024258083773816302,0.005587714376985076,-0.0026829903486030623,0.01881209709713377,0.027553223086105843,0.006636913594269511,-0.008043458560045562,0.00546368306499254,0.015879278364592492,0.015722320153201123,0,1,sport
82,0.0784981812272231,0.2387781989642813,0.13480807874503428,0.008925689176456301,0.07893383396106576,0.07624720883759227,0.3485140723917761,-0.19746780048588822,0.04634877209274698,-0.0598682556534452,-0.011383199066061896,0.02291721420459536,-0.012887932871216862,0.003292571110134664,0.05084776877354203,0.006575969597610459,-0.05902168916393832,-0.016235777485070706,-0.03971663354719098,-0.0732883362129009,0.03480202883450454,0.23666455908461623,-0.02226103741335233,-0.05294828598628458,-0.05049692477929939,-0.15378650300147167,-0.04366729571663321,0.08248788032574246,0.11208747436309295,0.05810936744559416,-0.10092277499922382,0.04366256794156848,0.003906338356967381,-0.030637294644286852,-0.001813702724997296,-0.013173896197737654,-0.025588402748992586,0.010430332585729032,0.06638477302042574,0.0039469950428678655,-0.004949907210605955,-0.026254381972496004,-0.05790572126464496,-0.023841690718682647,0.013374215803057258,-0.07713162339042791,0.02154377797083772,-0.002894140413820632,-0.01626584631328884,0.04159316831498008,-0.2024020765275149,0.03001039484390974,0.07470592959992783,-0.059040291514741695,0.005841250574910685,0.16228860648744237,0.011367499224542846,-0.1003962494301615,-0.07578781858930912,-0.0995979154786421,-0.08894068532696497,-0.007300827132962192,0.016218821220366636,0.03462836736572994,0.01824053126418531,0.04377634404597517,0.10225238431572323,-0.12413122479768846,-0.12502129988862778,-0.18017314822010258,0.011247089271635756,-0.10265956090968022,-0.1289191982476174,0.03385149983117916,0.05776160282829482,0.09153341767950483,0.08352330976089667,0.05378513878469702,-0.07123087489194825,-0.05576743261502607,-0.02922962159656886,0.06076794453490685,0.004536637415829339,0.04922344663443487,0.029077650279892803,0.03941474498536362,-0.062264135620123,-0.025016518246513086,-0.05736207960555853,-0.0505325416172794,-0.04845666537169159,0.000749406171605257,0.03867970691813394,-0.03151822981654227,-0.00757060291960407,0.18609633558795524,-0.007996943220195774,-0.029678629758981386,-0.03729428879903767,0.03659168456089155,-0.08162024553558364,-0.08325938138988022,-0.09674586197746507,-0.011853573931333962,0,1,sport
83,0.1355333884356884,0.12783626208347687,-0.0744456647669783,-0.13097783135152374,0.025195329601170404,-0.02399301763213694,-0.03936359696928041,-0.013685930480780081,0.028590286357555006,0.06196182347347728,-0.016604612213570177,0.03168060608776841,-0.03228058031325863,-0.04943856642942245,0.05969400005936246,0.02274609946653278,-0.06043163361729634,-0.10566517249589291,-0.024570797501637983,-0.07662097736380005,-0.016593534557243477,0.10555679523140624,-0.0044136705490648125,0.06487925694993514,0.07887574565684477,0.16462921669482067,0.07898447942128735,-0.0422302054383751,-0.15095029781845032,-0.17054687035839,0.08191292980036904,0.1443682091480478,0.04022656002710769,-0.09763817035566744,0.01705567329545094,-0.06588426706158541,-0.05333188631239601,-0.16014239528162733,-0.04057912041935279,-0.04888634831464447,0.07592324333583671,-0.0170993030674204,0.016079698307015732,-0.13393855540263197,0.0017596881631320833,-0.12285144037185719,0.12088117540214156,-0.10637378498048036,-0.015002548619677558,-0.031314982822357,0.14422393294765992,0.09328865794110355,-0.07336481982179908,-0.08990121933135939,0.05775514259804372,-0.02870036163929507,-0.20591995983555444,-0.07445280152787755,0.12060827271844429,-0.15423612896895444,0.02204694067911214,0.05248335327261686,-0.05921661350306261,-0.036135333968357275,-0.10226255627713185,-0.07216500854528929,0.029818181329139087,-0.055738182243958635,0.17600451753303517,-0.08210029910406753,0.046896080525580655,0.026890281451949133,0.05231552641670801,0.08792532509389962,-0.011019185337450924,-0.0045930825790457186,0.11662269448101888,0.11094172984743422,0.0638456817572509,0.07199905486655972,0.006819173432032547,-0.06078445004993305,0.004181541124197937,0.011736463116503478,0.007027094375267208,0.0005462987621934602,0.057195804431913494,0.013176683769522253,0.09200756967896324,0.04539604576672461,-0.042261763853687455,0.07153383436441946,-0.12501263036572796,-0.048004212170030015,0.05247017478721944,-0.04598648176273463,-0.06950052785275884,-0.08026554439836087,0.09383501117254246,-0.01078280408775606,0.07632769113817994,-0.013944153599826222,-0.05696467563608181,0.04074850639056641,0,1,sport
84,0.5256266334916194,-0.2690629926023223,-0.02905980415345169,-0.07485245028163244,-0.05088449616154721,-0.0017449820925255534,-0.042280973668593375,-0.03650925170882557,0.011594446791765694,-0.1017904075978025,0.04031176845735828,0.025478765092845364,0.0028134687987368882,0.014049959443700839,-0.009843184805523738,0.012114172731254846,-0.09468685627620829,-0.0434704562705733,0.02210774458973133,0.056310056969613144,0.06820095750098705,0.010982961166611351,0.0394648348956571,0.035951238022083117,0.045138963431155296,0.014686730572645598,-0.084838313147761,-0.08713612870293258,-0.020767684358591987,-0.03331860462035254,-0.044927732155723064,-0.056164219618655455,0.0035162907699444828,-0.12249470451197081,0.09806763359439272,-0.046617415475314124,0.05684523807737334,0.027962606551795437,0.05180263344077499,-0.0003775892584054126,0.0018326265302442656,0.06620275192024323,-0.07666585921652637,0.06217037691476321,-0.054821330408878814,0.052476115513953786,0.023267933081847606,0.06555975650541777,-0.01290565845764409,0.08512523296273677,-0.03410990218573299,-0.0024783748717741357,-0.009054206935072572,0.02509655221880129,0.00561319523514857,0.00490460336738555,0.06807164599903531,-0.04328719434461758,-0.08402056688597588,-0.016605258897955836,0.013196634145044845,0.013822274740907603,-0.01109447287680024,-0.07906497318192665,0.002637702547051169,0.07774979870889197,0.05805363043805543,0.05803051748964485,0.032196531584444014,0.0021996996351537745,0.02339529809021139,-0.005717685083011598,0.11653042246737014,0.0334384574581186,-0.011767900419047442,-0.017604949463241582,0.007962490176619626,0.027192103886860094,-0.024171744097247743,-0.04650137267409716,-0.0645840083007772,-0.037781002973837345,0.030306720445447754,0.05345360511430652,-0.09110375843046688,-0.07030937929300714,-0.021011759378532387,0.041580497733380316,0.047860216157872594,0.004543512224326123,-0.006674674026155997,-0.0873299341371131,-0.018659898191576756,0.04000460214085969,-0.031022389189225934,-0.029727266842874533,-0.030652547053914948,-0.024515683694819393,-0.05086754367363555,0.043489808122886525,-0.0007114909215094276,0.033647212205636635,0.07047627856505632,0.02630403426016455,0,1,sport
85,-0.049922670229075435,0.09344998340724067,-0.11429846137828997,-0.12125728918045328,-0.022066856223928823,-8.420878394943008e-05,-0.05253247045776365,-0.061069490818219475,-0.14011679238406516,0.0819461975045324,0.008560247053063448,-0.12178867489626391,-0.038583488822132334,0.01008032718665205,0.07684840967327224,0.1344637245835804,-0.1015098387853878,-0.13473786180216304,-0.019399187599001833,-0.005469642894458797,0.12124369526498359,-0.01361717361485186,-0.07154663210624031,-0.04317544088674297,-0.04786852152808279,0.06577470584190222,-0.04819194296431412,0.039630524588477975,-0.059988098452327866,-0.23152368211044067,-0.1732132247671324,-0.08764215492107261,-0.03494545950416007,-0.1836553233620445,-0.26912297232068616,-0.02277618899318279,0.023049539004183918,0.10646011608325602,0.06707124598500233,0.047149266533652125,-0.16083430471192023,0.16624457926406458,-0.021227785779340817,0.07281016850258125,-0.01933922141681584,0.03860232656882525,0.009333771806248937,-0.15613406011370787,0.0014983292094068862,-0.1071587322333269,0.0034957636222910093,-0.1687570565076784,-0.0030253235841494145,-0.02047653960186744,-0.004537215475152704,-0.036840006902849616,-0.04320324928113929,0.00659151456624956,-0.15963975984864348,-0.08259120223931495,-0.043291859269201094,-0.049169463979365016,0.0014507667190796964,-0.01059818669222541,0.004385577897725175,0.04572830356383461,-0.07917187358348911,0.06508232631782672,0.006828429519901245,-0.013406985571164655,-0.0825679612203344,-0.03468120463424594,-0.03921371943188664,-0.15064962215759078,-0.022911433173294877,0.0208219403697639,-0.09564562558441474,0.0014346490776618015,0.0016965931799287752,0.05316583016234352,0.020892922809875147,0.011664979781223547,0.08624482480557243,-0.052784278357576514,-0.011393792209645433,-0.09963897950078429,0.017258551165057954,-0.07820084883123504,-0.022018260102079006,-0.002200442810818884,0.01048334746639816,-0.06412522417837993,0.08358362068135775,-0.0011814655117467778,-0.006290581285181291,-0.07556578806693695,-0.002691362696723878,0.04759576603885792,0.12453355031699911,0.07477364802371843,-0.03744947677283212,-0.014259371775801966,-0.10841331306457368,-0.060001010451032726,0,1,sport
86,0.19656340417523785,0.4710771729722036,0.2511166463272969,0.21735113275467613,-0.09886319269832797,-0.05801793680565125,-0.2235532926949334,0.06738849108306146,-0.006271335032150613,-0.09164496950967736,0.032018674967275965,0.003487834116635925,0.008274373780607093,0.00013026902087271745,-0.029088617023862798,-0.027736653298697837,-0.03293186726221812,0.037145486729766676,-0.004626227719488523,0.012186287959010101,-0.0027044964293106875,-0.016607143998613016,0.01479426710383888,0.03460899174138188,-0.011348709711344588,-0.025726133312675162,0.017265747557541296,0.02253840768050257,0.04023804253058828,0.02610154328050078,-0.010805240798376234,-0.030128312062625853,0.027021880281275713,0.036226441765315365,0.00736585271023417,0.029081701238788706,-0.0008554260921234254,0.05811703264383036,0.09066493624815528,0.05127417029711521,-0.0010905810752428816,0.025296285458629938,-0.008266369287480643,-0.08431892769820061,0.025503839379599776,-0.03725090294235693,0.053062694598947684,0.005699867696164789,-0.053599006050786414,-0.03262870294492474,-0.1744102809824934,0.02430205808652881,-0.029925163937826325,-0.008888414353608714,0.009589959632774786,0.07430847917937225,0.05160893678047969,0.06741085751265662,-0.06658143082856896,-0.03827515276277134,-0.11106689709265428,-0.02704187744583383,-0.11184573216270625,-0.1176497376616682,-0.09545309893649637,-0.0875465913444689,-0.04045972373232155,-0.047158354549356386,0.1554534773288538,-0.008775187272704208,-0.07853735920126101,0.00712927607176251,0.08587864029791169,0.04243855272551626,0.05196834903068545,-0.01650819761036559,-0.07986315585778743,0.05349879814672596,0.15385638107133287,0.04051508366324471,0.032160126497726364,-0.06705774025421324,0.004390782683211863,-0.04401219047735388,0.010783983802919936,-0.008418725100817846,-0.0011704454381635844,0.04816679521392936,-0.016864509464584863,0.0010195628265509383,0.0702740854975471,0.03043368347439617,-0.023645963742665855,0.012285512247719168,0.04558013752986256,-0.05798485314241564,0.03510347862031904,0.005789525684709068,-0.015880595739958703,-0.006783845021867975,0.04340558042953784,0.015094305780289455,-0.027783364202669768,-0.02692658956742856,0,1,sport
87,0.23473207770564095,0.004795921844781984,0.01952322286004776,-0.028793610002324044,-0.00866354349685117,0.013309563173559665,0.007909390382912813,0.062279534136762675,-0.03962708718362472,0.4200398888597027,-0.15064600464411454,0.04792239349748477,0.07117424882859673,0.001023851801847331,-0.045845590094568615,-0.12143659910720687,-0.0740198274413606,0.031141470018928884,0.00970415677618483,-0.033405130241565155,0.003002379180204783,0.007463013792605579,-0.010794523626478838,0.024932164686471116,-0.026771082069059017,-0.036601735347188455,-0.0321211943680854,-0.02238075819164198,0.036808811234349516,0.03936398106842251,-0.01628719887806672,-0.08977351414605764,0.012666215501063111,0.011310152245830873,0.01017018161475198,0.008662010761881,-0.009874366701773265,0.08925466860949115,-0.011201328603592227,0.10921179990696411,-0.06343687738428229,0.03667753061505572,-0.04175115139915489,-0.030154734897864615,-0.044023746505192696,-0.04410331395041451,-0.0490773795262388,-0.055893386136217034,0.07352655891064644,0.16625472346656295,-0.004222080114146788,0.030168077734075302,-0.09330224435646443,0.04660997575788046,-0.00363048017809501,-0.04594020449391606,0.03562938372220879,-0.13895572165759137,-0.17388349103655307,-0.027713315518936375,0.04576485969842686,-0.0026774644474213427,-0.08287506656250845,-0.005741054496446909,-0.02594052720861891,0.09818247774564798,0.029188026427026437,0.07386057660625632,0.08760642458036624,-0.04855744677373376,-0.01021945193231651,-0.042919888659565496,0.09609441339108776,0.10848783273176578,-0.06351520653932842,0.028921777906807125,-0.12116505396720134,-0.022119560043906982,0.013641780572683854,-0.11470308367380651,-0.02962771513038416,0.018036418000897416,-0.056931656409286234,0.0802201129989058,-0.04562428227623005,-0.001106095874390559,-0.025406021842908064,0.12717507828887778,0.05856307478881068,-0.011603618193960177,0.053450625291190046,-0.13504684720714002,-0.11845587101213435,-0.12836789808290017,0.10506175606281003,0.01604944930178985,-0.020657715942015036,-0.04993893846746511,-0.00012003141611191636,0.13329612598240828,-0.017656758534250267,-0.13265627184478132,0.053660666084972004,-0.040686327511504194,0,1,sport
88,0.019393679462544323,0.1804658273087265,-0.05804508430641566,-0.07924807613034972,0.061699076005661595,-0.0016043976639859505,0.01011924367496467,0.020724973237651025,-0.05002076018058373,0.040637277903805044,0.042515786800729115,-0.05228903362211258,-0.00921016932928302,0.02887863490518761,0.015435396734758765,0.12366815247383152,-0.08289754715924275,-0.14732242808765308,-0.024994122008882985,-0.06644052604077484,0.2099673144033653,0.057666817631312345,-0.13120293517574774,-0.06107570438313322,0.034319744433394556,0.12809951554164875,0.00934629993495052,0.0009438926163389198,-0.07546210541067398,-0.2603877453627614,-0.16043693744274135,-0.07508795356220418,-0.036834870253875676,-0.21267529784903458,-0.2796969620915869,0.0424513322124863,0.060650184323929233,0.014715199659934425,0.08050860430916192,0.09389847421663415,-0.08651860304179948,0.09317369998439362,-0.04153305195359895,0.057811016438578174,-0.037767337861843754,0.05196536981972337,-0.012457139660797128,-0.16542883285243823,0.001516642832705689,-0.14063357838575202,0.12024214447592495,-0.07478443449553154,-0.047543841872893684,0.02134487840984867,0.02280775059812213,-0.06702556441035949,-0.17856473613095722,0.10440479036034807,-0.12303559820485009,-0.03616060021010628,0.08270286482106459,-0.014038598444478613,0.14373873159536527,0.04495206550355549,-0.040507015072353485,-0.06522935259652791,-0.08308608893708776,0.06073737180446222,-0.014778129700483839,-0.10835288120082705,-0.040288800968950746,-0.10373221054595054,0.028222607735038662,-0.08995225420465237,-0.0317231003477093,0.055308621090300505,0.03488075079236349,0.014001924785998043,0.07681555077729146,-0.12108976471434937,-0.019179603220274788,0.04988472009775365,0.037653211713385336,0.015608961728118372,0.026995912238495078,-0.051740701543558164,0.037641001761714143,-0.007527807715933868,-0.01108345627840435,-0.018970383082275638,0.06004069384895327,0.04728625671768328,-0.008155875923322316,0.04308340260752933,0.0779117030063383,0.05964060503227123,0.023151136596406278,0.008557375238197109,-0.06025271307380166,-0.014042350467868307,0.01612300009436969,-0.02472039804715456,0.12386461597119552,0.035808017194888075,0,1,sport
89,0.35314435545137124,-0.20492827428205634,-0.0022934316440422022,-0.04451704033269491,-0.055031262960889546,0.024751420451333005,-0.024205093852970577,-0.012588367873664425,0.027436149710769547,-0.1097842778018122,0.04138177751188775,-0.0203112778119307,-0.0021967076501208612,0.02224197529706873,0.0182563023047693,-0.012912553144670828,-0.02417609289944311,0.015814365493727302,-0.0015356705238591512,0.01743932024678824,0.05805609331229017,-0.007471490083650649,0.056437889185604835,0.050654982387971045,-0.022588940666222964,-0.10109786352118745,-0.1546824201864656,-0.08680798183212061,0.022677400436084353,0.056210388640000684,0.03695764993164091,-0.007088713020162972,-0.06895806220140016,0.05048645594169612,-0.09320821780118667,0.08464085657187274,0.019433300443957077,0.051309835509021275,-0.021037840843943195,-0.036676742555032546,0.05716764315177345,0.07124083296496589,-0.10043419435174339,0.08997831546559208,0.07783212612185829,-0.08923587077946146,-0.05648073742196024,0.0017682844112693508,0.03692707387587574,-0.0701470670333025,0.006951576819459972,0.0324962595988594,-0.0066954586136148886,-0.02463779596982956,0.03642975261537935,0.01404664063699942,0.03316602901521933,-0.0061685640176294115,0.0776008358935069,-0.08672048388831653,0.059315500753864076,-0.13430851043798955,0.15893990052101223,-0.00945917913575115,0.09400251988169818,-0.022929141241348143,-0.08610072626067272,-0.13624888717127576,0.14868203655774467,0.10635779471558715,0.10822165566265975,-0.07647413543056429,0.048905445644175385,0.09062863564464896,0.04357589801782691,-0.02800326792196667,0.02270067052423317,0.03805799427964244,-0.15906726055089057,-0.058395734304021514,0.15494912644237538,-0.14027482406966155,0.011129819338685154,-0.014552180332601599,0.009733143143500527,-0.10173925130909188,0.11134370537074358,-0.11131300822492386,0.032334896055640654,-0.08703285372863745,0.02447253161209965,-0.11547535052755903,0.02699180131531535,0.006212461936047534,0.04616574722283689,0.054252326850192004,0.039029383859279156,0.153105121003559,-0.0067849902262089295,-0.07209401046385445,0.051383671254341234,-0.03873914977896688,-0.005490188950664921,-0.06304684373665016,0,1,sport
90,0.027807321543263725,0.24643371615828122,-0.11292444628782299,-0.1018766080738399,0.2552018854579188,0.020352508639098026,0.2996740703471275,0.04297968346344363,0.2098796487147837,-0.06701923506426517,0.01735120793936033,0.13121820109387727,-0.01640053985448744,0.003409534725209023,0.0769127328689538,0.06276159837929972,-0.08777162927656931,0.001978091025290103,-0.0966712104324973,-0.06347969381970045,0.06447773962892736,0.23696067421412423,0.01792724956636904,-0.044648000523228884,-0.07733502470459983,-0.11331610281831737,-0.07406501903578491,0.0008332587502073143,0.06331504393879095,0.07313614774115754,-0.03326122959821558,-0.13811054990656718,0.11145389719174509,0.02861675700519397,0.040370532500716476,-0.02012605586435477,-0.001619317963375644,0.05788851462698376,-0.03853645033185788,0.014625748776777015,0.010366062715903596,-0.04957145459223385,-0.06944399074019517,-0.025598518491975662,-0.03760957076372821,-0.056595362877121885,-0.01622842770485935,0.020360958990825784,-0.010492161620461111,0.025684746863186423,-0.12026680735809356,-0.030502544272298683,0.042647361163389436,0.027165066751395107,-0.09018370067943687,0.02893367529105932,-0.019238659857663976,0.07233419828639717,0.05173200666197961,0.021874576802604444,0.03731626889827759,0.029951853269093782,-0.057011090386952214,0.02868832174120039,-0.028931250879872503,-0.09002787547913017,-0.11822294148393467,0.0764763338843666,0.05073578014500538,-0.0666246674614628,0.029539669624141073,0.009266246405646527,-0.02463936459954283,-0.013079786590069217,-0.006956509197502421,0.032186691277916714,0.08468842656545297,0.03677331049426593,-0.033402265590173875,0.07380930895117638,-0.035804600061648484,0.05515630885917145,-0.048309153941488304,0.02558746636666752,-0.052346238151122035,-0.054719298602902915,0.03048331146847308,0.0034973105047261433,-0.012281652404710172,0.06209709494181526,0.0005081654851419319,-0.033717260184611485,-0.04913356218963038,-0.005677145727693184,0.026042334323115854,-0.048057911543150394,-0.030900523232870576,-0.0009001470893262972,0.02491326275823043,0.05989012099275744,0.19533633086477972,0.06799045572288055,-0.0856648429326189,0.02453022314711914,0,1,sport
91,-0.04958584045392853,0.14489599301683448,-0.153642575518329,-0.18519758602850214,0.009330051775389769,-0.00494146681406031,-0.025879804041127788,-0.04364320094730798,-0.21074630641878025,0.03520346736889198,0.07450977502306923,-0.1404662195458633,-0.013725271682469502,0.03701643301576693,-0.05192230325339655,0.03056747262084191,-0.0629393550833068,-0.10124945185718799,0.023839471192839943,0.01761303764618155,0.15219978471129797,-0.022518309052123278,-0.04765857621112304,-0.016072477058814327,0.007932680303790298,0.005168656824803484,0.05264742813901077,0.054828850104841724,-0.06742596993131894,-0.10937848014051912,0.100152441832277,0.07204779719177684,-0.13914245335977823,-0.035006958326214116,-0.12244967187474376,-0.012712570853678516,-0.06032265314666239,0.26851669458254296,-0.007477531066354933,-0.11828836650798134,-0.1084978209761889,-0.06812570997151228,0.051626461779308117,-0.0035386160724022804,0.0036221759109129016,-0.13093912557501372,0.015107652303575365,0.03859738603034045,0.1327787992917539,0.13800880227364212,-0.03580687931457825,-0.01737623257178077,0.023191024615985725,0.0203546672247684,0.03357868933722816,-0.005670333417215646,0.09444525846410226,-0.062287829483124564,0.09200120135787448,0.028330221466104567,-0.0696968149234098,-0.03116354024719309,-0.04737182900532326,-0.05336576767122116,0.02036558244590418,0.12903822800144235,-0.01303987177704143,-0.12518792899715514,0.12648191462658895,0.005799814729108645,-0.029290107516553983,0.0430166540521321,-0.11668075847691245,-0.08801073611519165,0.0038205906651809815,0.04999268140103902,-0.04363002019128581,0.1068837227400687,-0.05360134953939435,0.2189788009188899,0.04473719638940835,-0.03122799739016863,0.08787343953280317,-0.003589128268889251,-0.09228342050246263,0.011625511464960119,-0.10624909202637332,0.0016444291078475041,-0.08705675522945121,-0.0688009316630398,-0.08808604523132768,-0.04952592881471315,-0.026134691128334695,-0.03286175224700093,-0.09029734045578044,-0.08887009664149086,0.08077589174467939,-0.005666905861281931,-0.00985369845041024,-0.04111295286282781,-0.05738773358793248,0.04816457848101465,-0.029558965495248037,0.05415638532440172,0,1,sport
92,0.44546300356105467,-0.22642735563712807,-0.07714049219126505,0.04246573945228673,0.028401448776126825,-0.054394210868270815,-0.03798006231035395,0.006837233540462198,-0.012750922423470274,-0.03385904307141206,0.036533262022814914,0.00025492935587452455,-0.026321610147441724,-0.01782161983779238,0.007820075719201874,-0.01946684568660331,0.07359216201589296,0.04097940625458793,0.04355810129435707,-0.045558634897813206,-0.10280412549110084,-0.013871716380402351,-0.140969221041232,-0.07392767722823711,-0.07889532776338631,0.06639972535901568,0.2147413453182632,0.21642372754360756,0.04712167447337675,0.021824485684893584,-0.07919525942635516,0.02201375967323346,0.046489405095798304,0.011339493954931425,0.14183587630107217,0.06461935024445462,0.06812351001047763,0.18696312560025669,-0.0454214217382875,0.05909967861509272,-0.05797117519561302,-0.026366380285958536,-0.023594270877432873,-0.06667354572141991,0.09109845672715092,0.02374432533730557,-0.004198101033273902,-0.09626986262683285,0.007043471811276498,-0.047194591611524304,0.017742773997054442,0.047046674376445566,-0.06786531541434557,0.01643885481103977,-0.03224482306764994,-0.03335996029098723,-0.022765279293611978,-0.020803771855471075,-0.004766933881393397,0.07532090596357977,-0.023107069896414405,0.016166259736530776,-0.0597801528677268,-0.0027728943629290606,0.0039794533132804935,-0.06054235505413784,0.051574851903639266,-0.07256419360406653,-0.035192534618187686,0.051760706548851995,-0.03182346058135235,-0.02719356904140861,-0.05784347676660751,-0.08563527815557573,-0.030588503679384035,-0.007060110075126313,-0.06073131026949094,0.04216843323753617,-0.019791589867619648,-0.019696235294169768,-0.059033682361630604,0.0530603298344791,-0.0007819929657064626,-0.07576536531719577,-0.05169057469989905,0.020412737638796124,0.05608987860901256,-0.023294768634792396,-0.02080800546811516,0.03940150507455467,-0.008758565134693391,-0.017395582929570524,0.048140281566264626,0.0017926391081695978,-0.0007071403258410167,0.04905991054050516,0.04533089836468426,0.0016780974054202294,-0.004124676844971708,-0.08577747035773226,0.07928552913171466,-0.04328131582643297,-0.022516661463579744,0.0066212382580582655,0,1,sport
93,0.3422883486787875,-0.14463271683959655,-0.01729067148462326,-0.06910864103747516,-0.022289888046224435,0.024347894131861638,-0.031097844585819167,-0.009242586540293403,0.04158522337525925,-0.02707351055042166,-0.02538341471708449,0.003592496944986969,0.013277569794596187,-0.018216872584758546,-0.00493871064584872,-0.012170439326122386,-0.042884777458667256,-0.011219987601445651,-0.009261985935238684,-0.016608039609460862,-0.01008764719347914,-0.014090135414686686,0.04728593217675298,0.038928948213640166,0.03189055884836016,-0.0032513158179920693,-0.04369823695789025,-0.03717907998529544,0.010969973946395766,0.02873567778465919,0.04742229495021096,0.051811850214794446,0.03383044415000461,0.0023269344158535496,-0.04740185651469383,-0.040322309285083895,-0.09230867588177076,-0.08706483574607336,-0.1622996058359069,0.12262500658386627,-0.11172335650169259,-0.14501684894969524,0.2116580125223189,-0.12646398843668744,-0.20587668430296144,-0.011946730113728973,0.13274704440805904,0.0004950665853868901,-0.1232516463664952,0.07080625174087453,0.028571947082318253,-0.047357334342025194,-0.0602192748604934,0.03525123871731915,-0.02947898889645218,-0.001889640002759628,-0.09776903143515657,0.051387984777751736,-0.021934906581071195,0.018184243047827023,-0.09724281971596403,0.05284928370912238,-0.19050817380057847,0.005294565169510606,-0.08256884366765609,-0.042034540109713546,-0.03346527556915866,0.014214889817242848,-0.21077548199194218,0.005700728116656495,-0.050447788246623465,0.03182076515143001,-0.14179075810215805,0.0005167645509530056,-0.038188640222006784,0.06593109745362259,0.022909242906407046,0.11460181879493782,0.005928541360767618,0.020210741637368333,0.017123507925571952,-0.08686561724949476,-0.053067475420775896,-0.08245663902667028,0.11668437144391285,0.05492213950380411,0.1416210351673844,-0.01813026119518645,-0.06897886397976895,-0.117206853887639,-0.02260795377753208,-0.08441174149360117,0.003367896676905713,0.05159954031229144,0.1840373666803965,-0.01840194961103061,0.0917029773815732,0.03265117452325912,-0.04542738554186241,0.02016293095876291,0.023914741348184627,0.04081420237717263,0.05585710660741806,-0.05255689406511905,0,1,sport
94,0.47230481413790404,-0.23812740263916835,-0.016092131858617218,-0.09231660588611498,-0.04327889767623845,0.00886784510810629,-0.04757787932580015,-0.03706789052215048,0.03401249324441228,-0.09043619558208485,0.028340118049158737,-0.019129098332518933,-0.015757302113861657,0.0166979564242705,-0.003266685444308862,0.0028365206096906837,-0.08504478460264017,-0.038186628459212765,-0.017910448172291933,0.011486196412482951,0.04772823208652047,-0.056115556256226114,0.10029390976288463,0.07662283381609875,0.02562197315281598,-0.07136159819849944,-0.14745970729070929,-0.06298372004958325,0.05020764375389725,0.08852555622837444,0.0605618606865201,0.016897812584798094,-0.0757634694058333,0.07312494512583834,-0.15365874697410617,0.0569725061598421,-0.06019016009817704,-0.004991995594808977,-0.202102586960607,0.16679314532304426,-0.06440487675793316,-0.08894107703309823,0.12290667951107553,-0.044577891295039,-0.1471618576532391,0.00587412143162222,0.13243701624990833,0.011726409786021654,-0.06461756167314456,-0.035035721206390334,0.011837613817524378,-0.002716328622727822,-0.05560649067707108,0.021772069986587973,-0.028305163803727842,0.006175331430402187,-0.11744678692144202,-0.03321195332856667,0.040610556996613194,-0.12607364083368555,0.010897350775336252,0.003756415533648614,-0.07661063645107874,-0.005639273329855568,-0.011492271930312225,-0.06372443886171231,-0.0004226035619476446,-0.020489873316022204,-0.025934228980135473,0.03405045323311781,-0.03853831153450461,-0.02197723737139472,-0.004762754059682813,-0.018027398102982133,-0.0052756710921617106,-0.007909203116715066,0.047829108402315766,-0.03341760910213552,0.03136324161969759,0.030067137669375285,-0.03652082671078141,0.007790300048134765,-0.0218485304470339,-0.034161072171657,-0.012455474187673338,0.0314854623857312,-0.01680319913060987,0.03208718423508348,-0.006019357153402105,-0.0015014165904037912,0.021791639338498103,0.05371811816178756,0.02424335957754013,-0.021432358219378812,-0.056140106806404216,0.025160263489519597,0.024052463382833532,-0.018848432268935515,-0.026453088783182,-0.005870495711530902,-0.014237658898133863,-0.014672006644891475,0.07011754151331255,-0.004250447382905138,0,1,sport
95,0.5212463914723595,-0.29572358994019066,-0.0014485017086288215,-0.012115410655963771,-0.019395636706307545,-0.01559135538329516,-0.01701235103136649,-0.02522702534856372,-0.02120877764425783,-0.13637281081572153,0.07205129329414443,-0.03549274598443621,-0.013460201763503111,0.012377937722885098,-0.03531445994300972,0.020429205003198867,-0.022321027529561624,0.017318162920709992,0.011962410730732858,0.012864813140901703,0.0688142586298877,-0.028387033213048207,0.02781789939109061,0.027527152282553903,0.005500449190350667,-0.08114671978648655,-0.11183024001103795,-0.00041093618485915574,0.06715185522404561,0.08340687592128157,-0.009316652673183682,-0.041203705293075106,-0.1312691227030274,0.09905106997334781,-0.11847150763578938,0.11365627116777302,0.08050324682105599,0.13969433290376995,-0.11070920965131047,0.08531798521580489,0.05211835073838926,0.05910015005998211,-0.11162390587451483,0.1241856027440255,0.1109785409892804,-0.04266098727456062,-0.018570033729946058,-0.03920514569063377,0.03437623328661867,-0.051773826308991334,-0.0021572074485253076,0.060747922037256506,-0.04879973081269234,-0.002472444002735684,0.01377884629918251,0.02810500067092324,-0.031923419361247526,-0.07028881084993494,0.047705631540085114,-0.07012511587025072,0.05181477429008877,-0.027610044281340333,0.08708080948803562,0.02226661565942317,0.025865730404266683,-0.014139391203142334,-0.017093627885189356,-0.050104310701546584,0.11376081068609999,0.013403955897737687,0.028359803886745732,-0.06024204096170343,0.06509299591532461,0.02176664626089427,0.0019177286914508196,-0.017339613252306423,0.011241670803206203,-0.040903327965967906,-0.030579541025797248,-0.07835085672104009,-0.051469787756832815,0.015656648821252925,0.006190694079049626,0.040552916413692956,-0.03592098402269621,-0.0037426622759983755,-0.09549789904525101,0.003178282396585811,0.02981869865987778,0.04550727903682629,0.031441034600977504,0.052011724706768084,0.0024713654347061366,4.5960383468365955e-05,-0.01822275678272829,-0.04589497048259333,-0.06334506277152954,-0.0946704721756993,-0.022883093691645977,-0.022250533676916956,0.01758930842202781,0.048211685638256944,-0.08359855151109112,-0.004065795901746502,0,1,sport
96,0.16003064903225145,0.3977811492158207,0.22585180745032074,0.19294703105863042,-0.09841954474238725,-0.043998160129074364,-0.20037404396367356,0.04537681675630127,-0.014291022163788858,-0.04513189312536492,0.028243432077630453,-0.0017180672904236855,-0.004225538542276121,0.0022144975405105835,-0.002527554314639029,-0.0026307013754117187,-0.04131271928121276,0.04204123881362777,0.02063269207435579,0.014630286211367105,0.005963216500170934,-0.03425963382235332,0.021694332005077418,0.0027549551763089855,-0.010073199844067491,0.01461157962440034,0.003938907622798046,0.03765205796678909,0.03159707334788699,0.03130894685130562,-0.08595659163098249,-0.04846985336290367,-0.021590429156531952,-0.06080027538011553,-0.030441288677199706,-0.007849001538429793,-0.0082534466360169,0.06749647296340286,0.005299797175981784,0.04797118390919324,0.027046116407992,0.054912588799724736,0.021928993240387176,-0.060603731296213055,0.029277030012112643,-0.05176126244916413,0.012633961179586439,0.02875184908897565,-0.041566040946867916,-0.022408561955463237,-0.148767151552826,0.07760105306699192,0.030295966635260258,-0.035101033733383295,-0.02843517138545325,0.04962642787413515,0.04961521342528919,0.11323260986032548,-0.08415097856140685,-0.02787264265001122,-0.11312836518508511,-0.05256862281988868,-0.11199331014498476,-0.1362613844933055,-0.0740438409686257,-0.07732726061338695,-0.025483076890943635,-0.05916280342146162,0.16916690934985149,0.09204268774920012,-0.014429135569974948,0.031038056165801322,0.1226803459390867,0.0329417266259805,0.035184572380885445,-0.11961405865764695,-0.07191869024237192,0.08192404072914035,0.18059433666882718,-0.03681957968528684,0.027771634686342632,0.045477162501988994,0.04750426369853131,-0.04970132245319477,-0.0017750075283550677,0.07347910251598042,0.10366219514578912,0.042680834889593455,0.05685785472122465,-0.17158014028482657,0.04781420886767494,0.10100670667824721,0.05323318793952994,-0.1271682963236857,-0.04816976359794519,0.011256271740096798,0.01340756632676068,0.029859070644793925,0.032905532562496995,0.024138017266291594,0.016095066971288208,0.03950161681835588,-0.02008734404157874,-0.0028707459661397173,0,1,sport
97,-0.10030154207390629,0.11936099211675394,-0.20257688537202442,-0.1622448744172955,-0.05146047554087233,-0.01804167326138484,-0.08411986661643432,-0.0675593008319442,-0.08813579789145175,-0.06469178226275271,0.046584524838741884,-0.06256153001856685,0.07616057876297655,-0.050785438749711975,-0.13352246991543204,-0.145787195861756,0.016179409275176776,0.06067735760464196,0.02225072121700542,0.08365630900623203,0.026251547505013156,0.14733554342358826,0.041720093200046396,0.00960042538522355,-0.06472856436702289,0.09861151225066477,0.022433618062101916,0.03839890352813104,-0.14674582614129278,0.10739885066449623,0.08533996272841732,0.020856294601761416,-0.13165170368256876,-0.07974947534577537,0.06134414450728285,0.013475547721713754,-0.12211649515230155,0.11637299750164533,-0.09545324872948681,0.0009739669107964209,-0.03986645794467858,0.1795390017804607,0.03352093472387458,-0.04407048298338549,-0.038138789210216496,0.015734456636447257,0.11135194106975442,-0.08593715121234544,-0.1174321586985129,-0.12172111312513402,-0.14595832340896348,0.006555647309352615,-0.027835514086771738,-0.21979199699813487,-0.036180557528014246,-0.02491682118409551,0.17228339222827357,-0.008961552510553077,0.00890463227934778,0.05019418060882419,-0.0006700812464733842,0.009435806986474496,0.01758875108590039,0.05717351366816278,-0.0031717575675746816,0.08407678511306241,0.09211209233415855,0.0596861379664741,-0.07945032231432939,0.002229339019740448,0.04878404740900942,-0.08358167302849812,0.003954047482326894,-0.03927660098937372,-0.03525336050381958,-0.11445813623055619,0.03783957224648483,-0.04954538387334779,-0.058485089922542456,0.0731998304815128,0.12294984024206868,0.03358818797086065,-0.08397382610455421,-0.02128873225082266,0.097003118159185,0.0441763214048064,-0.03568779974337041,0.02274491947058458,0.18584653043218866,0.009366522251739806,0.011089170708437042,-0.004267987516548751,0.003478531011110748,0.10199184297219357,0.05265780139996216,-0.03296685987263764,-0.05643068817572964,-0.03219145584451125,0.005810605034500343,0.06706624553686173,-0.04645566565778348,0.01370518861365033,0.05162498560328491,-0.01785619217093531,0,1,sport
98,-0.10175432224628557,0.09670504563959052,-0.16352836455743575,-0.15111504003091758,-0.08284639358523992,-0.0017282680121994893,-0.07192812093261192,-0.0954507209609353,-0.13624595675607534,0.018898526061955922,0.050099901791227815,-0.07048573819271192,-0.0059297888191544405,-0.0074622394337262345,0.03173643231165648,0.07266334751657663,-0.0248169038111241,-0.034909009528109505,0.018047629800772128,0.10058284753880022,0.09800495292016999,0.059211013484112014,-0.037199007502377424,-0.06274452049677244,-0.031862388655680425,0.05999264199586407,0.008317756540696932,0.012658618332375776,-0.11724444104826165,0.019773240070864558,0.18111684533201647,0.034124751575833875,-0.11487134078938799,-0.027860663609013583,0.016741385163242344,0.0434116203963504,-0.02551513006173053,0.1845911773183617,-0.026852976963191576,-0.041196317205995724,-0.09035488119959888,-0.0469279916966767,0.041587903048423726,0.01811820404268768,-0.09615266945281703,0.026957310620157063,-0.12801068631967305,0.12284014778620303,0.03361902313530782,-0.02476228712055839,-0.005052191805904057,-0.010812298357584578,-0.045528768000302006,0.011235257221414989,0.0768281536496994,-0.12498914013030032,-0.03872854921326081,0.18728121174088594,-0.04313318086734824,0.1150810697235691,0.0876545614931318,0.04044892003917654,-0.05751745045301094,0.030704811464762265,0.019436782798283057,-0.019727366736853828,0.1197949018130221,-0.12531257133028711,0.014874816485264291,-0.020087650613115817,0.03613326119808439,-0.017179119586074328,-0.04153531226213372,0.024377239617975444,0.11153781333955681,0.15720029572666683,0.022874355519996517,-0.06775982298132938,0.06681905511151616,-0.21165511443047322,-0.025668477993426524,-0.19803116420623634,-0.04081802371347369,0.15147430319826144,0.06369287522349328,0.06652090355221156,-0.00655214041566436,0.09433832043783796,-0.06889609077783632,0.03429304939458975,-0.09711688558724085,0.1535128008149313,-0.048710439556385626,-0.10156899936214243,0.06878133240307926,-0.07167816647482819,0.12437836390895564,-0.020196365801563657,-0.10215907839003911,0.03843370397526367,0.03449486206131087,-0.04663524700305631,-0.019779311722351936,-0.0024501486575979154,0,1,sport
99,-0.057336753264063144,0.05483264224138316,-0.13057498432269063,-0.13513990799563974,-0.08582495717557123,0.003965410128190411,-0.07157582965278224,-0.07370612371631352,-0.11518775821496441,0.05617430475882317,-0.0016876972326843982,-0.04573284329013362,-0.058975817758987456,0.016340286116084526,0.11278059759894983,-0.01737892656007586,-0.02156288271444539,0.03253977857258404,-0.014733774152753929,-0.045948529131010135,-0.1151464202378048,-0.017647666000701046,0.03245619216339464,-0.02158100573387688,-0.08062076735345021,-0.039217200499560984,-0.05361765778351208,0.029603317898082876,0.020767231754831462,0.0564857833274189,0.021163598996506258,-0.04571140261806202,0.06749749874977715,0.0041689650251440225,0.06375348029503795,-0.013700236924838193,-0.08095243386039805,-0.0720209841692473,0.025706533836043384,0.044815207956706855,0.05951804749938925,0.07620925901113575,0.12245690460559001,-0.03874483527382476,0.0943419546628078,-0.03829910787884483,-0.06626214339651275,0.03725144665126275,0.26495262716332346,-0.019403184260558416,0.03538451251345728,-0.09060677900750275,-0.13603285762057488,0.12052527694336578,-0.023903439143491183,0.014910829213539834,0.07946659365564664,-0.1632832603684955,0.02520837395521366,-0.009028556815651704,0.07956569956036345,-0.19250198103782978,-0.1025334363620218,-0.07783674754840952,-0.117147491985622,0.14641147834859156,-0.07188702430099785,-0.11179059452229237,0.013906437138337377,-0.008630100907639044,-0.09058271317491305,0.02368960401933664,0.10218756565433237,0.029753561633051498,-0.1461503034132154,0.16154494303391584,0.08432661832325634,0.05346366682260525,-0.06726425509188873,-0.12411311405950635,-0.11051087912292686,0.22590791944262012,-0.011147411031618962,-0.08117918665900788,0.2737220000065811,-0.10117130448205267,-0.07983343604942769,0.0056077263511533386,0.08587475304249,-0.03309729155238612,-0.03907370252127319,0.1619565378664549,-0.09068894704604308,0.08296030027195395,-0.031947604692249255,-0.006914970847729107,0.09418256762775568,0.06047386729782432,-0.005202091707751493,-0.02893480585783291,0.030101799177245536,0.004254645747029918,0.07657217183191593,0.030540930029121904,0,1,sport
100,0.033571717882952386,0.13763176068948327,-0.08466251861839064,-0.1162120841850674,0.029616760275654623,-0.004528630028884635,-0.022268864939181284,-0.018041474066327414,-0.028458239970284037,0.03344206566260188,0.0076085468878446015,-0.0251738099229231,-0.010236871615973715,-0.02012258321282752,0.003047194757115067,0.045165257349582676,-0.0002659776370860457,-0.08382405986222766,0.01779575126556937,-0.08570552882051519,0.012624263141937478,0.24171193036053104,-0.007693789976975062,-0.05974094070183605,-0.012818690269743407,0.009926422335531785,-0.01222131583937878,0.014741090226865157,-0.1636718304277009,-0.11588965302350551,0.053449707119083964,-0.006400200601108877,-0.0029246729756753262,0.01634783870045934,0.0552466422890026,0.038996933813730456,0.06734069497514539,-0.149013182409783,-0.08898528014904604,-0.004256574855291171,0.08084346309184384,0.0256768758118183,-0.030577197931994978,-0.00010054005187240376,0.029847513053427654,-0.002056902920888789,0.0645659911001297,-0.09440843947857325,-0.026284494741232164,0.10891283779944982,0.17703433149277434,0.1540130438590186,-0.0632937989141488,-0.046447665418760525,0.03815830636389675,0.11754946618551144,-0.03968215786264676,-0.29429358634112535,-0.08288800802145664,-0.08182452749463161,-0.2042844158923769,-0.08070282962289554,0.07865144483736865,-0.07549289680217802,0.03086864027275299,0.11374593120183803,0.0416536559820114,0.06283454086421451,0.13150042508846904,0.15649834304600815,0.04010318057127495,-0.08395148092829618,0.011713985962234217,-0.05446997530922462,0.050076472259303485,-0.0411313196706638,-0.2000934188232121,-0.12012316130024829,0.040873299493460996,0.021403425802200445,0.09038094052648535,-0.026812147849510925,-0.10585943334195728,-0.03279872080805652,0.0429733874735458,0.03167339371534653,0.14027800681501987,0.06738444343544449,0.05733708585446548,0.12502226661260823,-0.22179185559271478,0.03683652615807854,0.03746821707681121,0.023401171031621724,-0.053354330730152076,0.035760174053470824,0.21217986081859752,-0.06304919245544831,-0.07597852727644212,0.004563912172441027,-0.01226373621433384,0.024639503729604318,0.020235580343022225,-0.02051504250537174,0,1,sport
101,-0.172198394735227,-0.09670181513417882,0.21930184280009668,-0.1818657791520693,-0.02857557199739376,-0.24829764613931182,-0.032895149572745766,-0.013863261342857962,0.0836411054344095,-0.08693315115914992,-0.06960663922440602,0.08621723394522052,0.02359069761207905,-0.0870292687535069,0.07008198069975886,-0.18894991971261252,0.16098653558380824,-0.17679544085517554,-0.06107939223921552,0.048631997992356575,0.13006004759924505,-0.050381663248793486,0.027672637994261964,-0.16230888668205531,0.1436910441394118,0.1968863267075678,-0.23659112880400757,0.2275318754584488,0.03237640617816276,0.07854042019326722,-0.10424026989921355,0.0019305121771042589,0.054021805900295504,0.16144880541278206,0.04842799240092772,-0.05571544093587224,-0.13813007231126512,0.06919928024137635,0.05530808728664163,-0.0051991726824181265,0.012830441034691656,0.0300079064002607,-0.03419017500207935,-0.013548100997600263,-0.05586802469435929,-0.012349755966296979,-0.07199586861429222,-0.015075917560087498,0.0732702604613333,0.005481033683476776,0.055598371972040116,0.0036307673340069836,0.008403259005869359,-0.04038375357676651,0.022657994641513537,-0.019206169310136367,-0.09925503038536183,0.012141364428317838,-0.01851722004329638,-0.08333426108830787,-0.009906113027667326,-0.05720944501406462,-0.02623036311808857,-0.007751852977566839,-0.07878816680067698,0.04771117213225017,-0.004482142099031274,0.12293395884813835,-0.039366449468151675,-0.030841113326229783,0.07557237582869973,0.07527104382571712,-0.01339863366529156,-0.08275348201011108,0.048049316655480234,-0.08719388426322111,-0.0350953867903767,0.05494018624296446,-0.0036488523223418092,-0.005830345449821518,-0.0020597335935249026,-0.043814267037708216,-0.03961273784663654,-0.04734662383652199,0.014078374009123323,-0.034642517178237554,-0.007780263490260826,-0.0030965728452693212,-0.00282318676693145,-0.0003495982354469037,0.004249867871664056,0.02944281823570615,-0.014806805900063178,-0.04387632897310874,0.05899480840119139,0.015542739927286407,-0.003816165435363933,-0.06563839058495306,-0.017736517795651968,-0.04373023171928361,-0.06938331585636716,0.07259627873794569,-0.027760230864722988,-0.07608401683872808,1,0,finance
102,-0.093782982964275,-0.03528418799954448,-0.06497132848826342,0.057293918287727306,-0.12895077474259997,0.028574345904161937,0.06351203781578396,0.08042472788729105,0.09296739402392638,-0.06171802440342368,-0.0805635825521677,-0.1824241325153887,0.4404148884719533,-0.11216987576221901,0.16777282800567092,0.01109653578803373,-0.03820934725137133,-0.0003612215798791703,-0.06464845086544395,-0.02214418441432604,-0.06421716689280116,-0.07654695145827486,0.0468402353150377,-0.07258637582351896,0.007020807582513951,-0.16700032800002557,0.1367216696914848,0.012809617790631405,0.02029124166684956,-0.12387131826203221,0.031871995749250294,-0.13905531884968084,-0.11743194841213478,-0.08286279208901218,0.05869256403587373,0.11709266450434777,-0.1654963783037198,-0.012396766305030872,-0.04187430464779565,0.02409570285023658,0.025247142295430538,0.11179387118285398,-0.16442867021868263,0.021273528530932076,-0.08326987288776105,0.0967111965456433,0.028686499876686703,-0.04550316154749079,0.03154661320339921,0.04324144571127407,0.05669870792770082,0.11081551745173063,-0.017422157299596223,0.007183494571426196,0.12690119458316323,0.11890801111399263,0.007679991561349142,0.0670689858272545,0.1359884139643743,-0.052495104921153744,-0.015757955020749698,0.005000392821732149,-0.019604608784274283,-0.03502790802859317,0.034798711751155634,-0.0338064234463742,0.0060015581491100894,0.074005987102334,-0.024254926955973425,-0.019196066873273146,-0.08920959478023062,0.09422744007153828,-0.054497583579701234,0.06917512631225033,-0.06407983244658358,0.05123631130045254,0.009318235980848546,-0.08537912296953021,-0.06442530474730153,-0.010318069363107791,-0.015200276702375884,-0.028027624781198426,0.022282613639991226,-0.08594075693983286,-0.02826337966768053,0.041212831070159314,-0.016512709279268657,-0.043767330250753154,-0.03497666423011251,0.005812444669996066,0.0205747239201969,0.03116945027858002,0.06421387613519722,-0.07004715506704896,0.029050836345458155,-0.008660769049122137,0.04932939578370555,-0.0008157240803345263,-0.017561852190566288,0.05272336724842511,-0.010329136458725244,0.021098725501179753,0.0010228792197813647,0.026939779728429498,1,0,finance
103,-0.13202383407080956,-0.06311273017635771,0.04589573691250672,-0.023840866954540366,-0.11183481251780435,-0.06075598684659151,0.005734394912076865,-0.03640492792560021,0.08871421099516306,0.00482292662764322,-0.01533741650831773,0.16191524653926107,0.04170473568622346,-0.1867499231546357,0.10365776804194628,-0.05412998988989408,0.1155492976284642,-0.004151973838755349,-0.11914196319795564,-0.03336570382260141,0.19902775015166901,-0.21476100444263035,0.03968540152382156,-0.12691918808972874,0.21799272772067804,-0.1460523160671427,0.10318630755735292,0.16841937327230072,0.08185007557629034,0.05965814825835379,0.2463175834697135,-0.15218557928794413,-0.07130625039827564,-0.21119617779591054,0.01072951182462283,0.15341028460791462,0.1756256788129968,-0.1744851114595785,0.0788082005653501,-0.03193641592690188,-0.1295391971350336,-0.03602051292910329,0.035406205823909694,-0.040720153561679046,0.0897630306264591,-0.01323989658908396,0.03420128705901764,0.02471116770993018,-0.09171170993213995,0.05558922438488412,-0.12232062705201578,-0.022084421572768936,-0.04200284903323138,-0.025503932177876665,-0.09092408182771151,-0.10220226149524149,-0.048359920653462125,-0.10122973401491425,-0.021859642924919473,-0.006303955748646241,0.030337529157751363,-0.09212614031691058,-0.014195795602783787,0.0506326315044889,-0.010075819024611177,0.04052046488907534,-0.036300149148729456,0.0015450119265931063,0.033943939544305114,0.0018509298916180351,0.007471642912928138,-0.024988714360758498,-0.04364809428554716,-0.010469748055462363,-0.01786760089802816,-0.02598758679159735,0.028973092549271967,0.02729749399704309,-0.014146506048292012,-0.004043871001186096,0.0073176690516833206,-0.015225257196854131,-0.018173906456351908,-0.0043517627548622095,-0.008550038670365372,-0.016861920642849637,0.014544853679746958,-0.0012333360553201465,0.030585389973943965,0.019003850046025488,0.03205957458258875,0.00023136765946576987,0.007976951090076364,-0.022627761643963542,-0.033454134592065414,-0.04059447302276479,-0.01148569043320405,-0.007708381515660338,-0.013441490221044147,0.027152888491592288,-0.032808040175610675,0.0016885906661377077,-0.013498665942613427,-0.05994850560744403,1,0,finance
104,-0.0974886348260283,-0.05418639569435504,0.026316255061720542,0.021985009266347773,-0.0811978555650998,0.0014536630854833405,0.01411910490626712,-0.0424013938797181,0.08039725552029105,0.060011231786889434,0.04686527267395041,-0.08921776846956898,0.06036297677274972,0.017889418739425563,-0.06157915985401226,0.2895222218246504,-0.09317186287220877,0.033626672634785,0.29214980192971496,-0.05852527521941852,0.36263995400033255,-0.12802735328261014,-0.38249456087422307,0.15078484371135065,-0.14868578159706142,0.12375978010733281,-0.03668230639488518,0.01738364712234107,0.11624416590810847,0.1081127661715026,0.032484187700238365,-0.002167576378509662,-0.05382157234753714,0.09965557608239835,0.15991981939361646,0.002967546951586896,-0.041820786234931746,-0.20322372648197784,-0.013997501382147124,-0.027050454610058637,0.07388734270101588,-0.051632180142558624,-0.07454451180627868,-0.0870880014060183,-0.06075654395197957,0.020265431776181817,0.001654122741569311,0.08851321138512126,0.07237631082415802,-0.05445526723269003,-0.08782118955808478,0.002030981677309743,0.053276508280698,-0.12532093461599353,-0.024716411895466677,-0.020186784395674343,-0.06971569825328436,-0.09040069611808842,0.03155051315744255,0.009730317352241584,0.025208814608163686,-0.01695761896382638,-0.05023133432974371,-0.055152464339983845,0.07263111400276451,-0.012380300338076322,0.005106303468613935,0.036906585863464896,-0.0282384195095664,0.013993309637130958,-0.054709663412826154,-0.00035628948844898295,0.039824198970686696,0.050783025047311484,-0.02710428302327815,0.01797610130880612,-0.04002161742252982,-0.015478885112943782,-0.029274126747654935,-0.0018162139918334443,-0.0003321944955626837,0.033350785696140056,0.008484479499074892,-0.03068279466253351,-0.007760800937124699,0.014089612538019328,0.01080333875743005,0.021138537086006787,-0.006084121753658667,0.0007383916677529535,0.0033632556599915583,-0.023638393898596257,0.00038269816000788097,0.016949052379367235,0.007942731601699912,-0.027291470295889436,-0.0030228299328136604,-0.003569912887552906,0.014502233726673306,-0.027856275886605636,0.008516912911108194,-0.005573949519187937,-0.0185160749445321,0.002025784117102124,1,0,finance
105,-0.10851686959147043,-0.09839081903784572,0.0829583151410216,-0.0015046560712739532,0.05780374372331113,0.05744616124669829,-0.061158321578477164,0.006599201159867573,-0.031549652901890386,-0.03827704128834936,0.026746217624692228,0.0630898386815307,-0.05187703391469849,0.03807119795382829,0.06541913150177413,-0.07024647437348674,0.05823099740010272,0.15067973722564834,0.010291025604843448,-0.12206404133076827,-0.011567947068392013,0.06398324051521155,-0.07643945143564689,-0.0690175091422243,-0.009490078607790664,-0.05563657877465002,-0.006738649624899239,-0.10335428098164932,0.084839706599191,-0.12138781269312272,0.09341827692857027,-0.07091897667077406,-0.011669202113859519,0.0263478629281626,-0.0123529582461062,-0.19117364080663293,-0.15563127681714362,0.07422275225161065,0.0509734087638948,-0.09007923282318728,-0.0020120576196309458,0.09283772906471886,0.01978542316324044,-0.1834141550133415,-0.011260882582095615,-0.15466850822067826,-0.04054550163252495,0.14755590646807662,-0.12989543555024854,-0.11890024172350272,0.07328767625136245,-0.031963917752353285,-0.10590173536126435,0.13250140715438194,-0.09787360652366453,-0.21636712499120525,0.11606228685297726,-0.005403198493290241,0.07590824390545263,-0.12965946533484599,-0.09796370632318714,-0.059079281420869746,0.04245997102518863,0.03844191241342188,0.17027751882811723,-0.1324158001658676,0.03795819749797198,0.09717659271678084,0.054018494954234386,-0.09162676388769952,0.039283797456080814,-0.0889212394210317,0.0032763718972223777,0.02396311454924616,-0.056344345091778665,0.02386283001340542,-0.0945224993665446,-0.08931414131662127,-0.04613048940460576,0.005977792904905094,0.09057956040505669,0.05090014486591274,-0.03831435876786986,-0.09151943690491882,-0.012884277180048143,0.10155739419026508,0.021659205841216115,0.01735959745322547,-0.11182496042657224,-0.016876955110010836,0.09632225214892927,0.007075154612419562,-0.11266898772304226,-0.0711515765751615,-0.010831063577303962,0.07394102865282631,0.02752091592869096,-0.08977545791579702,0.09174689027723817,-0.02727765704506056,-0.033660297254789744,0.02805732781080748,0.0024826404182396143,-0.036705305969725134,1,0,finance
106,-0.11260750443479255,-0.025239235005385025,0.004032698720841693,0.018954060341099133,-0.1260140006697076,0.039055512792201444,0.03919942583844734,-0.02827704940969491,0.051526852846145596,0.06437996224902622,0.09698062925926694,-0.1351522912195214,0.05859356358659279,0.04741514553986241,-0.08270367538401116,0.27504864730132156,-0.11588847234941438,-0.022781236994236034,0.22255237181257995,-0.043110992645678435,0.414977385712121,-0.1361563463973138,-0.40419733818956394,0.09273498739478322,-0.14281957182054944,0.16519102039420924,-0.04105511247268549,-0.008883289783093459,0.12697404315708002,0.08877482793875763,0.01909443579971785,-0.017735271282199854,-0.05235160454258002,0.044388461158854066,0.12349877537407332,-0.008208206379300788,-0.07870810872685073,-0.16413127932006077,-0.012983346893057949,-0.002682537676296608,0.010056632248956603,-0.03729575402892633,-0.06510363433082693,-0.08157427498610667,-0.0599628786350802,0.052491041530457604,-0.01997452808556051,0.05080484404933449,0.11176114317195876,-0.11513250968973086,-0.05990180453231033,0.02015190344046825,0.033253680814301224,-0.07833214316163024,-0.024100694086724796,0.011252544813200809,-0.07157451403059212,-0.0684123862338546,0.002865343717521669,0.011181022866101158,0.01410481430580271,0.014733058030850833,-0.03939308807340093,-0.009390096261629753,0.07071771951511643,-0.035523296152836836,-0.005496524584687695,0.04059164579432791,0.01184360948685304,0.01540165906798877,-0.07025954862441193,-0.05698115419723668,-0.03297839666060841,0.03713402906121296,-0.026806736097952834,-0.02514689810187094,-0.03717126288452428,-0.015193897809638464,-0.017083066499606614,-0.009017011712624234,0.013305686984339688,0.002977609830277633,0.03166525673459015,0.00784812528926477,0.006337250259343626,-0.033733106226884295,0.012883032039654314,-0.02306493554573037,-0.01457517840589088,-0.009074362926075684,0.007395820124683703,-0.0006791514533442419,-0.00630682648606376,0.006853800523121708,0.015585354178186229,0.02683619289717515,0.0007836299647441439,-0.007429837611865599,-0.007539001025216844,-0.02696393484563468,0.03308466707472056,0.005666156277264486,0.01166978358228888,-0.03624208343953914,1,0,finance
107,-0.09396265446837819,-0.03435236844520136,0.014969931351899779,-0.01696491982979152,-0.10389495185845223,-0.02290246608290163,0.035703646369352526,-0.001237856960665214,0.043914738504847166,0.007974475876314783,-0.0007524285649961736,0.10917951860967091,0.0541148529407605,-0.16420421283396172,0.05920796255336111,0.006570678274475087,0.07781049224420174,-0.0413435427783134,-0.11988090378969644,-0.009232712914622637,0.20558466639322598,-0.24637487185118642,0.05808950947755517,-0.14109135383529958,0.20437834980504982,-0.18796475361030854,0.1346777331064979,0.1560909047027704,0.0830958344933264,0.06077177764299434,0.28157471763444086,-0.16758167465233462,-0.10221805732692725,-0.2278576213641166,-0.013411714642350888,0.1276912505340252,0.15844362894076275,-0.2330572042450189,0.07743484979774383,-0.022876414017511566,-0.1536799248114177,-0.010216786837985038,-0.01671801311939157,-0.1031622289819149,0.15459984664676693,-0.005176525633709194,0.08461562261594151,-0.008357962949375108,-0.09372753436950526,0.04626034867976376,-0.07585825255521403,-0.05799204288859511,-0.0587770833992784,-0.0009241568289080856,-0.1256670496327254,-0.06656148567632714,0.02592146922590783,-0.0772350510046875,0.023237687225338224,0.006011213945699519,0.03801623614525957,-0.018912669903537314,0.007373487113795427,0.03746315513504594,0.012837248052840635,0.02320614996549007,-0.030109725913161668,-0.056836323784338685,0.042739685695479306,0.008624193223608249,0.029468062752764746,-0.018968587134598668,-0.03807252051394884,-0.013942993726612375,0.007462951117041757,-0.024526353781832523,0.0010488369980575518,0.03368891118610769,0.00769217866981158,0.0008832183407363037,-0.0169340587476344,-0.014493391598017923,0.009280410109466274,0.019667058181491958,-0.013216321367936644,-0.020231610657275002,0.02142082307348251,0.02656565676987672,0.013550894793722899,0.006606109967028807,0.009540271621032772,0.02444137993099803,-0.012451899903640448,-0.020560302890990072,0.014026186223376574,0.02658201094323483,0.02249024115941275,0.012435163693971914,-0.022596584978485733,0.018390379348608783,0.0016770008482871474,-0.01945950260365296,0.014965195281836343,0.013686037719747872,1,0,finance
108,-0.1047901828733029,-0.0100867366497116,-0.0010814718354117505,-0.06429595183368797,-0.262965407498429,0.15415979966265375,0.15738894893327382,0.2884217674045297,-0.0317763176941465,-0.10505272114408967,0.03618034403100486,0.030332325370316184,-0.05240933914102858,-0.08799465201767753,0.019186644347817427,-0.06280859663938639,-0.0012435530923284282,0.013301957298047633,-0.012026362610477124,-0.019425183887446816,-0.0700318611974222,0.012939282462415005,0.026665388504082174,-0.005566721425251659,-0.039480709748550856,0.018656282479469245,0.013085436657971133,-0.0013579152664715776,-0.03694439118583694,-0.008782128476341836,0.028309206569384328,0.011122426903199246,0.005807438757929665,-0.04285461805686839,0.008122950584952401,0.0026700961297831385,-0.07112887821134643,-0.009375307366914293,-0.057621382633228725,-0.028856861384805588,0.027952202729724717,-0.013276595459533452,-0.03999116925571492,-0.030048771557351785,-0.03111844755202383,-0.11857704638080839,-0.09895694824392763,0.014710506342408036,-0.01422740521618906,-0.03054871649399299,-0.05017508621541845,0.014309716394288652,-0.060559527686350506,0.005529565702609702,0.056441265316192556,0.05930364403263507,-0.07846843601078864,0.09951002681436234,0.02635588213497149,-0.016757223681215867,0.05806161807310967,-0.005111021052377133,-0.03378537106976661,0.019200161834389724,-0.014342611850976827,0.00016529670282013626,0.06986112644078023,-0.00607723761959993,-0.006119039457426945,-0.008435509080370024,-0.012400767031748902,-0.03634171942649422,0.08641659431928315,-0.04900452930214669,0.11180494574330684,0.10465919910516797,0.031149306638753805,0.0692200035519499,-0.19219925698120402,-0.0015624020468281714,-0.07398237231090382,-0.059349684232572204,0.20929700238763174,-0.08919852817538979,-0.11002086604899676,-0.01649998081699299,0.13633655051938479,0.3094847272793387,0.2154378070887546,0.05856878821417352,0.0794980016080712,0.0010783310715842878,0.04564429763422549,0.06708639383716666,-0.16132947707204257,0.015091429231562757,-0.12815855695951073,-0.08918733175368719,0.042936308981055035,-0.06668519913787925,-0.07116975419151657,-0.1067459054475468,0.04278828151003246,-0.08877747859401808,1,0,finance
109,-0.13173075078840848,-0.027709205269111154,-0.0596202738895571,-0.0247993610821376,-0.18039668742406573,0.11383220555944105,0.026752383451208263,0.0931240926046755,-0.006436973157802032,-0.10417846544799447,-0.15620029682247333,0.1279632071451918,0.040877010537486824,0.3197143916793637,-0.06874912782348946,-0.007845509424830711,-0.011261479291967528,-0.017538553774082165,-0.15924628027653093,-0.005185363146715079,-0.009367010839349885,-0.0062487846656946785,-0.01099028714612885,-0.07035908765211694,-0.007652871759887693,0.10386767069903896,0.05435085173763629,-0.05012365571098934,-0.050662251437575474,0.1683252455489026,-0.025443337660547006,0.03167725750645969,0.18153750382177092,-0.06323945221252279,0.02391919925747815,0.20207579603393974,-0.1466197676873846,-0.021805887373524187,-0.13800028946121906,-0.06196099432161775,-0.019025169539597857,0.04915425534861862,0.013127267434137066,0.06299398641743964,-0.02768437426535535,-0.044736088059477194,0.057034566671474364,-0.010117810140136461,-0.012829368539867384,0.026312362542365395,-0.017803525106796135,0.04292873225570297,-0.02575031722141105,-0.035460832469140245,0.07283643194469071,-0.0561029079907031,0.05446775272693169,-0.09257827072058895,0.07455265771982705,-0.031655001767940026,-0.02680157118955287,0.02480649323886506,0.08546874814402768,0.06302883992517797,-0.050271478953752155,-0.05670194897043487,-0.06840323778742548,0.019887375083266396,-0.018297459788770662,0.013407741665751052,-0.012084500353019893,-0.04320409674993589,-0.0453971675445306,-0.05471097138297502,-0.004676754684822868,0.04854690084793658,-0.10861717319648402,0.04275202408043118,0.044612320030277194,-0.06281295456977054,0.0014335281727000874,0.04557838132893846,0.07250362520834304,0.07332911305337265,0.0602156507149487,0.01325265038264578,-0.04984532770259853,-0.003305031367418121,-0.11204223840340578,-0.005337164291244667,-0.013288862431519078,0.029304886842331044,-0.005751674379906522,-0.16194363180101073,-0.09800399075139204,-0.034513581956584403,-0.07407799030927865,0.06329222040092969,0.05173519166761352,0.04269718649052094,0.11168864529556015,0.06962994886705388,0.027089870521729998,-0.08266681699730424,1,0,finance
110,-0.10241790102552718,-0.037968771636013365,-0.008217276610388813,0.07216734886538825,-0.045858556367646366,0.0006641545174852284,0.008787201906214327,-0.04568861915937707,-0.04240704830581803,0.012435789871671318,-0.017423873788056325,0.04237534436355025,0.004636100433690838,-0.011552173204413053,-0.0232008939420524,0.022831379210343627,-0.032526964989294936,-0.08432494953739805,0.031180913621126283,0.025729495524979246,0.1049554160565664,0.05708693122588857,0.38360252756987695,0.026354150411517875,-0.3076380681282784,0.22173059504325285,0.113953749229391,0.046079673293236104,0.3368920876938609,-0.1048882716771406,0.11503200534953144,-0.008773560706764095,-0.01379807837877155,0.028536361720533917,-0.057101351926849266,-0.010938640539092843,-0.011331644321496012,-0.0032443815683602115,-0.011415318706665532,0.0034320660424079696,0.07381204400197577,0.10392776422679241,0.04199848260377144,0.06058503747839141,0.03483368622215408,0.11882642990572428,0.006306006832776836,0.040872171084417194,-0.1119426501259531,0.06661601164546377,0.030934104610558698,0.04191561766661583,0.05352637422736751,0.02741270755484821,0.02312587242137708,-0.022692773858062905,0.03544202240164557,0.013456402180300087,-0.011831250694597529,-0.05341154313955541,0.002515748948223273,0.03380843209835466,0.014098161064542663,-0.0035679313022687243,0.017133673372702288,0.1385424188530405,-0.018803035956750407,-0.00872340350713637,-0.029557251083182075,-0.0023876327850199555,-0.05874058430419609,0.030967333702266342,-0.1144990808922011,0.017926244554217992,-0.00023206648666996817,-0.01506941468704117,-0.012926800594591833,0.059921600309468026,-0.008849802234813875,-0.04135596561772738,0.021290973681320324,-0.0595839283955601,-0.01275296503127259,-0.012753379960577115,-0.05282982182700963,0.026236305962371267,0.05117303395854953,-0.020736357436520258,0.13038916020402855,-0.0012716258557324135,0.1085353277386944,0.11944198382386272,-0.03612558594555959,-0.03766947483455653,-0.005787542366978038,0.1094571771412591,0.1134929097642209,-0.05905054785654847,0.06665664177339363,-0.1307700694632517,0.047140082405820606,0.08019678648503666,-0.07861506515187659,0.1690676268895591,1,0,finance
111,-0.13923989169674608,-0.044507405556873436,0.10899892490055935,-0.13374518260157334,-0.07029502598551687,-0.15085434652876942,-0.04326360206656506,-0.05122043192932778,0.05707431043949068,-0.045206517874984135,-0.07425447428665734,0.1323613656306409,0.04100465810116051,-0.05117938622589689,0.030385079324511816,-0.12815874797764523,0.10092516716948344,-0.08129049160927675,0.022308415799190788,0.005334437983249645,0.08868638187508113,-0.0564489245964582,0.053907591445454345,-0.06098142509542968,0.12081505089911622,0.044584796224137,-0.1456797758368016,0.09022671837183882,0.020959185481565123,0.017679795530144655,-0.061977266097531035,0.028508149890881913,0.020476100678392447,0.06042358651104592,0.03317765478787352,-0.00834026983258872,-0.13741091900571534,0.006646301927216373,0.030885579746743153,0.09148133091563777,0.007028470098261559,-0.04740424112197884,0.04050794769846978,0.042464752585733255,0.050805255848642525,0.1244365162314812,-0.009238211974412321,-0.02662636891374232,-0.008687428561244392,-0.012225449993323622,0.07361525246489135,-0.0399895254512777,-0.04821646425202294,-0.07693499264089883,-0.06010471622954502,0.12083913621895682,-0.030985029933094772,0.006323105443540364,-0.11176074145885134,0.10469149769261203,-0.09976348952336711,0.15284110735127357,0.08266413826245916,0.023952012025014638,0.1494935944898582,-0.0968847573837969,-0.004498838543922908,-0.16044087553112804,0.14751840488772164,-0.005045569225317054,0.03667008298089903,-0.01663898316104603,-0.022179212564339645,0.05136899556637845,-0.15599142272760833,0.09916919728965953,-0.0787079275806207,-0.07245511960861686,-0.022349781962150206,0.19046462340201836,-0.04304363411793058,0.04461922605139693,0.16317656075343706,-0.019160485782745262,0.05521427321373156,0.19790401746299877,-0.0016405366349147585,0.0714077514636261,-0.07416166247492527,-0.08995976336185792,0.00951281613828546,0.029974335414534904,-0.11881494283655702,0.08399541894336676,-0.06769315737265856,-0.07790164352170896,-0.06663983985280386,0.09589803901463369,-0.06049119344419162,0.06246642213985367,0.041756999183716385,-0.20112897742042865,0.10991449140850534,0.0872117571764515,1,0,finance
112,-0.06675554699834871,-0.034184763882682,0.02242287328294668,0.03301619444792253,-0.053095554546750065,-0.013013564432897943,-0.031032194765037997,-0.04385549326486799,0.034957724391305324,0.08749152871710147,-0.05112627269261115,0.13939842211619788,-0.0038468195718553283,-0.060319178015656685,0.017955583137080396,0.030232818858889714,0.011389815852752939,0.24669711491281013,0.033410506744421774,-0.07608620588191571,0.04859974280543605,-0.002810410726617284,0.003494561922159546,0.06537488391696464,-0.07752130834406279,-0.0229045795886141,-0.08636232589200868,0.03956528058533709,0.02530166256442038,-0.054710731164044075,-0.05366601293991563,-0.06697239309502968,0.06430070564951422,0.06544113690282255,0.05488056075636304,0.055670842213819016,0.057239315526272004,-0.03799947448490725,0.07478594912071136,-0.13817109815892414,-0.1328257928873707,-0.020087004037164752,0.07210541462056541,0.1626118401161714,-0.21392564542132889,-0.14173886089261148,0.09080706073324725,-0.05492993420966937,-0.10755733369573547,0.10455941883061692,-0.000926592893249605,0.11489100201714546,-0.08110740531220263,0.0802398336694138,0.1203192578811463,0.027083494846805996,0.03967636997242492,0.09159235065302009,-0.1428954584661224,0.050387978748328864,0.09473713748749289,0.04562560955977711,-0.06779853036707258,0.1504942344092783,-0.05172474430236787,0.07613992902946129,-0.06384955661494865,-0.029265152137986007,0.05599504219787347,-0.018415451821261336,0.1701744150363833,0.05150283988422505,-0.023360871334878932,-0.03687945649918059,-0.09291254528130528,-0.015375736244270997,-0.13041875278235837,-0.2168603071469232,-0.08513465984953994,0.04133883030262088,0.10113209963284932,0.11480579383794955,0.10146266531128244,-0.04286559157268447,-0.08856394204720122,-0.03462795780502277,-0.10210574160842525,-0.14362688112096636,0.02776560678590065,-0.05097086701162939,-0.011189992430061156,0.07804660857500587,-0.11476086859663998,-0.010379664054403494,0.071591064195129,0.041733953518978996,0.010909045184356704,-0.025318179350942962,-0.04458552198882366,-0.08749160912190236,0.07038049166853362,0.05352366065403187,0.0525204788939838,0.02576723158921126,1,0,finance
113,-0.10166927007660707,-0.04951345146429519,0.044573488583174954,-0.011706191494777711,-0.10347906959578199,0.002744801939250045,0.01650407542371052,0.018645965798567494,0.048064744786343046,0.06159737673294027,0.06705501954044803,-0.030477878192966823,0.006162273124912785,0.012646925588895835,-0.007827338317095561,0.1303136780818553,-0.035157640426198684,0.19637453621991266,0.10708252845123781,-0.0024884304467585757,0.1512514943749656,-0.014093821184154217,-0.09924197208672599,0.08936180589041971,-0.12311468221053357,0.07887771690465506,-0.06558178647507516,0.008871386396420013,0.10252587430443785,0.04788695145170371,0.004796387890264162,-0.07251037133334497,0.03174525162293004,0.026397566472672836,0.043288012180033704,0.02144878671810162,-0.10359435379232661,-0.1622260460440416,0.01496339236275321,0.0016623662833781488,-0.14596135312835415,-0.06206382838339462,0.037434585117753404,0.13330029595862103,0.008287456435726636,-0.13769589774324584,0.00387552047467874,-0.12934960597022127,-0.14639768750214047,0.1257693066754374,0.07237449303009144,-1.6904049051394737e-05,-0.19309630923342536,0.12702793512782096,0.12461397087233808,0.05935843714536468,0.03980074759759622,0.21624715727467272,-0.12462680082669134,0.007491085309867706,-0.061863885659668286,0.03747514447600799,0.14643660313048623,0.10199534637747187,-0.07425508376914325,0.118027772334862,0.10522225164528715,-0.15099935287261393,0.046865886769128076,0.016304746222241744,0.15406912250476185,0.08589113149995171,-0.03247474754536404,-0.029587805144961506,0.017694347892439736,0.15616019672007098,0.05813309991354363,0.14060522592070693,0.0706996177804448,-0.055719301276210255,-0.012972735362441234,-0.03600279850123507,-0.08541608950657377,-0.15999857023918373,0.026858398667019532,0.013479020535832597,0.011836018779833089,0.033924567060591757,0.031964532517124285,0.03207035280123764,-0.0031254711393629954,-0.07463026525659262,0.10461140071469921,0.02030406607610454,-0.16177780749593265,-0.005052425913843221,-0.04375763824147419,-0.04081243188960864,0.13186852141503858,0.023990386416895288,-0.013754512882373414,0.07532263453729998,-0.044176732635800915,0.02719376262778555,1,0,finance
114,-0.05514893082424422,-0.025653983319146777,-0.03039053795116341,-0.01329514712659229,-0.05654953210588765,-0.024881416236258946,-0.02430741323230418,-0.045765568106857994,0.09976408048949435,0.028511089253043,-0.07053003849383113,0.09807850405801108,-0.06092329747089246,-0.0807718018096146,0.18125197552713318,0.03989659539536439,0.07366451918006739,0.11821666954883193,-0.020171042312333087,0.018064979075748187,0.0064268059397067905,-0.03446254285800073,-0.01689634619945156,0.14147475925752295,-0.03435977181341044,-0.09876897731423032,0.07607569530709643,0.07458274118136628,0.02687351795270946,0.056752675015511046,0.13127157130076383,0.04111880380909754,0.1594738805570514,-0.025784319669900014,0.014196706400356907,-0.006704066550361564,0.1968391573408575,0.023882829615414408,-0.10676423447563789,-0.02527807841265215,0.027496417619395887,0.12324639948510631,-0.031017508026593726,0.07452158655903826,-0.2544684136168219,-0.1865921875743737,-0.020764844975828027,-0.15379921343072045,0.07676544501481357,-0.054640307005394136,0.13161066787025846,-0.11625502476750693,0.07474922948091446,-0.04650146810604609,-0.04594647348235859,-0.029588804514581034,0.03201712086263504,0.03609706466146625,-0.016746949746106663,0.01411883297688267,-0.06947082956806692,-0.0956400529105787,0.04796948774926943,-0.16852943322084232,-0.0009429417914177111,0.023812437136944906,-0.07126574300494656,0.02096561795061643,-0.04486754189649591,0.0016267280458018172,0.043627537320241855,0.01351754203118459,-0.028739297612618567,0.04645922673420795,-0.0026304280026474415,0.010356084759797482,-0.05924240853084072,0.009324428085751868,0.0379626714970791,0.0052279011615580405,-0.040393353540301116,-0.00018916979129051116,-0.08725149884129155,0.04122795209455156,-0.03096830853471962,-0.013538695118732513,-0.07197546250440581,0.11874590459934631,-0.06540308593194005,-0.10130108661499959,-0.06811516737746127,-0.02045070560154363,-0.02618923466901021,0.04413942962437345,0.022068560804500866,0.07935296731157397,-0.08624896141159998,0.0744882818678563,-0.0966179561618975,-0.07266762164081225,-0.10799074279199732,-0.06803897127648117,-0.0896406968226651,0.010588097661776973,1,0,finance
115,-0.15735212179875982,-0.01365077802531115,-0.07347754324922048,-0.022093838220377752,-0.1479578711610941,-0.009480115335927616,-0.056455087032171475,-0.1274260855273892,0.06984565653794235,-0.03177388309497378,0.004843845112181838,0.13508228897025898,0.0035952465844912556,-0.11163839162207273,0.030979789093770214,-0.052463429286261735,0.02762396340591583,0.1440962382411344,-0.10103368196410317,0.024536218826121083,0.09332085906298411,0.008424785851908458,-0.044160845364864046,0.07133255065513694,-0.005447972921897709,0.07208841859529327,0.02154953969695432,-0.04128908887084859,0.029780874425284508,0.10706515732041542,0.11027607389937825,0.09574219809361637,0.1293441656008112,-0.11322692085366012,-0.08862569287974892,-0.22802251644816357,0.07071726081744985,0.0729786429510497,-0.031379075719042956,0.14512198670426213,0.015370003008273176,0.0011353622425859067,-0.09036798335394328,0.10793145519196677,0.11008601390351375,0.1432530493425726,-0.02440512446459339,-0.0705503807369185,0.16873576258559994,-0.013125088870471655,0.06911314987173113,0.11204559540481462,0.03400784762286591,0.12047388489985117,-0.11773680206473104,0.08669753632084838,-0.08712655799592117,-0.011235639159879343,0.04142556203718928,0.013665299620335275,-0.005932334108241153,0.029988585682095628,-0.0011320326048665653,0.021267375065036315,-0.1090657966683288,0.004962964985333689,-0.016723071801406343,-0.020304504712127656,0.04683016039900131,0.011581614072678824,-0.016885118633417243,0.003582223991474024,-0.09173556351530253,0.12100983067849286,0.11931858070430305,0.014199881241731443,0.016803638269205803,-0.11016031887636607,0.04958818850245513,-0.009924389512424763,0.09572098185361655,-0.12372793269256885,0.07384602336400575,-0.006604303429841541,-0.014943577460249536,0.06100797239291014,0.0718928988181528,-0.12342872407920609,-0.07291969780011616,-0.023785547253341425,-0.008954579121316092,-0.08263519736886413,0.10840999824313943,-0.060787553232354005,-0.14455753048934097,-0.023682822729251124,0.008593183943551562,0.03569454280042908,-0.006905341048291577,0.010230230476482262,-0.0053274104575290184,0.0032563612657336895,0.1562253951423222,0.07883283255418042,1,0,finance
116,-0.03861569991717856,-0.09451771027746299,-0.05654081062229889,0.09064593395242972,0.03277193259328095,-0.04047128489047349,-0.02993922369606189,0.006616869557726623,0.02795263541936849,-0.028533326635528166,-0.006869912446640059,0.009283680876580918,-0.019370851004576264,-0.030541969957889818,0.006639478483776778,0.051688072587632604,0.09834554155091603,0.08826543987178553,0.15178980017714094,-0.08303341995391045,-0.06780907463069479,-0.04088066361458418,-0.15819747778815205,-0.07711881462237946,-0.04401995430307745,0.04419657833277633,0.060167055943194714,0.14386759081787767,0.03579664437387699,-0.00011524223389451602,-0.023790177936282776,0.02100646368750368,-0.0171962162627909,0.0856969673496518,0.035736203171877416,0.020432008965980936,0.12032254677043962,0.09882664144767278,-0.07502144374836507,-0.0626469478435602,-0.0696167249057712,0.12436163053354289,-0.08078137125251245,0.014528350906131941,0.10733515394750655,-0.13153939875368584,-0.01795002774347035,0.03558178170783673,-0.10812368974847798,-0.037845458209110075,0.03430966019907432,0.027706572296930167,-0.057993930100200104,0.05388570234607819,-0.013922091696499796,-0.023324292132847518,-0.04221664616747996,0.010943602211146597,-0.07890544237210737,-0.1818413482226589,-0.10655451508826526,-0.09681939156099913,-0.025422815351258694,-0.16944509402143898,-0.19676532732819094,0.04148401894695714,-0.008181864102060215,-0.0033012216595007357,-0.2439911741060447,0.1307997931063699,0.031920892196016744,0.1182520869412934,0.10214135433602953,-0.0322702607505655,-0.10116314251831061,0.0913816161327983,0.2657935805194458,-0.1754396225090929,0.03835754934920688,0.10922302114273222,-0.036740417762589433,-0.06317575127694794,0.12083474533013565,0.23227827965763204,-0.024662956412999107,0.118996411854191,0.045804976974834856,-0.0644142412454378,0.03982261183479504,-0.014664473102912936,0.022797502376634055,0.07882182828014103,-0.011049854497735205,0.035952499412456734,-0.09794271938066464,0.04137910030534064,0.07477724001106166,0.022185313308672742,-0.04178785321980894,0.03646239861671903,0.09808656825366444,-0.02811477853296399,0.06382886648286756,-0.06709790702949105,1,0,finance
117,-0.1994550561699468,-0.0777055317435278,-0.03454460843686779,-0.010305485819317128,-0.09842807629807622,0.05129278059239104,-0.11721481638434036,-0.15202210783007936,0.11089801675484214,-0.09234259533670072,-0.11351005202059584,0.32490707844702243,0.0286555628302819,0.04382448556337336,-0.02909448039243629,-0.10107262754178627,0.0108932111047733,0.09578141503556825,0.045478543115284896,-0.11467367356024315,-0.03275846876098733,0.009771520829147486,0.0017274930721020857,0.2010740449750442,-0.11153802071442927,-0.07598623740889833,0.0687964125130772,-0.05274963283711638,-0.08821123503233154,-0.22363424767150972,-0.1820298624027036,0.0521068582621836,-0.11916819150058158,0.07762100312037262,-0.017179699174105913,0.10272168727157843,0.05829077825452296,0.013968874539702171,0.03976320664878896,-0.04117216989217295,-0.030025409987095682,-0.11037408886961858,-0.04983298748829125,-0.01177268306399321,0.011206191551757482,0.1740027668355764,0.040478640067919354,0.025311889050461445,0.07634352020682948,0.1286153400702792,-0.1628189733746757,-0.03051800429008489,-0.08225417214066942,-0.03226561932203586,-0.0031071700174402574,-0.016122171248646698,-0.05412306714556287,0.01978126165415588,0.01578162633479576,-0.08865523575300768,0.15334042258805441,-0.0779116993620596,-0.07248941112723656,0.09454970741594454,-0.024614498653321142,-0.05803108859613758,0.04555130560506056,-0.03305581503048116,0.020106873280634423,-0.0006630845441623526,0.010304765846118315,-0.010321074031828425,-0.01011832236544933,-0.060926502951278445,0.032031692809798916,-0.060673645031178114,-0.012392076943804101,0.026250657267254347,-0.03993327415123002,0.02381153613620118,-0.007920518536163528,-0.034190363069287084,0.023264132687807724,0.03799809506832438,0.08271240986535959,0.029229973572620315,0.062024561337337386,0.0022843761065882927,-0.031137462170572488,-0.03928916518820395,-0.08092404328698981,0.024788458868989647,-0.04288394637790692,0.001813537142234198,-0.03159346745560475,-0.008339426283924771,0.04628572102827457,-0.07755123467431806,0.04251843135497829,0.0009863746820835781,-0.018899807408202768,-0.033181549244736985,-0.07331466664286314,-0.04303486813823473,1,0,finance
118,-0.12188020129488134,-0.12518130680995085,0.26820370358172696,-0.0022065181483923247,0.40534131915259,0.6080396761952904,-0.22998004342407646,-0.02410066564875687,-0.18419686856238202,-0.015721210578421577,0.14983221495439866,0.11471152509524425,0.1526612737169512,-0.18125186971741278,0.04400548458091811,-0.018509991130937747,-0.013649779927466887,-0.15868009626604976,-0.009282203823147608,0.052479154516859576,0.005292520948489275,-0.01834074359884824,-0.04718232607144051,0.006038281885521972,-0.03323172444408144,0.010013615223484092,0.0026791809093594564,-0.02634833610615461,0.02781577334080049,0.08336890259812875,0.0019545786372220674,-0.0016535564007033416,0.061061424554931576,0.004569603331498838,0.02053185924036584,0.02836753136121379,-0.008430220306621375,-0.0022714606519681872,-0.006819980699851393,0.020588095614896638,0.02846208007485013,-0.010510710460778517,0.06430399417081929,0.034550683764707275,0.030232415692784138,0.034186975584494086,-0.022717547635717147,-0.027009266962837255,0.04058386763305929,0.03545532658010899,0.014216036517321711,-0.03440288054190486,-0.0035777672894835807,-0.051457119174309826,0.08355953765213908,0.07115038130395109,0.02645483005621817,-0.007945462989060473,-0.01518688776676532,0.026751505391485485,0.01386262158689596,-0.048765945459159514,-0.023118272382843218,0.010655341519800337,-0.027952172345448365,-0.030914341920128114,-0.03218015645517321,0.002600675819774002,-0.0038645727701479855,-0.0035671359007059126,-0.01985928710624862,0.005053830783108764,0.002810177445733924,-0.04508677139401544,0.0071062148042487705,-0.02800592868334215,0.03128529047737951,0.0461217533850104,0.0365182057268061,-0.04859087360947948,-0.022648601025795724,-0.00672461210782701,0.0026534268993387775,0.03312171410590516,-0.02326165167816447,0.03467764577282451,0.004200422939131854,-0.03166657456884015,0.051682518110063955,0.014629211839556495,-0.009274611796694414,0.0165811405001749,-0.006526246421018616,-0.04704377902872118,-0.01722199529587622,-0.0324186397778596,-0.004818896980171791,-0.028435938516137235,-0.01113604676634629,0.03218225018645043,0.03136963481320772,0.011678083072267956,0.05344320378842319,0.030779897005290355,1,0,finance
119,-0.09435099037783241,-0.042084731457599237,-0.07159090133083426,0.05174341813410656,-0.1438402945427527,0.022544843893712228,0.05298123131969794,0.07402877250860891,0.09810382838419796,-0.04562209126439078,-0.03543313383650449,-0.1948047464654756,0.4274118558145488,-0.07122666788022618,0.13773531812215606,-0.006382969593909244,-0.05594470369928509,-0.014431548002001509,-0.07528232564304445,-0.02689962755804598,-0.10153525822071646,-0.053501662662136865,0.027976373924271943,-0.047609258913454876,0.008953479782117068,-0.1582202768141418,0.11719768302958436,0.010630766640652,0.039548741520255434,-0.1496715069838092,-0.030221637036341512,-0.14286502394925113,-0.10138711176436543,-0.0525480250818242,0.06476879474040774,0.10705975440341146,-0.12992155723439178,-0.01889023042200935,-0.03695246211251508,0.016668194521042914,0.028901544509093383,0.11478377777275792,-0.12282549033761744,-0.026606402448194105,-0.12870481966618555,0.042799921126802774,-0.02342528218198269,-0.05657020883974827,0.13599939851525558,-0.019464348025386918,0.025797006440664415,0.10542909986579566,0.00215168620405984,0.03415489570358191,0.17144800989383557,0.16607933118624973,0.04704280424412063,0.09542458903268111,0.11842235965783923,-0.07123899479206085,-0.013068495221295669,0.0179255222596335,-0.015450352577344456,-0.04816199991088733,0.07575860179728484,-0.029908887205841853,0.05070260489309754,0.10167495681251638,0.00022547983707090535,-0.011584667973849652,-0.006985879092650657,0.09716534463355041,-0.03737411116181494,0.05744153356047089,-0.06471680544468714,0.04904056341185739,0.015479769339894875,-0.06509304335036642,-0.0038600697954716424,-0.020774052711308347,-0.06795044507035958,-0.059529221497471634,-0.0012081316282757332,-0.11818054189117773,-0.03284809934686654,0.029742525718075556,0.02810827181979162,-0.022094746126571096,-0.008240264151634437,-0.00989218642643812,-3.771754304256486e-05,0.0037371854242660325,0.02186130453983788,-0.021653354259656178,0.07112860770676173,-0.010735287851552892,-0.00017637425039825527,-0.001005773009102754,-0.007290987530305288,0.02737508572787928,0.027089534253447206,-0.04702007334702094,0.029973953943860727,-0.023546353835422307,1,0,finance
120,-0.07018010151191595,-0.04407995541116078,0.26206029270960585,-0.026572638240072072,0.09133631125583952,-0.02224641439027614,0.003263147617872966,0.03383992156900315,-0.12322222586316645,0.048867825116232014,0.12281659039202036,-0.09409463592468603,0.03881873663899361,-0.011501504228034608,-0.1642812294882409,0.36600697103695845,-0.11902551096807475,0.5523372890029372,-0.18887014805993027,-0.20563668974625315,0.08884642735946406,-0.08110099502664013,0.30474689921090464,-0.09758987680229775,0.15481961836399424,0.08174781832158091,-0.06661823722157346,0.1234152502448183,-0.13182468836158429,-0.03534354689550167,-0.06787622812594366,0.07480806108620124,0.0390651339493476,0.043710086092148236,0.02704064263537275,0.031423130817297994,-0.025637421258451823,0.03416830655246531,0.010740190528773019,0.024270152269331328,0.07468456136342916,0.037654557412452175,-0.004904218055812756,-0.016842863624250422,-0.007564230505110868,0.04213687900659867,0.007904495983644833,0.023171285479430436,0.01200259412179105,0.006128792293228212,-0.010872176457174296,-0.012349884700453069,0.005669009100055581,-0.052648372801896076,0.00468892608860383,-0.014592297714263644,0.004250302880134384,-0.03758867862113233,0.029518385886373868,0.0031227157752360575,0.011431868908824283,4.0324295145146396e-05,-0.009495092641894812,-0.014909472570507181,0.014026179745247185,-0.017064958791718526,-0.004046957492166275,0.0023486564784807873,-0.018204005075007877,-0.007685268627752487,-0.031519451727919874,0.009752719703130014,-0.018354852209518904,-0.02052066257995974,0.01146235608225706,-0.0015688179501981534,-0.0011281751723307106,0.028341827907586145,0.015293563317170031,-0.013195628930132838,-0.04775321334913872,-0.026539262929201786,0.0017522886640977421,0.03436002569449858,-0.007691309327864934,-0.025136374039338962,0.009043154216525164,-0.0038478682909788993,-0.0074793359086555,0.01793483813046856,-0.022422187765130403,-0.00425060834206714,0.0027359310966760583,0.018246030017579438,0.01701553274429712,-0.013582009555937016,-0.01833315801563128,-0.004121779385052426,-0.0048502095918155335,-0.011641671699296505,-0.024891396669625372,-0.03133706002596969,-0.00025678943376055937,-0.005787525223170404,1,0,finance
121,-0.13864019739966602,-0.16846624164829518,0.4808831271769441,-0.23683402602258027,0.17850890934471356,-0.31510212631871226,0.03893637211789721,0.10519647596901595,-0.057687772611240286,-0.018096325953115083,0.02852579180048497,-0.14407078092760184,-0.0028520464153016047,0.06949169408398337,-0.08484760161703887,0.0660571119419002,-0.09057729943958966,0.02111166988159142,-0.013237141029324365,0.05427518177025612,-0.12918144281609242,0.04997751592618324,-0.001994544400738256,0.07646869281423803,-0.13509814429374456,-0.09569332206480609,0.1608384350747462,-0.13230685081177407,0.002190647109102892,0.03627237747579537,0.12687420188754833,0.0025979465716289155,-0.009936114737611954,-0.10037801714779715,-0.02213601960236392,0.0377869094075268,0.05887933871073145,-0.025424606612138145,0.0324019319054158,0.028519767950278174,-0.04261353567005123,-0.03939215522773004,0.008776455532148236,0.05171591636597036,0.03024641144330531,0.03131449762909058,-0.03445731414821554,0.03526110608951389,0.050926120000604806,-0.0218664055968328,-0.020867972108503812,0.028902053556917315,-0.007292568804928047,-0.04089308642668781,0.0026307308510227297,0.011788390239175368,-0.09556131251676504,0.003141822432668203,-0.07094003423799214,-0.04295860049218858,-0.0213318272110733,0.015700343674267855,-0.02336629127234187,0.012240354478819316,-0.09920133969455032,-0.01744381782396192,0.0037679385318054306,0.09579148245926351,-0.04329613251567428,0.053934811274445556,0.07406598657235067,-0.014347961294087658,-0.010244072880104722,-0.016487138030582264,-0.07636707098554954,0.014963683858238246,-0.04827163787888549,-0.0341139118942411,-0.01370466953128274,0.06076572753237618,0.0176137940563885,-0.032617104658488605,-0.01317164507506839,-0.002869555095331064,-0.005886107552055886,-0.07213381716027778,0.006130832472134394,0.05948151742476915,-0.04583298293300191,-0.11988017985698958,-0.021414434687858076,0.0972193001300674,-0.03960636053633481,-0.02864740145753857,-0.0103766132947575,0.04400060072968969,-0.061272393589511885,-0.005650933290373544,0.03040568023315584,-0.04268320291980085,-0.08475470318944922,0.11011826757558518,0.05388721024173805,-0.07117172531699739,1,0,finance
122,-0.11367930994241522,-0.012001122171168962,-0.00318027076011156,-0.04476781532532345,-0.10750069530503088,0.05053845442995057,-0.005503424935966696,-0.04996738874798066,-0.038158950966746714,-0.05795172971813952,-0.12940128557463046,0.15963405592507848,0.041700861573389474,0.24763373143056458,-0.14642777415728764,0.07321717954395421,-0.04305526140674048,-0.08240365567170166,-0.17667738143765307,-0.034885514216493815,-0.06599309376247123,-0.08197822380395785,-0.0293419611624208,0.007606545827263,-0.00012742781621093103,-0.050404509034168064,-0.029958177378447085,0.0998505241173381,0.03450842242105991,-0.08025492446894007,0.02195116648443727,-0.0799590437176699,-0.07108135466322472,0.06567413962434027,0.14718571613161582,-0.05352485277787707,-0.09261139960716866,-0.05730829164401044,-0.015391865803209271,0.11493787724785902,0.0528282198605541,0.031314826843428505,0.09152392287826422,0.15381828352760965,0.03740988411326721,0.14143154216285017,0.04460919644083607,-0.1299502924532844,0.13537634780936222,0.0008588817928924964,0.00897960189162134,0.010415927101088948,-0.053678251820615495,0.019819790385962682,0.015386180889404206,-0.01336206961895369,-0.04087906249749326,0.09481733838597155,-0.12579712996309553,0.06066469351829862,-0.20720640749054767,-0.06667768999486709,0.08406298301595605,-0.08904086157221688,0.1768437541271299,-0.1750972561437811,0.022963355803310048,-0.1563759742557161,-0.008721126110499829,0.014285649745789098,0.034495547474395455,0.05212883487395534,-0.01644076318048784,0.024334582748042313,0.015421906037899691,-0.058481264008773175,0.20705768798188615,-0.015160138413326618,-0.027315233340933588,0.09565073019674804,0.16395725724238971,0.08143280562967908,-0.12062350717879909,0.11591021705407382,-0.09479350071508613,-0.1096770042035593,0.023553026829490387,0.10946683605722661,-0.006012587016530501,0.019398749489272057,0.05831073246630498,-0.00011549095004469364,-0.07417057361088866,0.048995553690986446,0.04573958047941795,-0.028141358294371106,0.023558489753549065,-0.10022561760942289,-0.056191721620440435,0.0006484629545447917,-0.07401886926928801,0.050488550999142505,0.023614193540266466,-0.07724283963366407,1,0,finance
123,-0.1494027028252639,-0.12006950289295162,0.18420701200246364,-0.007878355325670038,0.15324898191140307,0.29264471242148127,-0.12217360927909575,-0.03686632251562016,-0.03619150826523289,-0.026938620319257898,-0.05695222021790914,0.0577779605602076,-0.013947644611412817,0.1372803357195351,-0.049845915647256045,-0.03291982991715804,-0.011251364087155031,-0.02002869195997711,-0.020892629767382813,-0.02576792531157088,-0.010864033906359353,0.03621054300003793,-0.035727401368559696,0.10354460520201252,0.011882099789584233,-0.06844996876094209,0.020177752359303112,0.06919773210304173,0.007872272872060533,-0.15251361187452755,0.04396307176126469,-0.03892752559311082,-0.13267175392503794,0.07176030895766784,-0.010545145443872521,-0.0788275090015436,0.03906955406089118,0.104867792693194,-0.013679549918452267,-0.03347270055460483,0.012368836111016726,0.022169172906209077,-0.10187188289302276,-0.0882098328599007,0.03527184823811798,0.028495568309722608,-0.02400984578708452,0.08151978292282651,0.03391545147008329,-0.016520524629348943,-0.05300756099497207,-0.023142745195783857,-0.06443046905651072,0.10613002650376122,-0.25253378084371,-0.12702279059796198,-0.08444128879828061,-0.007249508603463161,-0.0719496451587989,-0.13536475091059508,-0.0973256696991559,0.1434168871416427,0.0627541268357017,0.12571523895408937,-0.0315751767005817,0.021038973905619523,0.2075531877600204,0.13025917277620405,0.04855371537959907,0.11371415599762592,-0.06575115833420069,0.1033966200424442,0.01302544473807177,0.11067236009102928,-0.03687182315740404,0.16337544903342144,0.022798688872348982,0.023357590492094016,0.010990943573635873,0.11279515136259238,-0.016835717272823948,-0.009544712338413218,-0.08453116203409013,-0.07562834936711268,0.10420554219051117,-0.1500854403054339,-0.04773989221960365,0.07564288891698488,0.06885537499375907,0.011153087536799682,0.04140647488748995,0.07724573287324678,0.14549225984259498,-0.11769040620598355,0.06900183621545097,0.011208502191548186,-0.10281296601216072,0.12818382738251027,-0.12771934241022462,-0.04731707331592984,-0.009483375594602342,0.0023809383583220795,-0.07850165111617091,0.16478171455783222,1,0,finance
124,-0.23735593812348824,-0.19010399116326562,0.39751930545821024,-0.22719753111961521,0.11089900403116162,-0.2810136793295103,-0.06349864348116287,0.04052710202562327,0.032176008697840874,-0.08464284040462987,-0.06183016956112338,0.0349803619540394,-0.013761894512546882,-0.006864427108974129,0.055869906758860076,-0.1335259596712833,0.028995508073054087,-0.03243458212195974,0.07262515670273022,-0.06809408575887115,0.04073353168416047,0.0019408937342172818,-0.03140147092877923,0.0006906677463700706,-0.019118196063626632,-0.036139262678008856,-0.054734224160737935,-0.029911871719822774,-0.0007659413681821096,-0.05264566539741485,-0.06525199280465512,-0.05091048315976889,-0.026509438304640462,0.03491323034791457,0.029573428641907328,0.01906942893221895,0.028733960417574905,0.046217591636765754,0.0015194683028758372,-0.09664342326563005,-0.012838243673723137,0.042491782538142175,-0.05276601113407074,-0.10602600178476373,-0.04224176067715934,-0.0339282572211249,-0.008774099026030225,-0.006242169170966618,-0.00794698989268491,0.032235887378041346,0.03870597587735039,-0.016134755890335424,0.011465792513505478,0.02432953712452022,-0.039056886266034464,-0.13366624996268286,0.07139232979671686,0.04904227156571767,0.053679875926687805,-0.07992855931132449,-0.030420301444750195,-0.02051312510874284,0.019971273240245117,-0.04035335768544801,0.06789134090306624,0.016997244294105613,0.016182032553361324,-0.09855449905033155,0.017995553200139992,-0.026450388067936415,-0.046143166433204874,-0.02459654623608043,-0.003940525361449126,-0.011092388082072245,0.131724476012356,-0.003324502675424073,-0.024744988209692533,0.03715702363722784,0.01611983169698389,-0.03309457963679682,-0.09298653349638539,0.05241150160750694,-0.01437886366211725,0.04308304110221089,-0.0042783432441982185,-0.010763644201662408,0.043134615684161166,-0.03622402402591147,0.03576807988916556,-0.00396714252876151,-0.037881732609216456,-0.040368636116165535,0.051567722658520304,0.09099318354603568,0.0015285104800513618,0.04611650439669403,0.005665740759500879,-0.00908189862412437,-0.023884979697239534,0.014237850586108693,0.07705976050868875,0.05835361139806439,0.14212613858347506,0.019319533194552093,1,0,finance
125,-0.06335337817984303,-0.03430076512398125,0.057461845406263035,-0.037819593017004265,-0.2813161850757946,0.18902273483084508,0.2320798389708011,0.41501179804985905,-0.06884162542858759,-0.06661527479771737,0.07665378615025903,-0.016809571446546212,-0.14711078192592386,-0.2165294756783936,-0.08694093311869741,-0.007219679441639279,-0.004625466930475683,0.028135518899828283,0.19286812688360044,0.010682920740246892,-0.14564548535770477,0.0418120069178834,0.019808835061063814,0.1525688818857331,0.04268108790221604,-0.008602341050709287,-0.11700401703639025,0.1671124711840388,0.044628770951180466,-0.0640010134422515,0.0011293028573418008,-0.08488291518800256,0.00729862939187172,-0.0017881941233546094,-0.05218761519274756,-0.08958200551686138,-0.0027424926270900886,-0.02085930810573052,0.04841017084965897,0.002073103294261529,-0.10909911403868373,-0.02883994192146214,0.00907083058341605,0.07074190112802109,0.011766870520683708,-0.04232549101052919,0.04863325202297864,-0.01913869473860869,-0.007844404884184242,0.045843197208790334,0.05694452150347868,0.009224433433353376,0.03799103695024751,-0.06143369258986784,0.05853185393382007,-0.036687404593782724,0.0013843522281134155,-0.012853847717027586,-0.03869023220328675,0.061578735519028614,-0.023305533127131003,0.03734338691087693,-0.011816624038885662,0.003677371738823441,-0.008712752612715277,-0.02325324199841627,0.030709389644012222,-0.015166244517290628,0.03433560396875581,-0.02282830784429252,0.019309710887907457,0.03496737658185953,-0.009736526788012385,0.022406145105040368,-0.0062705973178453014,0.07234681442686203,-0.005658454093883948,0.023543242573998847,-0.030989820596707577,-0.048270145290701255,0.03202750339624258,0.014134411865014124,-0.044088985426116674,0.02676489179445127,0.041707046562180654,-0.04399341194470564,0.013144147745795563,-0.011511076758916505,-0.057048079441034585,-0.013279470044732658,-0.08920216301664248,0.010554044220736568,0.04398709309189934,-0.018493261028704706,0.004587879567686026,0.0029086519916798185,-0.023227972793749403,0.040617299987752674,0.0063092073024910815,0.02051384468113318,0.025402179853662565,0.028474497633499782,-0.0035177694950449733,-0.007431254673547422,1,0,finance
126,-0.10291334230427218,-0.04461239208987505,0.05738414144164332,0.037256092926820514,-0.0563118464895225,0.010641261602026504,0.021997847251039922,-0.04017670772975534,0.03567386311604388,-0.027195348053362337,-0.055135055604938824,0.16512670610258867,0.07722700310848936,0.12873779726431187,-0.1425008415264987,0.11899509021061087,-0.014661328949114939,-0.06282614286527932,0.09414488532169182,-0.042158795513735144,-0.007892176755664384,-0.036361861400217826,-0.07308435809491028,-0.025378304044151322,0.04462919149615471,-0.049092029378746176,-0.015146725679183385,0.027796367167552533,0.020746772489413975,-0.0126401870020115,0.12219508675704185,0.044931502768789676,-0.02032028289985724,-0.015499625601183151,-0.0713091816130767,0.015695582746238144,-0.01863706329736323,0.15141036996644883,0.0509393718132917,0.005853102956400215,0.08567159283435949,0.059967449644998894,0.11296898904709461,-0.125093457720867,0.12402301505430356,0.0781574345662781,-0.11396830531672594,0.08626193987295949,-0.21351747356464645,0.09000300345646511,0.3183386688393723,-0.19939112280395616,-0.06671229121497799,-0.08415694247249605,-0.201660585891304,0.4140025723991642,0.0709642412390811,0.06569629011741908,-0.04355489919301802,0.007756756831267004,0.14216494678865352,0.06044504368095486,-0.0626161035579425,-0.07994986793027165,0.11026338907476732,-0.006415398880000726,0.024202359371504306,0.020677298546834214,0.02564603275422323,-0.08001627234247857,0.09926775559617294,-0.05213342440907115,0.034964432708752415,0.09721925875028987,-0.07867588888387886,0.05078174813835782,-0.031304081319021945,-0.006136308288973894,0.012927435977209557,-0.003163719665047552,-0.03618661406327851,0.017658245408133537,0.09736682155156091,0.020711391823367547,0.00552738815330494,-0.03575723348073546,0.03966128991187564,-0.06425410462197392,0.05430902304793404,-0.020526221426747593,-0.15510678650374402,0.08250077748519011,0.051450952423315766,0.07150555764808951,0.00804128813808908,0.0018301719064962205,-0.021621535055401254,-0.05466187274944449,0.049411925481102834,-0.04619420370615085,-0.05521318598352485,0.07329397174551032,-0.08195144727497448,-0.0757579231727503,1,0,finance
127,-0.11401992649546548,-0.08903763832090614,-0.09524069089335786,0.16802275271666042,-0.08354448734080122,-0.013264061635079172,0.042947988932167974,0.06982856800927935,0.1414895877893542,-0.105570650616448,-0.14990906885090505,-0.3822227581247027,0.5703643660136456,-0.1266746561620682,0.19905637123122272,-0.01482180397772491,-0.05148851628578888,0.02551616690376838,-0.01615641010896095,-0.034274035980481635,-0.046667570560413145,0.059392536899263104,-0.04091966029305522,0.14449520228811294,0.023762927936606417,0.00034528387376698996,-0.049449796780185455,0.004789337397278415,-2.8250797814151842e-05,-0.07683207031790514,-0.023664852914018666,0.029665993998485237,0.009695739887378846,0.07490105338889437,0.01884496307497355,-0.04708723984559002,-0.02646924468533622,0.06809873862716953,-0.01933292600087536,0.00573259744405837,0.08553229173757294,-0.00711259458387934,0.054136966316266355,0.04956831839893116,0.07978009946441225,-0.01298081013626867,0.011410809433142509,0.027728982155342086,-0.09212284880878817,0.08568668931856711,0.007891028231506666,-0.09279602494305214,0.07316133046446423,-0.03548898122840202,-0.14877015495268225,-0.1182087740113744,-0.07571451651636042,-0.048643761460855806,-0.06326562487641504,0.0916178590879918,-0.0009516432627819792,0.007954039991880183,-0.007436384732621407,0.020427614722523267,-0.11404929009305714,0.025391802219182014,-0.033152166343342775,-0.09070683519281755,0.00520092907410724,0.0012579092749616502,0.06397697593374631,-0.10233592786228553,0.036806862706727055,-0.049531655696536656,0.04497399958950961,-0.018664607384624016,-0.020712476424894165,0.03729811984381963,0.029522456972167835,0.0013719053741505357,0.03161077936521829,0.02254300735484483,-0.005470429608240665,0.05845872108219707,0.029864910967197646,-0.009805385793113838,-0.04118033403793299,0.007489122719055135,-0.015183186892547081,0.026800052543287562,0.035897594629203444,0.005306734462256833,-0.040750383125680495,0.01629991506344368,-0.03270235179230298,0.001160624631728491,-0.008596285227217712,0.008784948718308129,0.02310589170599064,-0.02557853405194509,-0.01720628574303415,0.007360793803085885,-0.010633041584100706,0.0031217705433895324,1,0,finance
128,-0.12864572516826106,-0.04450220719754855,-0.1098133628162644,0.04297968256422149,-0.08420726221931735,0.008870554840198042,-0.00869426021773305,-0.017291744768620637,0.029383869566545536,-0.10614308191037092,-0.10407887638068798,0.17013760770694056,0.11612265326445853,0.16946781454902216,-0.0877733705836249,0.019098344479340994,-0.03135387842700863,0.029883848741594436,-0.09568046135269309,-0.002613885347500366,-0.10173147653338799,0.13586807035746556,-0.03409543844979882,-0.01629496128273739,-0.08019990338244931,0.05152723881870646,0.0075128037598049535,-0.005192616917684388,0.03423246547269449,0.11056179861872041,0.10481898900603263,-0.04171053920912013,0.13003424222578075,-0.038557950928578645,-0.07967400459858587,-0.11425330819812062,-0.14699788420185358,0.028188290793018655,0.008434301153863729,-0.017562123201450362,-0.0298865926211879,0.12215208169922291,-0.13461246980681466,-0.08234125180541138,-0.013483833357642935,-0.17017826759876237,-0.000581628851984884,0.09043522743293676,-0.16341976786599918,-0.042893421752700514,0.03002776863237324,-0.031127549363430925,0.1234719439044692,0.015611361160819924,0.0009023423939765403,-0.056338357196370335,-0.010289873158413116,-0.10151001886300477,0.026575944421756675,-0.044780479711932136,0.13407320748920312,-0.10533344620020375,-0.021473923492963155,0.0910517566220731,0.054623576497576425,-0.03735930475993773,-0.027664525758821005,0.025773570882499684,-0.02923153330650099,0.017361473767265875,0.036139958936297144,-0.02373775527338114,0.05423275503939596,-0.10663153097122818,-0.10386153397325784,0.0392781598191092,-0.08846345110567858,0.032856870928711694,0.05445897393503568,-0.0734649602008751,-0.08895574260285585,-0.050562981929029464,0.08932044610642222,-0.06352864543981471,-0.000754881360042024,0.006167899377397602,0.09699601537989767,0.10929030211518606,-0.13620947945160122,0.06843393219823016,-0.08890061364956363,-0.026265181631684082,0.0026651606958179486,-0.08936498469224126,-0.016328683477117665,-0.1201171067189874,0.005090942105310352,0.039610977466183854,-0.06479068350904076,0.020211390689475937,-0.017881440840752487,0.024180076299032075,0.06213333339719486,0.0623641164739609,1,0,finance
129,-0.15006292512233338,-0.09596119046965727,0.033753496276880325,0.09160474962923312,-0.12994112703144262,0.08230497790791293,-0.051588085919696644,-0.14581526783193655,0.4349219178059656,0.2903386027629207,0.5867964662943486,-0.09775000046921742,-0.04756077025717166,0.1433929956619295,-0.0994524618286228,-0.11923490956408955,0.007980674840748925,-0.05810342671080623,-0.04082737450845601,-0.0183196097171213,-0.113088827889179,0.02696651222287087,0.005283384894997513,0.024985827887898892,0.04631439478996333,-0.01864545619481663,-0.038925347031325656,0.033589873928939966,-0.02349983721624131,-0.02494801462462595,0.041190107306101065,0.009538469083951315,0.041224650046679384,-0.0351272633999387,-0.0416619670865261,-0.006996787874664019,-0.014030334554109595,0.04080055704462105,-0.002762772079709283,-0.027944824248601795,0.05852056527510922,0.036744644874034234,-0.03219674062987887,-0.016589902348282826,-0.034736189761510355,0.072438242311176,-0.04829369541469996,-0.02492532729239202,-0.006600190433866683,0.022178995393396198,-0.030264955382057302,0.020620622371952,-0.010964346942746207,0.01000816386071874,-0.024384543658833743,-0.032577954378574775,-0.017189526438607484,-0.013724867186952303,0.011515955577738095,-0.0024590060457554833,-0.02151138652422954,0.009969231143966091,0.004080979839888907,0.0042315825372391735,-0.05702404920117546,-0.001460670832562139,-0.02486815738333096,-0.05868560147157897,-0.008275225777237376,-0.0005151991793227069,-0.013737861998720978,0.019201950778583422,-0.027837537281433528,-0.004368105172492031,0.011773136544122691,-0.008197659370996544,-0.04166512820315524,-0.005397629066289309,-0.035153602790458295,-0.024073419479290408,-0.008983325183245159,0.018787868010932296,-0.02339935086682531,-0.008157021155143529,0.0023471365298262615,-0.007230518049365023,0.0003959216679362305,-0.015923134425475074,-0.022926753933129485,0.012843521509050593,0.03260095572467247,0.01929209610792349,-0.013486941817734462,0.005622178188826071,-0.023072894599475462,-0.012636757328596884,0.0022606960017698885,0.009665740354008419,0.04289230098875039,0.010045503387395833,-3.854139908593503e-05,0.0019821944246270875,0.031933626346941885,-0.0588361537761991,1,0,finance
130,-0.13752530746333172,-0.10935726305672329,0.016363361036788274,0.05359733211059299,0.07716258704000138,0.21736577657328787,-0.1567725306786469,-0.08152835816350225,0.2967676339596814,-0.028589682953293408,-0.42036242143979213,-0.381022126392359,-0.3889540903855986,-0.13962439599326415,-0.1931662812351038,-0.0625415918361805,-0.06985055665313822,0.006309866013346681,-0.17878288782433327,0.05628474935951305,0.02740404604073496,0.003962213825227505,-0.031574700078738624,0.028643004980218968,-0.03784378561248547,-0.0115242374209717,-0.026080275233863186,0.054069814549757664,0.019366132593940197,-0.04469992060573093,-0.007345666914365558,-0.03348603106538093,-0.015183290619037022,-0.015312582110176203,-0.006907022630390088,0.062208280094650965,0.0142643980452458,0.016507954006572824,0.04939286722861639,-0.009669231610009581,0.01599464437924744,0.015246676696140497,-0.01615385602283285,-0.02727719426435999,-0.021516308520493403,0.001838962183168486,-0.06324494523104374,0.008049233587547477,-0.05389265657151345,0.029026102265755346,-0.0012156073615217176,-0.015344427121558516,0.02271229822858783,-0.007213699504232613,0.06704199672901445,0.01801716270365336,-0.021821193923766805,0.016546141607612565,0.006647233970667016,0.031530315246203824,-0.008886232894008575,-0.0033336992643619124,-0.022798405892934085,-0.011212225408802826,0.022427109848331368,0.05453992606076371,-0.007941662014045758,-0.0014829128793154712,0.003874701533984058,0.05083771367245277,0.004438758925130809,-0.04399635796777226,0.037843642966217186,0.04001660395306525,-0.0038571109361702407,-0.021840987837585236,0.028168240086216524,-0.012365208189474996,-0.0010324174786852471,0.06491698288832719,-0.07339668750433374,-0.005220031033103867,-0.02508568849012741,-0.030718750256208124,-0.0043328727027770395,0.04607052851543445,0.01552423808819381,-0.019850406572119547,-0.014912096324377087,0.021771311399660723,0.001529053101746117,-0.01743091894074217,-0.026313427475364963,0.0027223399852297067,0.020032093707972553,-0.016924740383428744,-0.013554277492827178,-0.011590727950990299,0.012095330761006553,0.018849433383082953,-0.009874461112554772,0.0229849663688037,0.009005909067236775,-0.007175338609779516,1,0,finance
131,-0.085422636972784,-0.13785287609266822,-0.10336091070977924,0.3781971772166211,0.1226899380569847,-0.18417878883024094,0.05248305497164389,0.007594685746691331,-0.2292296765681682,-0.0454525744848519,0.057219872212177635,0.02859941697917511,-0.1506164104989974,-0.03381814419255807,0.025657618054011226,-0.19520688552327156,0.043272974848939494,0.14974594988567094,-0.05762463430237095,-0.14416587926073657,-0.082921923285002,0.06560928542777314,-0.3056360606922517,-0.2089383489263848,0.10099767040147824,-0.003835682227554413,-0.10596950698992047,-0.1709175473879353,0.19145950774424064,-0.13977850962372593,0.11160160508761467,-0.022749171148699315,-0.07199044097894099,-0.06697914243763785,0.009041608060010585,0.02366722792947258,-0.05373012067028453,0.03094951231395568,-0.08046635762317118,0.020591713299923244,0.14390056111744448,0.053779218052461004,0.0864615808312425,0.11675175720699857,-0.061540396220370844,0.07550747849475108,0.06592062105442026,0.06676639112154814,0.04891675075417203,0.030582628960399302,-0.08428559955835584,-0.047659958552578326,-0.0715372482427518,-0.10821450052897708,0.0697051678008425,-0.05484624178140212,-0.028060943776532437,-0.015099513860975845,-0.03155925517255652,0.016911993780348057,-0.03988090397133109,0.03750859020073063,0.007212943541495671,0.061554476183952336,-0.027451068448542372,0.03653634824446593,-0.06616629959000754,0.046360146830911046,0.040833857978742324,-0.0032356713148378505,-0.00418563387254998,0.020039135880180758,-0.010141546078940902,0.007068151561119104,0.012808174011338503,-0.0021738124808780676,0.024890127206488363,0.06522841187477786,0.03984520502796762,-0.033137899438146524,-0.01704565944390973,-0.044161329646151486,0.03086731089362309,-0.049822353678764225,-0.02390741271133057,0.04943173351158707,0.025495474159524276,-0.030071517591220943,0.014145905825336065,-0.02432566219708215,-0.04921582752024171,0.021632809584286525,-0.0037479423645434963,0.07927764736550244,-0.011306584726218588,-0.0022805412912275487,-0.04290148157241215,0.01629257261927154,-0.043634195248535644,-0.030626204631740043,-0.0064514286442968,0.0023719251235601313,-0.03752024749433428,0.004585651368716354,1,0,finance
132,-0.11665450069179018,-0.15706678736994992,-0.07804305847154001,0.4311492704484419,0.09032073604732821,-0.17965707041421858,0.08790707208205463,-0.024944537664266936,-0.13131989463475044,0.03612443393970044,0.08544184376722473,0.04060253561078867,-0.14131296462887577,-0.13246532410379153,0.004907658917860513,-0.004151388897126999,-0.09719211426145047,-0.18704864913664584,-0.009463113580180971,-0.05517474412783335,0.11990237528487711,-0.07816851010085453,0.03354224341148613,0.18323440056062568,-0.020640971173750168,-0.26045735083697424,0.13903219127840682,0.07070609410921884,-0.40517798604724425,0.09210728235746207,-0.08758785690868302,-0.042445562601708745,0.09705699294505568,0.055239276949580474,0.0902774277750342,-0.009989096678006138,-0.20549263182722868,0.030997334893284975,0.020889841195026897,0.04961815321779376,-0.040305049910628304,0.061808169008561016,0.056344892967292795,0.13426851587112515,0.052039881197326866,-0.0356365407187094,-0.008859672881317268,0.12536521679641388,-0.0730249116886045,-0.043682274419129766,-0.0013734044980972114,0.058851804526622996,0.006188093671415734,0.009564995000721655,-0.0010526516251712595,-0.04412089446102439,-0.08295903823059814,-0.002182974997639885,-0.05625513263678917,-0.051484558439463805,0.00037086205350463135,0.006194239231523671,0.044709999685013185,-0.005812471844050122,0.04147876175225584,0.033188015391850276,-0.024572806324498243,0.04810992928590289,0.009444250451308702,0.012162575339399613,-0.012595815708097471,0.007852227439776177,-0.0710795088698673,0.05780154691107062,-0.02767944471653514,-0.014358215565675927,-0.0006333734736169736,0.06520991404441254,-0.001088674109357727,-0.030418824410774897,0.004891008014896758,-0.00065291645166113,0.021860165214857476,-0.01772068927208829,0.009220107934506444,0.03550045435824857,-0.014555165185798073,-0.01294353946332183,0.016427391311796484,-0.007564779324205472,0.0058681095907760295,-0.012199291044143759,-0.022970420041317965,0.0483865172201295,-0.016799034890605486,0.0010232132071163707,0.010986050239522349,-0.004265280731660351,-0.008367342418041617,-0.025654203276632676,0.005647980697288595,0.014287847321287937,-0.010945917014166733,0.023974379672953686,1,0,finance
133,-0.08874319611822205,-0.01859287560541335,-0.012838310628730252,0.02521751047914568,-0.060126192637715674,-0.033091955707527605,0.0012814898411575124,-0.06724183101119788,0.005147277583528874,0.08467130727299316,-0.027926764844390176,0.115032024316719,-0.08098114457589098,-0.14088398931506296,0.22069275172249703,0.12565777102677397,0.061900761109267274,0.09532665452362986,-0.14869425344365247,0.33446692345075973,0.0799610153698655,-0.02174176995687725,-0.042440372336923445,0.07877189565922056,0.13635604535133128,-0.051199788606287384,0.08627038404744797,0.010734047856136806,0.04251632156670052,0.06933399575527788,0.1315293375607546,0.02908149688422549,0.07583504171065261,-0.05623409040205767,-0.08083989282126096,-0.06262639849329027,0.11682314035993163,0.10252918742840093,-0.024210363152632634,0.04382603239860755,0.06924986288749889,0.09779792794615723,0.02743759294726516,0.019696442159894367,-0.06686918057553753,0.026846168361234716,-0.03504117128607798,0.14084054605043225,0.12933218193314122,0.003788332033451405,0.02398553495631539,0.003054291508852032,0.03975195644772335,0.035296452727231836,0.11813690240940339,-0.05358689141977591,-0.15811414703012588,0.054185363879206784,0.041147321519278975,-0.024133690217774142,-0.07340637241044771,0.09746936681520929,-0.045229238091342085,-0.03208073178184643,-0.019246877667465256,0.032125090461426836,0.1728676558251799,-0.11651206711132607,-0.0495544810786436,-0.10714923734283653,0.010414103917326036,-0.04811163929076355,-0.01564585047443643,0.032184446189199294,0.07104258045203476,0.08438371983981534,-0.12340309266756701,-0.0790821399937222,0.10381405130280927,0.0266133006623371,0.06305383198661148,0.16342822027932546,-0.014986988074088364,0.03313117795837668,-0.05110410319754085,0.11783319251200286,-0.014371264453411242,-0.04297421418247575,0.10931055424290258,0.06218250957987639,-0.07503431299201505,-0.06303665457121542,-0.03425669855160637,0.016218463769020502,0.053246095412941966,-0.006470289024661744,-0.009143668420129477,-0.06364475884341668,0.10138033434094783,0.026283040697946115,0.09705394084513219,0.039302987783813546,-0.08452719207191955,-0.06990638227545867,1,0,finance
134,-0.10400260593460452,-0.02120056324763416,-0.0018893933844827211,-0.02944487335235094,-0.19098954432685164,0.06256823589032263,0.07095481713689401,0.06390841383985763,0.003352627991582048,-0.04476074209517361,0.011233990737295732,0.06382794249837451,0.018615039430382445,-0.07611156689638533,0.0034569576350253293,0.02723795584338697,-0.01628098130456395,-0.02920334353018056,-0.0958590533680059,-0.004053635360793166,0.06497961082680716,-0.0734118601474353,0.03877625681637183,-0.13037553323483445,-0.04543081467954448,-0.040505983728773474,0.12581501363270303,-0.04967066712401982,-0.07448929545661101,0.00997157218671244,0.0980685542251733,-0.00011895658952746354,-0.1704146657356369,-0.008761630822552928,0.09008282353340086,-0.13143605215581713,-0.06198958433707129,-0.010606017233904677,-0.05848385152560344,0.021176052584335393,0.16479902292058465,-0.23342484661561116,-0.0721507547442114,0.03040172815715904,-0.10451652410439892,-0.07239062725273672,-0.22513095270417055,-0.15149189147687822,-0.17441399449858935,-0.099020568644218,-0.0007111716567020474,-0.09886745732006479,-0.16654886514500955,0.09835205233927212,0.15226561043675682,0.08805812475975394,0.0496958609061098,-0.04400786299147904,-0.04607616098399277,-0.0526805954389708,-0.07100627478286961,0.12564612382093865,0.026784820214309207,0.05789803070082056,-0.13915255022516373,-0.004473010783971904,-0.07911561276257409,0.005477297373712533,0.009990036208212316,0.0640562773600284,-0.1359550224331975,-0.028607740812003797,0.0605578275743234,-0.02110374774419859,0.1355206187307104,-0.12904816513058237,-0.042314255766477314,0.0016018588541422936,-0.005030991077514498,0.03738985296933446,-0.015410954896821321,0.11000868981112505,-0.008396646393251333,0.15652410458165786,0.1924760913290111,-0.07827720863596492,0.08716714701816179,-0.04730438926870911,-0.11729445761994137,-0.04229272889786805,-0.07025194758999673,-0.129987859226799,-0.008043307115750777,0.014366721633022158,-0.06916334841766648,0.05714772966723915,-0.06354815839913618,-0.05720799246986189,-0.05985242742368819,-0.0972724259352234,-0.005416563974928436,-0.01553591242510663,-0.05413613296313225,0.15073060670462543,1,0,finance
135,-0.09702588090804799,-0.08638073461375273,-0.12170759526305555,0.11031223721151266,0.03423112132982601,0.023855973194244217,-0.077211460274354,-0.028150680522841517,0.19056829746002027,-0.000947544622359261,-0.16349195620698673,-0.04336979988800657,-0.03179046481513976,-0.029161672343148624,0.02917160679230724,0.12628156471651397,0.015273166847831525,-0.04264260254343379,0.2902104214070225,0.016360062861613404,-0.16133950526633947,-0.047545592798881986,0.10753096798978208,-0.1437701052834735,0.08062387033021905,-0.054801818681922895,0.07088480660512114,-0.03047318281300321,-0.05426516739844221,0.026216926335872512,-0.03761744573647774,0.010421173300837333,0.024374726483135753,-0.04355053937830546,-0.008721081315944549,-0.045100255944892316,-0.012227326241541473,-0.034325682236402415,0.0021062991428077047,-0.01789225829741716,-0.000957269248431825,0.03201334113532735,-0.012141383150660184,0.021002315232192204,-0.10067833881394099,-0.0613365515705861,0.11762434366027869,-0.026445776615715358,0.14699681931747083,-0.07577718071567549,-0.011855302757063563,0.09515081748355084,-0.017742600769134784,0.013363946115551471,-0.09088234100798251,0.0101073109819566,0.00862367123067297,0.018727366927695787,-0.05306575667258418,-0.06133830107485306,0.039094309884710986,0.07517886032385361,-0.031853927843714304,0.02627381005316853,0.04784249416477107,-0.012028430673907763,-0.0002413325359385713,-0.1108292167363544,-0.033387286496359886,-0.0020458483441334334,0.06299121456038813,0.04328947592174475,-0.05684580915534149,-0.011527318947740213,0.17380933357030942,-0.03371598792039785,-0.05715401458494695,0.03192739843693435,0.09256480001721076,0.04087369833082823,-0.058700856152805105,0.07280133453621328,0.054200979623702246,-0.08253118334458139,-0.009964362219766754,-0.07902980000664163,0.05508147851979809,0.07880691424875272,0.0872073310654506,-0.02097406111933672,-0.11319617527073267,-0.02224002354190161,0.03152235200975936,0.03583455531678435,0.121890011566608,0.04893814616020556,-0.024755733306720953,0.05935697568225308,-0.02922985247948191,0.027717190631417192,0.03070836527757552,-0.0031033220711394077,0.009185128442429857,0.025007205869676474,1,0,finance
136,-0.061991562689492984,-0.02119430401595551,-0.030498202241203084,0.003051754695871613,-0.06579108826325643,-0.029965588573875192,0.0024614093748852152,-0.06923114288780421,-0.06251626993552545,0.15918369564274076,0.004502949096770809,0.10742058036439572,-0.06293542033600646,-0.059506896844682855,0.1854862265764336,0.27040728522359603,0.01498122406957845,0.050976749335263465,-0.08209242852884703,0.622095673711226,-0.08480920124339694,0.1157881093034855,0.0022878023516921405,-0.011915847951664334,0.06839295329097653,-0.0005426536369862301,0.043595481664401865,-0.03466728840702558,0.02976066200193909,-0.10016007653676273,-0.10434042918789327,0.0005530695017042121,-0.03967870240157507,0.14538946419200016,0.017779115315596766,0.08054530835353042,-0.07365373356266723,-0.01871882561400946,-0.0069063209544095025,-0.06577929519361186,0.0464559252101666,-0.045582906888967385,0.032978330383177254,-0.061110349283643055,0.018162204734282376,0.03904339541524191,-0.03007398943177367,-0.002330423395353766,-0.08969972289599092,0.012343524506135028,-0.02902451479322267,0.017104525690278812,-0.09867308811186562,-0.08396180962992447,-0.052431901993370514,-0.05286152950264819,0.031345650314470196,-0.07538128855507754,-0.0004885007211123985,0.0021339401940969056,-0.03833775682095573,-0.0752390178791053,0.01793766160571393,-0.02828746527855431,-0.023938674355586,-0.02835800761733116,-0.11534098552358538,0.04805576403060522,0.025404557928272745,0.0020480095680972176,-0.03199677818560569,-0.024388333014918075,0.004718739869162265,0.04213593343473666,-0.007541745247873095,0.0024445109219110115,0.01891058351431818,0.004667686808736325,-0.02494491577829695,-0.014259970226525783,-0.029231797158400973,0.0009266927626000865,0.06566569049173836,-0.06951203902315392,0.002788673885190801,-0.05564319587121082,0.02577936327827055,-0.018014303654246527,-0.03149298384447685,0.01207085992998061,0.03192224436477993,-0.03743500256137645,0.025294473024998113,0.046089780294180024,-0.039892271419826916,0.02490508981279441,-0.031826246674361,0.03537244308612158,-0.04978137133421318,-0.05206315196187021,-0.028105387482074865,0.008140693107638722,0.03608431504358975,0.007666384502669058,1,0,finance
137,-0.09271865959242394,-0.014111227415770615,-0.03508919772618399,-0.008630286558376301,-0.0713977227303546,-0.03002950392565401,-0.00804988796499538,-0.07828419791157724,-0.04358151425376628,0.1091283397774658,0.025318530273494986,0.10872606763070573,-0.08135737467222248,-0.07448264860458731,0.19783665306961246,0.2602583063604689,0.012193496056056066,0.08476730381062433,-0.0725211447556794,0.6528800480406549,-0.05841584641167731,0.11480630020735107,-0.006590112499451282,-0.01228766714704868,0.06537324940579826,-0.011788552674800983,0.03437411990533419,-0.030633386462427643,0.030359764237726895,-0.10651436029608392,-0.0841957904653412,0.008061115160055567,-0.042526532458538456,0.1525707608474354,0.025616254278552988,0.08645121788171443,-0.07724177224400629,0.02152613045948719,-0.0251882188453421,-0.0697315421076291,0.03843081860689929,-0.032795337707319475,0.030126155510423653,-0.052079374426371165,0.005925709437755606,0.05120113384038376,-0.04874580643317262,-0.012505323422672281,-0.07216574640764248,0.017420942940141758,-0.043348744796392974,0.07702690542236516,-0.06648688352755586,-0.11330928724754298,-0.05050747792861903,-0.08586900371992205,0.01875835935281036,-0.020151767547808785,-0.03220519566886478,0.002535311097887882,-0.006928770425013449,-0.03675391000533129,-0.020064691937689273,-0.013240480989186848,0.012453749456695869,-0.04032520929220843,-0.08962435321590959,0.057973392555425,0.011519799867305697,0.005005381697941151,0.0026553919739852492,-0.042869269283779876,-0.04100910484136938,0.04249114875610819,-0.02015721373200125,0.048853669038509066,0.014097066524090788,-0.005412013698467447,-0.014471059977050778,-0.04217155294290675,-0.019925991127711564,-0.017858849899290884,0.037759820344069696,-0.016482871784824507,-0.04572575105958815,-0.004004479036536268,0.017606767455332448,0.01853675792492445,-0.006225171543308737,-0.021106480513179034,0.0018259213571370626,0.015181942135548113,0.017821023265709657,0.03861222567517351,-0.003374400324551787,0.04309398157809518,-0.02021932787743294,-0.011636289638093612,0.006357665719703855,0.013663961839007857,-0.024926374789739362,0.008370131477303552,0.04857662648684203,-0.012968140145959216,1,0,finance
138,-0.09036234721570732,-0.1361481973307099,-0.12216921012602852,0.4143800829253964,0.09869468870952948,-0.17548069506799208,0.07935773325749321,0.00539251471506829,-0.14991452056963947,0.0014517263626294822,0.03050421789377345,0.027965521463837205,-0.06134643825350185,-0.09514103986534804,-0.04682644619656205,-0.004333461072803123,-0.09862421597653549,-0.18375688000893742,0.06821528145279085,-0.013137676974392816,0.08553732754444773,0.028207148134780053,0.3655239762535754,0.009329384031178781,-0.2699078190461514,0.17467900090516708,0.0714037498160059,0.017414180657479048,0.22979515455596303,-0.053780901472947854,0.05717009920965794,0.0031143744050538555,0.012265211976956084,0.028923774783090647,-0.030392610235613838,0.04193581397220173,0.04403963212722195,-0.03108452884495923,-0.008464288869937935,-0.047632625862820584,0.0998829469913594,0.11445253642881567,-0.007451687284874189,-0.043029711512277996,-0.03773569656460829,0.04802493494976122,0.002802032899597331,-0.033956129521461036,-0.03182232695731597,0.05595244086841484,-0.008864252681015747,-0.04454150102729891,0.012482482493252213,-0.004593697943511846,0.010715860306464053,-0.045143424748913495,-0.009194727304147988,-0.008248268523383867,0.009227770274901884,-0.04580803104074801,-0.004002331171415591,0.028027574693008414,-0.021685293198469072,-0.02193503248071238,0.017808711017894396,-0.039640441055069274,0.014091274522696276,-0.047147619296606706,0.017280413267068438,-0.0007011821539856937,-0.001061637311805051,0.003016236787791932,-0.007676917983786391,0.03755768223106318,-0.01888691200937515,-0.012985132858343905,-0.004897003089398683,-0.042960872786896545,-0.01918172888519453,-0.01816772057685225,0.03735506133698449,0.0336024737541801,-0.02564068698519711,0.014876180572988154,0.06943724860835818,-0.0003264881409817907,-0.029118768215639933,0.03980516576093777,-0.02916648998630223,-0.006574130484210363,-0.05146648488697503,-0.06769366211834743,0.02912622064022598,0.017206106136230068,-0.021779853316877613,-0.08428565937570354,-0.06571364100020728,0.026589021704963814,-0.03605681705474736,0.06024517215638456,0.01587034477008037,-0.05174278817107701,0.04688007275917588,-0.07957198221521694,1,0,finance
139,-0.1587353277159332,-0.1261440229960098,-0.08473419912178343,0.3566972168693388,0.05188715769118594,-0.15882503180675864,0.08147802451644787,-0.03558818754769172,-0.12722172677482302,-0.006037745155366885,0.03638532046813846,0.04511750525670451,-0.06220140976455538,-0.05431683319555644,-0.0648562875970061,-0.026362846826518193,-0.0783453777521758,-0.12197412130684727,-0.07419482618335121,0.05339382984152594,0.06686640448476339,-0.011945378590040094,0.08777707076949855,-0.013412308651833864,0.04376478813921026,-0.011278406461037576,-0.09762821285777001,-0.050501098236769855,-0.045173796454018145,0.06578287858300577,0.04413910706523048,-0.014106005789438027,-0.006548712895769532,-0.040691169120459246,0.011552782308633375,-0.04519867166186791,-0.13324822377702747,-0.08657240652511358,0.023269187001084282,0.021816710158677016,-0.00993649506089432,-0.05021667828412285,-0.06657277127418874,-0.10242150911972521,-0.0027759125327718793,0.03396651328057915,0.009392223829756817,-0.22039626788083175,0.1255922643385193,0.1460358142690628,-0.05626037914931688,-0.09153465186950971,0.012717770891573344,0.07984598776708003,-0.06219393838495972,0.028557732371590355,0.062157220291316616,-0.03664730981175565,0.1047602106022492,0.11445700969013199,-0.06204273751504792,-0.06136121629282653,7.833121904452645e-06,0.11025862430276949,-0.0739768723970755,-0.1559440132416314,0.1300245924413188,0.03237662873705888,-0.04101439992207712,0.07519303039766195,0.12171500721321943,-0.06002390531760442,0.18260005441979502,-0.11675923585876985,-0.016828734179027326,0.11329882936124422,0.012636534743970612,-0.07201150138278685,0.1254230730957432,0.04486281996886672,-0.10804700855723168,0.01731195926873969,0.13049828131530813,0.010362471862584854,-0.13000451195248794,-0.03587565663781303,0.07528891132050154,-0.07106898150632997,-0.011362857642847345,0.001851756281208902,-0.00344146294834753,0.015659515122542173,0.04904391631014194,0.022446449246426844,0.11518389855961768,0.06443393906929885,0.031774694136529176,-0.02413928177487531,0.0005059920303831665,-0.10105171122257602,0.03873852242647602,0.054365994382631115,0.017478122720987588,0.006726526221589184,1,0,finance
140,-0.09890929282477383,-0.12134463922871824,-0.07920053494957253,0.2711768404335854,0.09203641394803573,-0.11200037762860324,0.03032227318118825,-0.0015863328486822683,-0.11971593186359,0.004160173609698422,0.04824534007704823,0.03161062394369676,-0.04402208576154354,-0.057350228959352496,0.023749561415211964,0.09071509637595816,-0.013736209989324897,0.013220419351410898,-0.043698756122536334,0.2341829120928184,-0.10737485859311101,-0.013478642521382748,-0.09145708387561566,-0.11143303037021038,0.06872720106148242,0.023710274593263584,-0.07881442751965834,-0.007263618726118425,0.06096298456788298,-0.030792345433938644,-0.10770080278577863,0.007869402264042032,-0.07621405806362558,0.07252519122422059,0.04497236529354293,0.057752778370053756,0.03786180647108903,-0.012098025582498393,-0.028772796527156093,-0.035724696906107266,-0.06948920012773155,-0.04984606433345669,-0.1539114444402698,-0.10204656155565998,-0.0007604198522743528,-0.08358476838555444,0.1003853212503748,-0.06912258671028673,-0.003931818361972756,-0.05823165930847458,0.07250371734986683,0.07575862548896385,0.11075759249743276,0.1076563104799675,-0.1622711973397653,0.10800392541914304,-0.06835711289011193,0.03686901110997231,-0.0759707338076985,-0.0519319487370553,-0.01792308626741492,0.2272125376411468,0.04991910593205857,0.12229817528164143,0.000815244296485585,0.08753603392197767,-0.01456306561716387,-0.0735463460878757,-0.0028181848599586837,0.08471806442214566,-0.05963251867238044,0.052972701856761555,0.004678682344411036,0.0016082823128636921,-0.010715093868372196,-0.048637126242053685,0.06683070294343865,0.05895518954117647,-0.1686542862507472,0.023433872405998684,0.060793197562325416,0.1032556838854295,-0.006075526288594974,0.0810180814505862,0.048018024183986645,-0.07163847460855975,0.018253395313802247,0.01932377651100598,-0.024387406353932346,0.005073981789166415,0.04325329216992739,0.07047364044333139,-0.03477491171922317,-0.0804427283388017,0.016498473610931135,-0.1613687727135215,0.11856171315112872,-0.04025115106619614,0.020197576124745747,0.08651501126164739,-0.004262142950869538,0.06323293863082277,0.004021972611283823,-0.05421469622628508,1,0,finance
141,-0.10436575202670252,0.028928665700381894,-0.04540748257641076,-0.0775020781654882,-0.11611366272742364,0.0335056311089528,0.029102015017302956,-0.0916609124805364,0.10786415661521409,-0.00802614535253797,0.017383104942883244,0.14433623266249934,-0.05411032517095097,-0.05747997962706709,0.10600684976824212,-0.010773129489174216,0.006326755148396453,0.10632481198840293,-0.06210324429418848,-0.026817915797985835,0.07827119195616428,0.050781879982245495,-0.043614143221120415,0.09409521481241867,-0.1451633162452915,-0.10291723460363067,0.0358595695483624,-0.0002924764366287621,0.0009642811752317744,0.09583316792428145,0.08111086116060369,0.008270717731440651,0.1896890081368671,-0.03576525216860914,0.05742227850047195,-0.041227138483968626,0.07303340855927337,0.11844947018056869,-0.06083511013170881,0.024862894183914103,0.05567535550376654,0.12371291945445458,-0.003933363667266568,0.024499321982237168,-0.18495051463682724,0.005012215408437335,-0.04037788588916853,-0.16791739968462904,0.08592665973033559,0.03405807103391955,-0.12315042231926222,0.01543209509242036,-0.056257038196800134,-0.07651439625065067,-0.2355025136592132,0.06839606502828667,-0.029845430461188798,0.16103663619283476,0.16583121254924452,0.0871672935567797,0.02969883949714867,-0.014178115364747874,0.049253963672233274,-0.007899929730533424,0.03127617599380424,0.09775732161662999,-0.10410377841944222,0.16594311977431978,0.048416963272126766,0.04247676397627277,0.07221621007393586,-0.10069525389844278,0.0270995705396141,-0.07249770805196942,-0.013366383295203082,-0.09255823639806793,0.16062027759460676,-0.012728207097263121,-0.03186300521313907,-0.0002864851392557765,0.07623243500624387,-0.06561088858618348,0.016990431018491778,0.012454959038276448,-0.00446268041352128,-0.07695523888391444,0.003513716265726102,0.10313019067486187,-0.04304731922077641,-0.008257910780646253,-0.14320942854718496,0.11762173397396843,-0.0011776550686059199,0.028761849329273573,0.0013531527548396173,-0.11249381413550649,0.019741315535220964,0.026704290856252148,0.03576727144516827,0.05602203525227892,0.07038118517799478,0.05786232905479386,-0.011602962468667858,0.1221388613621689,1,0,finance
142,-0.11675018381824427,-0.15645401472941278,-0.09797887139793261,0.41375322483236177,0.07206514724399801,-0.15663029745642423,0.08349941215208037,-0.011573805455390202,-0.18972236652640395,0.00513093804886082,0.04708335289817005,-0.053876838536677234,-0.057056133782212436,0.011927611682720444,-0.039682285341651115,-0.03471055559548293,-0.08837148028754706,-0.1168084714968312,-0.06641692048974415,-0.002680648441598898,0.10931078920738047,0.009224044339355515,0.032110281311361566,0.035550758214471866,5.3865144658109174e-05,-0.019151815195728412,-0.07079031515786977,-0.025576615460229785,-0.12711208540310365,0.06845196526091679,0.032112292332807185,0.02612556921239869,-0.013006325804074919,0.0009379840204898173,-0.06615856434046125,-0.035928436530877066,-0.02165597805673492,-0.0004220323001492526,0.05952848727014741,-0.00784645293157292,-0.031186250196606754,-0.1322489917670985,-0.06138491946919888,-0.13104896622099574,-0.03403623556774326,-0.016020446551789483,-0.022676431699090973,-0.11707401678586464,0.09190400314591167,0.09734446302134496,0.04972638364926025,-0.06178606553086927,-0.0020506607555290635,0.0025091118217409475,0.026161019489293797,-0.011785309237764283,0.10232225348942259,0.017785456612468643,0.09862018279883625,0.15515023677869047,-0.05068499908608485,-0.11814174890954751,-0.09458979702659734,0.000994145238420476,-0.08758740601892037,-0.14942041021212302,0.10054442553543405,0.010974663826164051,-0.016776455300027728,-0.054643921781843366,0.07771850207302276,-0.07722402283355884,0.1341714194558263,-0.044918625134685954,0.010869368685560947,0.05994332424324383,0.010616894970236126,-0.08975327210972331,-0.04099734303454874,0.06150618979274679,0.008251571631036311,-0.025130213603536712,-0.05251050640556991,0.03325024770804946,-0.05228098244913322,-0.04477238870354099,-0.04515515648040032,-0.0040851157076567755,0.07085803560218534,0.009561106930199348,0.05270849660875734,-0.005815461270750158,0.050591681458761396,-0.06915075227422623,0.007847800789675041,0.13140403404945317,0.05713146014543081,-0.006721806627502078,0.03934025400170933,-0.05209581252140804,-0.0370138730845327,0.002783466147388133,-0.001925217899849978,0.05285453423108846,1,0,finance
143,-0.13291673268507515,-0.026906039320410625,-0.050465515562169404,-0.041833123025192896,-0.14251567326819398,-0.004816916959520333,-0.037803547611989334,-0.079174389785993,0.06941193486980876,-0.022900912938341348,-0.004650657832464474,0.1177215773591981,0.011630844228550746,-0.1044882022468804,0.03894540283793833,-0.0782793796206417,0.007364869131509223,-0.02098842739439105,-0.06247105849791014,-0.05598833353334811,0.050136108159770244,-0.03397818042077306,0.21713726463832406,-0.037259387555804095,-0.18937153615896657,0.1492204690586226,0.09434373028694654,-0.044222194710434586,0.11025923870995427,-0.07178656424515083,0.011502716018589449,0.05920075741093455,-0.03736666132560622,-0.00786957095389232,0.03261115095348717,0.0014101980280780012,-0.03362075122729034,0.06567321788209246,-0.029235501965299837,-0.0008648733542808364,-0.12795039196464228,-0.12902893637269283,0.027933948122084315,0.1020939560063714,-0.04359522606039234,-0.14115955155015528,-0.05775543352867441,0.2734564997482313,0.13542580102194848,-0.186502839836191,0.08471594916447717,0.16425243145632978,-0.03599453287203667,-0.045992731438689365,-0.1381579535299414,0.08335109932819224,-0.03837286747414098,-0.10307301654411462,-0.03751250532560942,0.1448237167115617,-0.07354915643267664,0.025872073161605183,0.13085349436177285,0.021805110518618033,-0.03599641352972841,0.0010187348452649803,-0.00521709474233641,0.0486350067060905,0.020467994989414175,-0.06299163204592047,-0.002887561576194132,-0.050217241887741904,0.047075334917562627,-0.02254641695667727,0.05838563725794226,0.007778000250580137,0.04548464778292072,0.011365716923448907,0.1050219513093982,0.008325446308372463,-0.04336614942132192,0.02037713992545127,0.09149981943189298,-0.029973653111683863,-0.11759466603715216,-0.04284811311125022,-0.024043606368614634,-0.11658017396085156,-0.026209280436174976,0.057080045515476456,0.11555253261166953,0.04404566320020201,-0.009482022458614429,0.0014625161017430637,0.09716651726271334,0.021741133290034145,0.04279346709200802,-0.06374204450355561,0.026109311010339028,-0.04583072599309863,-0.07044277409210013,-0.030787185150386028,0.02840837519445006,-0.06385973828966177,1,0,finance
144,-0.16721348625686808,-0.08375468353007512,-0.11712565305079668,0.21374949835560697,0.02015955035283371,-0.08147122709990107,0.018210321209861116,-0.013815338303475819,-0.10586668796888733,-0.09124696707851629,-0.07656609923552146,0.1138072041593529,0.09086771714289706,0.10534711333310282,-0.1496384170998517,0.013419031264993421,-0.08129689365537371,-0.07535134803063193,-0.12778626628259387,0.0822162163578809,-0.1325793381005473,0.020342449139403383,-0.04737207417825724,0.008478578390912945,0.09386740514085541,0.07628110945997037,-0.136820819254233,-0.01979299619631264,-0.01402962648688802,0.07799189952262303,-0.03615519693593169,0.00023894074403800654,0.009223777076686123,-0.0579325379492897,-0.026203565124287852,-0.025378413137627755,-0.010661946786914305,-0.07879390249909998,-0.011430660188024718,-0.045510599359554565,-0.1150298527608458,-0.003264192080798376,-0.11864504311728692,-0.08821595917420863,-0.04322799507432102,-0.08887339329737601,0.06947670623650855,-0.0329859842422209,0.02654299763379035,-0.10679679497490055,-0.07843731379554754,0.03947118583982048,0.17988506775103957,0.08809169818164435,-0.04622984525622612,0.04119699671808507,0.04917019210712268,-0.07082994820475308,0.0156332261540377,0.05977130885018206,0.002208848628880569,0.15664391939411895,0.09377684452452148,0.012908322532971582,-0.021170238587926493,0.18935175413794528,0.026161299175878682,-0.0935947142001204,0.0779396390295415,0.06574774611860244,-0.05457319123293371,0.06896841818495937,-0.025174607618314474,-0.05125607923300484,-0.095157196272013,-0.06864141338065083,0.026657753762292038,-0.07700184629292776,0.06358657585616682,-0.10172083411969206,-0.08903715481449538,-0.11323903636324023,0.0940214404144092,-0.001363322508980339,0.09686780434096853,0.04814938053232984,0.0886666730842602,0.02301060444578761,0.03398908270341528,-0.027647051403969395,-0.031380484043379675,0.044244608601747636,-0.057406967196040444,0.13397838294228623,0.12049639700003478,-0.024356425409290502,0.05969768983405252,0.03363780810326457,0.14671668999596718,-0.0459248404939718,-0.014503771380529268,-0.052159321719192554,-0.13650672813379824,-0.03375079098522593,1,0,finance
145,-0.14580005436788043,-0.03323801961969768,-0.05351645455339004,-0.01021579572647139,-0.17201300483858017,0.020136820750965834,-0.0501527088098308,-0.09240786348731135,0.19660231103018652,0.03686860448050049,0.15851796239710744,0.06587362998981049,0.03451139493430597,-0.042465561073749734,-0.012277690748050879,-0.11109149768375538,0.03110012968516511,-0.01896575023399752,-0.11984933384708249,-0.043985267860489626,-0.0277674100981497,-0.048666626546606875,0.17831960606410693,-0.06857047288843501,-0.10482188218306279,0.12429414172458901,0.05700011041664883,-0.021716554935003917,0.04711760687790913,-0.07418417368892355,0.00549305934000625,0.05949173366240726,-0.07670374055972554,-0.02626116766884047,0.07898152246783793,0.10046719451932547,-0.0673198966121715,0.009710743218554498,-0.07926005563039464,0.04826765292207474,-0.0988313551687803,-0.23611516261374568,-0.04581221606055255,0.15923738869733742,0.038394130851488295,-0.1439406731304358,0.03226583588584067,0.19295759899338358,0.11650682141426504,-0.1678898372084983,0.04207902407441621,-0.017147155744544923,-0.023410017134748978,-0.020458823531556418,-0.06769682150295005,0.04675828325851657,-0.05338760830843824,0.03525718701536434,-0.11883681906921356,0.08511121082828141,-0.022868832984192677,-0.05002903444715637,0.04029484924851705,-0.059701028356706605,0.08477169968053741,0.05903231095469098,-0.02163894248857694,0.14481195061400776,0.009600680501173202,-0.09633653532550272,0.018985686939258912,-0.03008681016788788,0.18316241692728602,-0.05248410804435734,0.09343338916590184,0.06310945168878411,0.03339668341636814,0.055962578087618536,0.027877719654499988,0.11400969228235558,-0.01805593195701579,0.051587659587202246,-0.07706432698830847,-0.04940013744894226,0.03439953832649759,-0.0029019632301238714,0.031732330828027844,-0.03622372149387109,-0.004449141524766291,0.041692790885567904,-0.06891107512377205,-0.002786914867763839,0.008165309970823985,0.007625840859446598,0.003980532248785993,0.027274197516451666,-0.04236579238078654,0.08460635548431972,0.01546938448462299,0.1466583803806888,0.01268412245664166,0.008055731902183198,0.0018816665616215168,0.006295738717192433,1,0,finance
146,-0.11640119952998582,-0.11102434439396987,0.07441192264906406,0.09464296234802493,0.088453762653755,0.2260331129391198,-0.0433432163845803,0.11876955535889207,-0.02077896089071782,0.0572723870125511,-0.11184553335485285,-0.17126816029473307,-0.13511933612080587,0.45657629039340225,0.33352503435988345,-0.13846368090905822,0.08730344660985309,0.08125827379953043,0.09468596257979711,-0.0010217986826571805,0.1569164393411907,0.05803513395795352,0.10959879484476782,0.0653569739280267,0.0615736226128128,0.02279236214356393,0.022038003449137502,0.060740019606331096,-0.02909357739391814,-0.012111664179500893,0.023044302757621104,0.0007494322616724293,-0.08388578053010586,-0.004462848140792684,0.035685378330997525,-0.06934200363100489,0.054450648742707455,0.017517262394400802,-0.008973325956555362,0.02018005656865678,-0.017907305259877736,-0.0828644818871688,0.005365662148797485,-0.027683500539697658,0.07258672449072025,0.04245255513722216,0.06618932629388659,-0.008016121496018106,-0.039240618153422765,-0.033409115968671264,-0.014168531744043287,0.01183829762785265,0.016908059210670366,0.00342792026441436,-0.021490998210629074,0.022261502065030626,0.010051261468188575,-0.009059886300357513,-0.010998927762757515,0.011882606808901162,-0.024331441502165974,0.031889161861114346,0.016180909808295688,0.046050316095068,-0.028982177937407417,0.019747686129569116,0.004348720128518133,0.04694835793763705,0.025351904228257713,0.010253197758494802,0.0023696355645926714,0.024120330719015485,0.004198959514542719,0.0396183918634252,-0.0050572693374299526,-0.023840306930456717,0.028547457046581782,-0.031393815609115604,0.004584261597052464,-0.025313045727892836,0.01827070941026826,-0.04866917594494404,0.004534327220629113,-0.022525563752664284,-0.04575932575774398,0.01643119984442579,-0.003045228364961639,0.007115768538813584,-0.001739457939942486,0.05876682955421179,-0.013729445630592547,-0.032963597234106926,0.0039550090645729796,0.028679930399859683,0.01806138707184322,-0.026655237965500338,0.01025341061696311,0.04508998437451684,-0.0007125071636229196,-0.003950724554627889,0.06973565768415124,0.02536886502620963,0.02955519422715741,0.04118104309055043,1,0,finance
147,-0.10299159133859682,-0.05401060851499977,0.006527180038306521,0.014147011528396819,0.037508090306728845,0.15484643563420034,-0.10170659682793302,-0.051517252742934755,0.19564507621642913,-0.04935744373195351,-0.22562680434339907,-0.11449438332698102,-0.13652464489546565,-0.07050510187118186,-0.1221182203261291,0.011813796527699582,-0.026799011093520567,-0.05782847697286208,-0.02761523948078395,-0.02006801107741711,-0.07363542028093144,-0.02325492175446833,-0.00857390209159926,-0.0988463734222758,0.04546648823288528,0.015795285391780177,0.053302596484453284,-0.025730149834811002,-0.003385825607376868,0.005584843891677939,-0.033335378482258225,-0.0026523435064084535,-0.030879708327507405,0.003965401214969588,0.0611879498688996,0.03944465046277179,-0.08332751748043234,-0.000776990012101947,-0.034999215417601794,0.03024561000157113,0.025768969728810674,-0.07363699973623021,0.05310665863895834,0.012913776270889726,-0.015940161627764418,0.0019385426438938333,0.12485040560033281,-0.014036859026383193,0.0876380676317472,-0.01100488200407494,0.045979712637105305,0.07391512292334959,-0.03256011591516035,0.0010142356721090783,-0.20216953710417893,-0.03396865689605675,0.058862885207131385,-0.02679272357728275,0.01526889347832052,-0.077004595815723,0.06437632797854141,0.02690359640184016,0.09259626580433977,-0.07204348962220074,-0.05208479525804615,-0.248353773113694,0.045734636867011166,-0.02561826095190168,-0.0008398030034502763,-0.17678242040963682,0.01811435452037889,0.13795821755775536,-0.0840323604517167,-0.1361686097507624,-0.08888543766924263,0.1135116583710043,-0.12033650973933675,-0.007830847345582313,0.036432858936102985,-0.24495368185250127,0.3208018395342659,-0.06891310038565653,0.0940391195176239,0.08568628655948059,-0.006507397544346487,-0.1214977264738361,-0.069107001062096,0.0713146649431601,0.09782296826708159,-0.051310947952272874,-0.04928751657838604,-0.04300510566952964,0.03576745802307821,0.04587645045339148,-0.12067735455876044,0.06499924467629976,0.007254452775706281,0.02687272526232341,-0.042015840560530926,-0.023078533153090847,0.06126264098085897,0.003758270821967248,-0.10058385355209001,-0.011009408922341011,1,0,finance
148,-0.12965694082686247,-0.054517376225601516,-0.03257789373765876,-0.014812118037656273,-0.05271326208360082,-0.047913901556644066,-0.040749307221325415,-0.023704696721893466,0.125685768240809,-0.0072001280958899645,-0.055724836344114986,-0.09924616590159213,0.034507940401884915,-0.04741103159088245,0.07001733263078551,-0.026659806823704477,0.008287940069045893,0.04447491028842716,-0.03444935829695752,0.05004392883709324,-0.0009323687643476676,0.05218218002477759,-0.009446199038055235,0.026554246215564997,-0.020420310641388408,0.10888343329183127,-0.030649842321351536,-0.004395543371854975,0.001707839103766757,0.08926773221843749,0.005345982245256832,0.02770111503866357,0.08251565717185345,-0.05245942003746623,-0.0071707472849073224,-0.18169701050111553,-0.033709017301860836,-0.008094695450871145,-0.0997175651165783,0.004507736026133538,-0.06647584546491311,0.024211476969324443,0.015950968649315538,0.05806923948794801,0.10740037444921605,-0.18218395023335857,0.20526767613481084,-0.05958048179970737,-0.02574703708844094,-0.025049874898384644,0.0037587811504846973,-0.1505951050174443,-0.025540009820611276,0.02428338147570832,0.04901301390744389,0.002186968159642433,0.0635083389586089,0.12480723553244379,-0.005274219001898828,-0.05206434722309645,0.06099919075873375,-0.17335424049558704,-0.1310530815324772,0.1033522371050315,0.07845057903570724,-0.09127093844583865,0.18522918735583435,0.11195378926154162,0.06713174956788796,-0.013472529274128495,-0.23400402299275938,0.015080292830751015,-0.16344436092074782,0.20362660164458385,0.07582273899306473,-0.12786709141362745,-0.06689170341063964,-0.048144582442106953,-0.04418073653778569,0.023490478227598303,-0.0013721816432072085,0.11147199586153705,0.03713058211373175,0.16239874097920395,-0.07237555175691265,-0.05858345975443263,0.09144611176257893,-0.1551696968441398,0.1153999482968857,0.037428606901108594,-0.013038570917375796,0.12715823048793048,0.04229952462975986,0.09302004444000483,-0.058534986980029256,-0.05918526152820905,0.03587355827950514,0.08749234564472101,0.009205504833722025,0.059193248619791305,-0.0647093424352928,0.025255037280347444,-0.034420671487041435,-0.049901540058428735,1,0,finance
149,-0.09904612118088932,-0.15743374174710387,-0.1332282613548914,0.4243701907440406,0.10586818525351348,-0.1701111027449785,0.06321263992872837,-0.010428131302734749,-0.1429381654168267,-0.010092518216707928,0.027451850051013027,0.03753146160058024,-0.06479064736729091,-0.05601350088548044,-0.03645309315889073,-0.0067103064998320265,-0.08008569383988645,-0.15356196571623176,0.07983105996483106,-0.03172700222574865,0.06779365277511017,0.026726023671574863,0.36631244284444353,0.004197978372800153,-0.2542821761292937,0.16752084916512786,0.08610173151689342,0.03829000665946974,0.20685075609108053,-0.04921130701964625,0.05416924975942364,0.0055700773429272436,0.006574987348206518,0.028813371629862715,-0.02797970172028302,0.03671078243294178,0.06061750028183212,-0.040890131238768126,-0.008319537389523143,-0.04672624382872695,0.07881618204245351,0.08135404279522798,-0.03343307351169312,-0.021020725237944404,-0.014576692922055188,0.03441578974628229,0.00026940865487775555,-0.03111057871461858,-0.03107244884300627,0.027904256109295564,-0.010570764392920054,-0.05973770953028378,0.013084228652504203,-0.003118688290081347,-0.00883736011610186,-0.06673965078700023,-0.01782230597286107,0.0064559999055334456,0.006787025668878343,-0.03892544514591489,0.019276284865566668,0.01920580208399473,-0.017885752036949792,-0.027537296821928573,0.009567728492719973,-0.034886597174401124,-0.01338003211035657,-0.05225150118651231,0.007363674201809623,0.009073336757717196,-0.0010606457240928183,0.001439108254265558,-0.04782333585900534,0.0176511151516244,-0.007044945281823113,-0.005460491539019,-0.0008621959196084014,-0.025589250559876833,-0.01799823901766941,-0.02762579196040672,0.015696305642358466,0.01643204930979588,-0.02413797430861585,0.01934268428246612,0.05454009323026843,0.0015270330101918846,-0.04906040595427614,0.04432388692415499,-0.07438782897174818,-0.01953515239132969,-0.04829003494967658,-0.08473844346219983,0.01332464981929073,0.029479746045504084,-0.013291878239521746,-0.09035180644169617,-0.04545494154294856,0.021297638557369023,-0.04376386967653094,0.05749443996764689,-0.0016070450095580426,-0.04149894644558978,0.03718224608434317,-0.10744099366497724,1,0,finance
150,-0.17669813298522297,-0.18196918969725273,0.5306361467587396,-0.2898987663614657,0.19398913450623495,-0.3742447442984608,0.0218974554410811,0.1049227960938944,-0.05924941908510719,-0.021050707356550576,0.05459842429693928,-0.14360879691328102,-0.0068070624147190915,0.0757716783136791,-0.05678660079942709,0.04386861116799092,-0.09276721095851925,-0.0025249233842141194,-0.010427098998883255,0.049257869461455384,-0.11927062472355848,0.052595563749089164,-0.011841817700846318,0.06723637846613177,-0.09960550350465118,-0.027591783546346782,0.1007846465814807,-0.09945508468865837,0.0014802165064531226,0.034400871301126915,0.08125329481109939,0.009960927184694816,0.02125766019238906,-0.09670389199940035,-0.00701130990356041,0.0198544906571167,0.028809101450012992,-0.0327049062935732,-0.006019599966740783,0.046260192649073724,-0.00985770219310975,-0.03460238963998452,0.014287595536646724,0.04746041856334058,0.027151786661900452,0.008760387437944843,-0.0003228494695390859,-0.045788814810076114,0.03070716023907366,0.007483757253037487,-0.00890745105086571,0.014780044427111871,0.016930421126849726,-0.014321020324619028,-0.0033405894596806834,0.03360966254355115,-0.02506012215946403,-0.01841924567208191,-0.012061276392541365,0.041514118079207823,0.03660102101431444,-0.014611166635400045,-0.02137830796919133,0.0263597092736664,-0.012132252046387999,-0.010067745439248819,-0.016638583576676892,-0.016298398988264812,0.013110990129014465,-0.00323630378652523,-0.00481961462199852,0.008448527780371303,0.022998205163102338,-0.005343403672627277,0.010430377170764117,-0.02162949503215049,0.007738565683928475,0.00828614005904551,-0.02174608373729917,-0.004399818752269693,0.008647808158930272,0.01540684387465713,0.04992405096799231,-0.025318609193098286,0.01568735404115624,0.05691293321381275,-0.011271543852641274,-0.03952204489837158,0.023972261495209143,0.06137096751146205,0.034909794236857306,-0.05114119591256562,-0.03654311409668559,-0.014916081246971776,-0.000989872161487969,-0.009021275013717795,0.03172884821722032,0.002965659007211849,-0.02826873301730932,0.03512467813071987,0.010059205079461026,-0.07399663756664873,-0.09001198642740839,0.005985305617290155,1,0,finance
151,-0.11330184633769537,-0.11763135127787666,-0.006083811479831251,0.21097682406548673,0.004009841857600772,-0.09365589224025811,0.0318417072998569,-0.03520541048110903,0.08429444216064969,0.1061252143364222,0.19441918480603027,-0.09835749365330212,-0.018355904998957746,0.0413772439116521,0.024966121215920282,0.04770845435103836,0.006987587320190238,0.01731884818643027,-0.03150352608484874,0.19838920771706162,-0.10698858489949217,0.0870710184751643,-0.01571945954209427,-0.034050239127737546,0.019474785971755126,0.05192862566266758,0.01882465888652057,-0.01844788995900023,0.01905166007020155,0.0051690758301199315,-0.06082145901988488,0.005623689051107056,-0.056216539512320765,0.026908028461375216,0.04547063855413913,0.10517077112477857,-0.010414516578840035,-0.08542316357652346,-0.05348640869794079,0.018998347819975673,-0.04613410028973127,-0.15713181404426013,-0.1304031757916505,0.0367109003028366,0.06478486132671867,-0.15218268636195262,0.1703267798460842,-0.08132432113970232,0.05416280113936505,0.0018920243749420307,0.05620167822788317,-0.16128319752615242,0.0181025069784515,-0.02940885208919354,-0.025632295099508904,0.041204701714804746,0.0746380280148014,0.08638138268235446,-0.16145867175930445,0.03220442087008501,0.08653734319003323,-0.25694494078746405,0.004391257874948284,0.042344765435651806,0.13159228721099822,-0.011311846483000243,0.09113525986193793,0.04067991880493794,0.040868262458131535,-0.07016252983601537,-0.049892944100858976,0.13096450410061863,0.038763227662539555,-0.060695338811205694,-0.04366451935944926,-0.05007726260012553,0.045624438871400906,0.04435867000853056,0.05000460169174968,0.029175177189785982,-0.04634322988786909,-0.18032572361191412,-0.14962268396492517,0.04844135936147798,0.04891503867795116,0.10812775159404994,-0.1104556586856085,-0.0008803218312634145,-0.013645404803589306,-0.016707090444906585,-0.06646428900135881,-0.03244212534232728,0.013525158018727567,-0.11301677438945239,-0.07315442062646896,-0.02590878061319566,-0.00026815827048473276,-0.028536240587591136,0.002642665848158651,-0.04300293329217116,0.06844622061454866,-0.0832845346442405,-0.0013498178052522975,0.03660765921979177,1,0,finance
152,-0.12319114756556163,-0.07232370925138851,-0.014291235521294502,0.07575311578189027,-0.0058029356530503555,0.026562213337325932,-0.03755598138905598,-0.0518951641889036,0.20063721980630345,-0.03124391933445477,-0.19855842621544123,0.041801791558735694,-0.0525788137868824,-0.08664224226495394,-0.11127078211448023,0.22260767878275872,-0.022945547251252182,-0.037487110395153254,0.419030860969749,-0.051439322528906706,-0.042727200276892606,0.009005976897570642,0.029049622619258284,-0.1868700058330549,0.05707637265157374,-0.06188821485957573,0.008376686200033092,-0.10733503988717633,-0.0625077693357154,0.05101364587234807,0.029070001988128313,0.041854001735248385,0.029397447650371607,0.022077715715004324,-0.0006174825617033545,0.018973526673151827,0.061684707343572585,0.021256455253604468,-0.04062235049290772,0.015318620845990864,0.022163950555236792,-0.0019667797522202914,-0.02136536081989898,0.016264336947748297,0.02312600089932297,0.05397565367397923,0.10089278564188321,0.027372228939629536,0.0480473423177191,-0.008490937637837034,-0.08045456002643386,-0.0004787272313994366,-0.0424497397154946,0.04064174285045889,-0.005954784584272297,-0.02410442789047411,0.01893087248445264,0.029627144820193345,0.043661596748959815,0.012550487030923884,-0.008277355036168407,-0.06286715889934931,0.07030531064524867,-0.01988101702276675,-0.14775849585410947,0.023573483300235808,-0.08229836982175939,0.06322852471144452,-0.006098273752148613,-0.10168705443440652,-0.023447936438570443,0.08709448362975432,0.042834241956946816,-0.06137439573675116,0.09668863407254376,-0.007510749732445408,-0.05917050985709637,-0.09178798101330717,-0.07392607101757447,0.017206182156349354,0.025197432616021104,0.0676674794651584,0.07367013291867344,-0.04531654066804863,-0.02838182992372348,0.06861015251254192,-0.05678425442345647,0.026332529148349233,0.07477412849158636,-0.008695139858194974,-0.014834882098491677,-0.07073945709003737,-0.04549678532389488,-0.06872773558247083,-0.00655863954202284,-0.1126211497306693,0.011833181594349727,-0.01385916286162238,0.030541639249106908,0.07189230868017878,-0.07302797498915518,-0.012084779430215834,0.09226192555748185,0.12492896019483435,1,0,finance
153,-0.12278262860870112,-0.07419680232177292,0.013964073569297816,0.060010815506816854,-0.13098975540216587,0.03251170611321841,-0.02763220357666854,-0.12315108345582879,0.3623943841804324,0.2534683602056032,0.47143207391694114,-0.0842952303300274,0.004754375509432986,0.12351295985180576,-0.08231696911988645,-0.06451756398276876,0.009886760633020911,-0.08015908891273167,-0.007274430900292589,-0.0239662465923198,-0.08153339333524369,0.0037720582046903064,0.02873075062955337,-0.014772481100923232,0.0806551086480551,-0.004958961425071126,-0.050385153301161945,0.030630037647347886,0.016889023004285974,-0.044396685954977075,-0.008812000196977919,-0.02228471345155793,0.019130400817775645,-0.046729062039852574,0.0092284997552329,0.10515778137284804,-0.020121139383720295,0.005940880668045812,-0.024531391038251388,-0.014437646345807265,0.006151307355100429,0.00504997346553241,0.030507901616461632,0.003980872920113083,0.03580959786065227,-0.001678152682292033,-0.011831637961870672,-0.03449691529896155,-0.045580975304640975,-0.021025128678235177,-0.02569232425886639,-0.04652679472933753,0.09392325460911319,0.017441551101650857,0.06484275604502794,-0.05314227960953801,0.025287094111455,-0.026339937184906466,0.024418003876670227,-0.031986353745329085,0.01204928454519788,0.11146188454416245,-0.032472548632565115,-0.08205133516710504,0.09982020156500919,0.01625537915623432,-0.0038719577996539365,0.004916390875919296,-0.045605263203007285,-0.012189969467967156,0.03584952244228544,-0.036979060509939515,0.02351122231576464,-0.020213920235805802,-0.004089297386117493,0.01791019038218038,0.04629483708927419,-0.05452076961390344,0.045523743476004255,0.030579661159670563,0.04104049766715511,0.0011695285632747413,0.10695685481987896,0.007881738161770966,0.0030461575334800833,0.0051048613541541015,-0.004450866520341578,0.028760290531684742,0.046703727639071366,-0.035209387594049006,-0.03436762239415583,-0.03377461458892393,-0.05132588104432486,0.00811031442638441,0.029167047173685807,0.039824932456434606,0.01927875105557049,-0.018594386125305177,-0.0669014081636401,-0.033760964941240104,-0.01565624144808827,0.0429964155630031,-0.07357260569199908,0.057962908368636636,1,0,finance
154,-0.10889692551632753,-0.15602589369204178,-0.08782500337981967,0.4284691446921062,0.09711717238801056,-0.17772785938165317,0.07997556271461863,-0.021003919237317006,-0.11817436703810573,0.03810404473819341,0.08015166262863407,0.03737073023239074,-0.14210864187260783,-0.12087949138550559,0.013870849457336,-0.00781812720061099,-0.08272074162350392,-0.17393798505191277,-0.0008908470227497155,-0.05984129197295268,0.10562178680722473,-0.0826111843232849,0.03208424696737679,0.18344939394736023,-0.019762390335912088,-0.26594173997192494,0.14169313399931918,0.08060001938793974,-0.4068726743300104,0.09471830592993008,-0.09892427516529366,-0.0471402693779741,0.08897155319466264,0.05113475097601663,0.09292411662529435,-0.0014184112213443336,-0.19328843656605704,0.023097205776303958,0.026799438119684788,0.04971984680728337,-0.05640599068354963,0.06635954099333026,0.040227360065932395,0.12767178741471658,0.04068872904340443,-0.04970906833778396,-0.017182844194620316,0.1166413045815989,-0.0707122182377734,-0.0463704928101845,-0.003471568636758202,0.07685019713107194,0.0017562069156631494,0.0043372216340839195,-0.013544174073434702,-0.038518822157175704,-0.09468119698482005,0.00520452398691902,-0.04512830979469867,-0.048356144328256204,0.007239715283815604,-0.01952448081361274,0.04531866981535842,-0.01522678547767259,0.04532210405438643,0.0358264507631817,-0.012860943720774847,0.04806201632231126,-0.0015532992342655232,0.020045727727451078,-0.019124320978867227,0.003830509688395192,-0.06679959891933304,0.06592462089101445,-0.018622506068155086,-0.018506095152403087,0.0019808127047523543,0.06396289955472759,0.010277245514292628,-0.03148565430432788,-0.006063524142467837,0.002582431498528951,0.0198753219927418,-0.017583654453635356,-0.0054174322787883715,0.032252427986210246,-0.002905798238806007,-0.007267095950227657,0.013825820012816572,-0.0069010466687523045,0.009545199148415126,-0.004130454159893218,-0.019773166840712994,0.04189401013789709,-0.024430741335756772,-0.005385761302443966,0.02166774634000344,-0.0004672298728820376,-0.0043617374003795915,-0.019374096774969977,-0.0007906868666512521,0.015490600253802044,-0.011213885262541945,0.024891852856033944,1,0,finance
155,-0.09155108566385442,-0.01970418427110366,0.09496674301024703,-0.06271414425389255,-0.32566938211919927,0.23930889834044886,0.26925014926490826,0.44708139131242314,-0.14207555393353738,-0.0904452106662305,0.10134711810987437,-0.017176887425523934,-0.17971726023972506,-0.09908441623915791,-0.04027297851981772,-0.05964152172015445,-0.00830459737888198,-0.030231348127061294,0.062056864854990845,-0.00703912490632112,-0.105118662434948,0.012387055541806847,0.026428820060793112,0.02638179830945465,0.028106156010480575,-0.0029029199407466107,-0.04829867960268914,0.03465910941186763,-0.007790216073924658,-0.030457892782121364,-0.036366845254178354,0.03029786554630284,-0.02846237448576793,0.02490908501270793,0.014254462940667255,-0.029780196081131048,0.0855346615649434,0.014131752375295084,0.007851881176002832,0.057462850487579015,0.06425962981640032,-0.0027152538635394877,0.021493571872744824,0.0039472761631093155,-0.028573399443563324,-0.007904491674995988,-0.029997233877842117,-0.04664318740407336,0.0671889335659842,0.019986897515712417,0.002501421048416127,-0.010641484521476533,0.14279603620995102,-0.014906248266987668,-0.07510998428214664,-0.07334459503369986,-0.015682294405091016,-0.03395907196618071,-0.03769219270213916,0.0048286090887415594,0.07105430906717243,-0.02495735265375528,-0.07303717817417126,-0.026806923801583435,0.028393059455030026,0.015112222490709057,-0.008873028973014585,-0.02666363094135563,0.028677475603498488,-0.018841646348923345,0.025354512403803216,0.015004498130077067,-0.058655974439019695,0.019617024201361022,-0.01085421669439073,0.038363967564283334,-0.04565471440436998,-0.010457849099155656,0.015108602097184124,-0.007328507093089152,-0.029340826267468176,-0.01350523072573971,-0.023514037166226482,-0.057418727457018995,-0.076387101999806,0.025879124995168586,0.018274571645582043,-0.05679156906347769,-0.011781971244391776,0.036651847129885826,0.017272020817987014,0.06627370682306075,-0.03079430668746069,0.031180638273931114,0.0075180548398788875,-0.04488659233975936,0.018960367290564873,-0.0051938511268973305,-0.0576484674267249,0.018751316164431653,-0.01838727467947999,-0.07504237527172006,0.04306509519338596,-0.056861647596504465,1,0,finance
156,-0.13892504053808102,-0.058299939414515924,-0.047099335186889954,0.04795048431535416,0.004041613301677368,0.019752754311029283,-0.07675124415981915,-0.09503330486799073,0.15889123954505902,-0.025232403081556387,-0.1393731609247949,0.15624806652920964,0.012007067644192519,-0.0045981373322851096,-0.03144705000484149,0.1997176805561888,-0.01150876834054182,-0.009676107123920127,0.4865020018011973,-0.013805873475913135,-0.09617726812413904,-0.0014607508386542628,0.15371669307432295,-0.1048758120167782,0.061671303769330846,-0.038361666967640845,-0.006952493770011556,-0.1281546476739645,-0.015235032260487641,-8.766977012273023e-05,-0.0553084503206485,0.07086146950051114,0.027078943758812268,-0.04499694378709726,-0.08140238151092614,0.010435233433004683,-0.005247743793127577,0.06268668110438498,0.056277996799956785,0.05293457005016619,0.0515979601357613,-0.008763240311296909,0.012186232297936457,-0.0041370710166515725,0.03158166088695888,0.021768309938534357,0.02799706957836567,-0.056332721506001535,0.03311653473901771,0.053124572658785583,-0.10939797532520139,-0.011423214920919016,-0.0041091867179605815,-0.012273008125243961,-0.00048734569905580774,-0.07964737976562643,-0.0710394661047709,-0.0008943979037046325,0.06124005414687065,0.009601620350915864,-0.023370271058082853,-0.05829666637236399,0.06086236490179813,-0.015927835601606422,-0.08671551059588499,0.043373401427451476,0.05928318206357746,-0.002650151992035164,-0.023658979772529117,-0.008935123196215545,0.029994835135046197,-0.0017030455751133745,0.02137386737661276,0.05987636173560997,0.030860493774745104,0.029819718347377382,-0.017430721021611924,-0.005760669194222133,-0.012992605320657791,0.08484404647756474,-0.08961777868035324,-0.05413798721595059,0.026345955641095688,-0.040944894776426946,0.006161768801034772,0.02803043739336271,0.0037896230185139033,-0.02110122583713281,-0.0009930233117613615,0.01128045955223318,-0.00945064573022462,-0.05515155496639859,-0.03602821730501441,-0.02172806303524819,0.009510399321260996,0.053528828809429725,0.012589081469657468,0.05767520684198572,-0.01617570034117977,-0.02323297561390056,-0.08698514343400536,-0.01015467210800629,-0.0793200330608191,-0.029551894043413508,1,0,finance
157,-0.1586616854672836,-0.05328880705857162,0.10795510071423747,-0.04235281579710397,-0.2608865861550843,0.11481813525909718,0.1284880977652676,0.21063016965023165,0.024190076010395717,-0.04774503151118189,0.08754346389466507,0.058479483417453376,-0.09622623338631064,-0.07085382439850008,-0.04115189364673351,0.06148983884875062,-0.012046682370188808,0.10359916042094142,0.20612528322730683,0.05166157017654557,-0.02302604953103326,0.0530439642880798,-0.09689411444827378,0.12712452669970575,-0.05856604723462167,-0.01079932327555223,-0.038588445365091435,-0.02127238938144063,-0.0009026774239616171,0.031343771974851484,0.0092289215864888,-0.01006888811496558,0.07065043594285002,0.005141018756994088,-0.008847018347861862,-0.08013787099368219,-0.07529442312586015,0.07962304214481525,0.014076077182431522,0.016386197990703327,-0.07423479544943272,0.03554326665410528,-0.045536595840852234,-0.012361808636303716,0.11007846135220656,0.09910828162522435,0.04460271020407573,-0.0525877642257791,-0.06775869645812718,0.11749566349983828,0.06109816396382416,-0.05184011887918603,-0.21245998789180046,0.034254110069418496,-0.08332576060219776,0.008268455026502322,0.0582783901178837,0.007146605451467894,0.16979809537770255,-0.0737457572251371,-0.06269623552249694,0.014264308488437658,0.13871374156741878,0.025945248952027607,0.06578016507261664,0.07011603566833947,-0.05398775634357342,0.05262049097411992,0.009350835389812719,-0.022570439488023814,0.0656686820459222,0.04571564011326676,0.011883313562294755,-0.05870807702407601,-0.04773758804890469,-0.09891268895772898,0.14303403342812665,0.002900196445764878,0.24158784306814488,0.03160568898786374,0.021389465583746853,-0.05024408565140578,-0.041464691584022204,-0.0361739744038575,0.06593256861648773,0.08344844318826551,-0.11853829406753873,-0.05168852860054831,0.047943134828849626,0.0829139295542302,0.10616943011929222,-0.0936558917607975,-0.011837912098863645,-0.061540034591621204,0.13513011182102846,0.004112746272380931,0.038135976903241844,-0.030162871054163827,-0.06400831088554643,0.05460295062969389,-0.04439283356999184,-0.10434219481952103,-0.05105253083458669,-0.0821658839512244,1,0,finance
158,-0.11151506260268759,-0.1309532252667338,-0.0663525133545129,0.33910158543014424,0.12314793720613294,-0.12359512738908644,0.014765964715379267,-0.0014166817649887294,-0.15561684801734132,-0.026028665879904083,0.06697848640862535,0.03639978808702022,-0.06097509698320287,-0.043309075380471365,-0.015783785008697235,-0.007018151739471761,-0.012151455842765514,0.2292145869786054,-0.062387306644544345,-0.06085972697579435,-0.02214249612341927,-0.014928567852734444,-0.06045607299391986,-0.0656175894126007,0.09136347650182522,0.026474401133917573,-0.11651591787108563,-0.07563437843495101,0.008105543039526111,-0.010189447492687673,-0.02962275217763445,0.025073757317298256,-0.07070556906177247,-0.03711255003725607,0.022213079625193338,0.001802719161489946,0.0060778967783465246,0.022138172304949445,0.016113612090131915,0.013641242712812435,-0.05673956979838191,-0.05718871086669264,-0.1626609692827154,-0.10583153622823394,-0.015134241598664009,-0.06466353278974733,0.02602352570753365,-0.019981509928115492,0.024509633154264437,-0.07262630613252044,0.10199294740109555,0.0898078915324989,0.031814825367386154,0.07055111227208324,-0.009627916253823993,0.04743400661187316,-0.04888732159575703,0.10293056042822268,0.06381529573914198,0.04615210087227338,0.044601537248539484,0.024622159184290587,-0.11510808710670528,-0.10196977706093228,-0.008077215055136443,0.08031445410288238,-0.028391902114019162,-0.025779576351626084,-0.013138999063292937,-0.02225697931371876,-0.02467528669395724,-0.11596306094763474,-0.0011615154027928524,0.031004183092735622,0.07759944327635149,-0.01063968309507459,-0.04214185249610076,-0.10735924291997193,-0.12482005999421335,0.05025218248839929,0.16714346896108592,0.042033897141837036,-0.06951265751731826,-0.013965001802617501,0.08790007079052839,-0.015881133767582115,-0.05047347846542989,0.10026167202333128,-0.009084103236789095,-0.018064482259205157,0.08437857584648042,0.05693807244560516,-0.011398604729630581,-0.11989681139320049,-0.09943564736529323,0.09761471843778084,0.08751003806746165,0.009077968101810805,0.01975085151950682,0.04797127678088712,-0.08428244539055392,-0.03086547187852614,0.03888625304374527,0.023261838646474547,1,0,finance
159,-0.12648008369717928,-0.03934041045864239,-0.0015286205403352718,-0.01762816423576443,-0.05498517975612992,-0.06561000488553302,-0.035041253311072704,-0.07933276813596535,0.010088074026851069,-0.04911987528192392,-0.05834009138931791,0.20331545917540048,0.029927764455427792,-0.024022828921397607,-0.04590035623866866,-0.04374244686740211,-0.0085875315923998,-0.015074401145017059,-0.07508348553050442,0.010591566268699358,-0.0036272454573462983,0.0032726306261784974,-0.013044264711092941,0.05266261571100622,-0.002565884086121671,0.11194880068519608,-0.074422883006125,-0.035861696000680766,-0.07772483346097246,-0.015801287355284962,-0.15661703707503713,-0.002702185873995355,-0.125718528013285,-0.020735914265003184,-0.07560104986337202,0.040577743649543745,-0.0009987184790536186,-0.11530155975689849,0.010115270305119741,0.06543681909314156,-0.08715361153342459,-0.1791551888983302,-0.24618779277196992,-0.07825261932892859,0.09551703789909538,0.07739069041396938,0.0028531184630064036,0.033531634937350424,0.012617277672191967,-0.04102678864061532,0.09775250752193591,-0.10647907911760729,0.1309813313074158,0.10941582142250061,0.06704189500811557,0.044467817078596705,0.05724630757522837,0.05640786285203213,0.1409125129480503,0.012067986368819231,-0.05209401411556659,0.008176895180612133,0.013108905878614992,-0.13973817445678763,-0.2136923931832128,0.09490907445655314,-0.14689359929602802,-0.009509032205483029,-0.10554476374398684,0.03475023598220892,0.13612490297892516,-0.14249230061602847,-0.11078412010324105,0.16836188143733494,-0.15567742552724487,-0.009016162521339719,-0.07262076315334771,0.1064314441957637,0.05609161205639333,-0.0686523841926216,0.13092405959192893,0.057364129514043294,-0.14141763599403412,-0.04825867439956783,-0.16437521467417326,0.07657171453573755,-0.009181848384614884,0.06871184674253691,0.019253719161935065,0.008630091441168004,-0.012436788780633323,0.05274846944089828,-0.010521999779364966,0.060538972225730736,-0.004275080198492164,-0.04056763117712572,-0.1319931152057226,-0.00018488161348372085,-0.0955595806937567,-0.006445380539612342,0.046284244161205176,0.00725131559517933,-0.04987392926003513,0.03848669564839116,1,0,finance
160,-0.14045653263062446,-0.0930272482095548,0.033439472541879886,0.08909124216692232,-0.0751048996352593,0.11992349129789687,-0.0622381562007042,-0.12014913912353957,0.3312854574554199,0.22111841672235105,0.4312628989983467,-0.08011851297383062,-0.05909935015565444,0.12294031757956642,-0.06519142165322744,-0.07476766662766685,-0.006953111076919014,-0.0225320303210546,-0.025202074049885195,-0.0158784544337472,-0.056302502593665586,0.03265550893628675,-0.021039826122651234,0.05019016905547141,0.009756774912434079,-0.04953756199366698,-0.015121853492174013,0.01340645086551763,-0.05566040926605733,0.018588583758394877,0.05468539032359237,0.005784866331887292,0.0761047516898855,-0.0006997427898449528,-0.0608593653960227,-0.12966169481258755,-0.016381689982721197,0.07067867721409248,0.03683587920261302,-0.026935495340703462,0.02662780521240556,0.09583231804226229,-0.06367225954749982,-0.05558724309173445,-0.08885175475279901,0.1356540607624418,-0.09966540146770725,-0.03863064511673535,0.0027047110991736682,0.07028966006317011,-0.02615744765683495,0.023844156411684688,-0.11188225491264432,0.038899231376324055,-0.09221740912789794,0.026154023330632294,-0.06605728053051028,-0.030989410573470835,0.029169135447748438,0.011087390207468194,-0.05039379851234187,0.03445377890218998,0.020926636974075152,0.09877241801814325,-0.14723826978195032,-0.008498733803999079,-0.0374921924184952,-0.10857932638370042,0.052096683170058,0.08634351634091463,-0.021330187740570918,0.056213610829240125,-0.0956938270648877,0.01624243698540683,0.03151077779903299,-0.04922513977845141,-0.05689504972455444,0.0114164724723994,-0.06661589774562734,-0.057766886409110124,-0.03415734831772645,0.013527327405548921,-0.06584638790049342,0.005745893532459688,7.545384827688855e-05,-0.03475299054671533,-0.010881252364766067,-0.025620619003018093,-0.05255874078397355,0.026369154424837272,0.06398169830154392,0.06172633766612409,0.0014753726945272642,-0.020740725003020148,-0.03282495803187687,-0.0016647928725631671,-0.008006526869732453,0.003807463796320013,0.06444214126693483,-0.005426821115212082,-0.03206908519638615,-0.0941853773155438,0.07443112699834267,-0.180002880629066,1,0,finance
161,-0.16560781597333932,-0.09645299002698975,0.27773015451409266,-0.21520503812044842,0.022982837162672146,-0.284334693751602,-0.01919766092322882,0.0013674352986786482,0.03495124921951764,-0.0755304581224824,-0.048225442056450005,0.026036213988428102,0.03127640820801484,-0.06917584574793188,0.05370672777453198,-0.15173723826142724,0.1303350957443966,-0.21056350008755048,-0.0005220668176998514,0.04114856302556716,0.14139702260098172,-0.08146986025239367,0.04858768757000718,-0.1960309799668702,0.15868706735017257,0.1871699967496389,-0.2258328958498392,0.25049508195890796,0.02685140983401162,0.1217859933686498,-0.08787095010464797,0.013981661661982732,0.0521308566701933,0.14999796617527286,0.04043993320910321,-0.0569650147457867,-0.11276866826854848,0.0617958025555687,0.08318369972168588,-0.0036688338434820306,0.06185837907327192,0.07609879030865634,-0.010165043681379004,-0.03384664368193846,-0.04867776602365027,0.0309688909513986,-0.07050392374661935,-0.019058458589394377,0.054273265871093775,0.02837945435182376,-0.001016702554076252,0.056285220085387354,-0.038469425040425075,-0.06773553928290649,0.048273307770151354,-0.006906741578619267,-0.10394770473544765,0.04312227054652491,0.0008216023111116455,-0.09195704805906586,0.04103154715949236,-0.04249645454162134,-0.04712726271493342,-0.022565113651816092,-0.09184520793868775,0.05750897747211969,0.017698963457098885,0.10702270117392633,-0.03623693082697354,-0.045329317854136374,0.07031817095504671,0.0708331386425939,-0.0037923744120531054,-0.06127275816736366,0.024159369297909135,-0.07034260033607694,-0.011432342013934244,0.013733634668888547,-0.05939186798325179,-0.00564277534115688,0.005670870819896467,-0.09214322982816582,-0.03450810314252979,-0.02450405760733443,0.0498829408598341,-0.029939580414547654,-0.029175512451277946,-0.005149312385225702,-0.02093998404289853,0.024855455077200102,-0.0070815672322583215,0.01110472209634899,-0.023831738948248908,-0.047913235343492254,-0.029866092032073896,0.030281190815456403,0.015261401837723294,0.009485525724610451,0.0011531330660752028,-0.004155522436081352,-0.04976224399588786,0.033627245303591256,-0.07252512213053153,-0.017337668326316082,1,0,finance
162,-0.10423875229811394,-0.05937458550598658,-0.009090597689376166,0.04510194938813011,-0.03591964647248759,-0.010590591454387894,0.002020411208161016,-0.02310569975769682,0.1898621421843906,-0.022381176557676876,-0.12976625397317118,0.06952276975329491,0.0351630793148557,0.008607182358233798,-0.05294225861058612,0.20296529174731684,-0.015093649848550645,-0.07219836847364376,0.3500541718033944,-0.011635667430800647,-0.08897798299215379,-0.04684299134484628,0.07910074529291786,-0.1907054696908537,0.09369016279001867,-0.09361823207060821,0.0482935762934102,-0.08899829753662149,-0.03809190417684755,0.06964030138898285,0.04093406791228265,0.019897825940442076,0.03957094471501491,-0.09895771554119795,-0.0552208615760125,-0.01565835181015216,-0.02760175386665476,0.08686382541879259,0.019259344349597873,0.07254476687192307,0.07123417250936522,-0.06675481750028821,0.0660931430742178,-0.021549607980247153,0.022154637632096817,-0.11129660284290552,0.02265575994294082,0.012975377550725895,-0.018614543792644534,-0.07345835373350756,0.04054236359477211,-0.08952718227441205,0.013174711142668518,0.016782062259275973,0.08899544884406915,-0.017915141182962408,0.06865897409861257,-0.023357416594973965,0.043293137586601194,0.04847851488671957,-0.10450841761155692,0.08822562132442005,0.00908115565578084,0.033881322050900824,0.0006669472436892096,0.08888988369852902,-0.0332334884820932,0.10178276315374364,0.036633827446382,-0.07605146494115521,-0.04770598085565383,-0.0634572865907598,-0.0015538802008955841,-0.04214510534939749,-0.08489982985160617,-0.11137725298389811,0.050432418921722906,0.10104722626310061,-0.03482117786313821,-0.1038798878245496,0.10455046775348711,-0.005934419035296794,-0.13608950682798432,0.08830148898277299,-0.011873120904572897,0.016665506433349252,0.0018708088098928247,-0.037408143774580765,-0.07483734736374274,-0.04407676308061915,0.13366910762416223,0.13190594600829783,0.05731055787558434,-0.005348007822199512,-0.0299317171023624,-0.04489478533317036,-0.005803708701188879,-0.173823895921067,-0.0538717483530631,-0.10973359520539848,0.04958553487149201,-0.08101599337621601,0.05359060944905232,-0.017632755800815126,1,0,finance
163,-0.0939869589082531,-0.1468462996849167,-0.10328223987037818,0.3904111630939822,0.12844452560281924,-0.19419223406452624,0.05243596228527356,0.0016986381304215437,-0.22874833609025044,-0.04188039948371947,0.0670486767371288,0.021291510259291383,-0.15742629789441592,-0.03658879532850132,0.0223596011640567,-0.19430697135314512,0.04355505724354436,0.15449589584427786,-0.04832063933899486,-0.15230023800524478,-0.09039480647149084,0.06666538550640694,-0.3095854962002838,-0.19736229865617,0.10289722515884638,-0.007270011657265222,-0.11691434784435578,-0.16538673517585584,0.18314437650740387,-0.1318917448829918,0.11227046109655806,-0.02389445683589408,-0.07641983860789611,-0.07370332406015816,0.026872538717521325,0.01008979858110916,-0.05392096844439716,0.031385015581758775,-0.07810828623175264,0.0308740795397726,0.1412815725633323,0.05178311123902509,0.08856397966374094,0.12441052333953286,-0.04931752381310528,0.0544523214069149,0.07530692801447243,0.07188965642583411,0.04764307980675041,0.035238632002499645,-0.06058061368660249,-0.05391005754831356,-0.06869301199331405,-0.12516859964916982,0.054098889090239154,-0.04123684418390469,-0.033028948974891136,-0.0055982303016303605,-0.026919621347472836,0.007625919326895536,-0.03323995337688394,0.006652798368798567,0.005642980900023319,0.046699925375129056,-0.04191191002536525,0.04332400847864962,-0.0638749934137518,0.055989439871936574,0.03477367710371367,0.008727914017005782,-0.004203331432551642,0.023461391847824288,-0.033396986315344865,0.01876889820827043,0.01228289383792773,-0.011225314226369422,0.02577552991712628,0.06644435224810018,0.03835430986789413,-0.027614232654724662,-0.018964691856738155,-0.03823646379597856,0.018233055404723298,-0.04035692138123783,-0.036944885767355384,0.04265549316359827,0.00016538443681075418,-0.029169369025313304,0.006075113202273383,-0.020445291395099548,-0.0321985839249643,0.014278979131763542,-0.002055438114805653,0.054959298904748606,-0.016628954383013362,-0.008203776108673474,-0.04611360915421151,0.021060833026013033,-0.04113892458986236,-0.021789508242822695,-0.005444989337218689,-0.007899346340783327,-0.03609613862845698,0.02124534205540457,1,0,finance
164,-0.10837881535032233,0.026332751110129584,-0.0864686687831927,-0.05225194903544312,-0.10063895599585948,-0.05298095734867741,-0.08819492763242487,-0.10631547208016269,-0.016049648951773545,-0.02190831447254868,0.0019318577384707472,0.09106671299090338,0.00561113637226992,-0.046671948164004835,0.06113102826834019,-0.04860175101042437,0.015494345742052685,0.09648575801217205,0.010884434676600762,-0.027647310014885493,-0.017022813395905084,-0.00903687247177151,-0.03443170442292536,-0.012722325699790439,-0.029891434627270137,0.0011456691538803182,-0.053067533912786756,-0.09965572549964793,0.07152193605766836,-0.06343495880649477,-0.14362069808221942,-0.06430213072879391,-0.03238599882069069,-0.05603151374158272,-0.018391923340805912,0.07133298259301885,-0.03801878836544092,-0.05010488909358733,0.1036436170459551,0.032531482876014636,-0.04999939597113371,0.014937640747511357,0.19398890083106574,0.010816789329710707,0.06395358004432816,-0.1520837153342303,-0.17538606499784834,-0.002179063013393638,-0.10289844160723381,0.010852013817057062,0.009829757110614614,0.15683206427236135,0.20439275270269758,0.00468766091074658,-0.07571985568682639,0.10605318881630925,-0.022224836745589213,-0.15204833941221263,0.0665003426854367,0.06067004615928543,0.04008442774473864,-0.007304427557867016,-0.027965353134385532,0.030988142724645878,-0.05207465209108621,-0.11764692696052412,0.1757853621893248,0.05612215987952099,0.11278772656256164,0.10033227474002847,-0.06366339189702505,0.12393726754032099,-0.11238248000571043,-0.029128001766498473,0.07838187784230563,-0.06361043193684997,0.1146851383900062,-0.17515653112635904,0.11137386284666932,-0.0689068495870153,-0.011596986585394604,-0.05169528272022096,-0.12028794295349941,-0.049529679989080935,0.06781129570783168,-0.12019631452988865,-0.08498577488653228,-0.07477781621273367,0.04914202351509012,-0.028026058364977863,-0.06725194708723481,-0.06628122046446328,-0.14649618373060114,0.0007456941345499036,0.0013365579419886073,-0.01812896101813536,-0.14261690509238903,-0.047995010931539524,-0.031491928595368666,-0.11011454031751902,0.03439968305605386,-0.012122779433599499,0.10566645533101228,-0.011497620676589984,1,0,finance
165,-0.048229359588763794,-0.06542577236929545,-0.0733688654842917,0.08734774169161902,-0.01712155653215326,-0.009233022306468719,-0.02463081795918724,-0.020324345272970584,0.0844966286786741,-0.01021434820241517,0.0006727802073976039,-0.04593870785039585,0.042353865011694386,0.02229965347068887,0.015633477404034868,-0.016192616700147017,0.029002267882385267,0.07886479066373814,0.004404049015139767,-0.0008733596289748064,-0.059784631292081204,0.035156403254006985,-0.02220063919574315,-0.11135953070723106,-0.06155874057756525,-0.003295899367476259,0.023744980065662533,-0.05679414262772052,-0.03125660643513304,0.044371950288582825,0.06874347688538804,0.005727093141657717,0.07686158964982377,0.056153713460719276,-0.19629436609108655,-0.2515755504791158,-0.046613324652407036,-0.06203581657043216,0.13215400857489118,-0.05366997390497285,-0.17728823307434197,0.0612665506532302,-0.1842447531906793,-0.05084145324547316,-0.15819264144968714,0.13602932310175386,-0.06295409304632096,0.10162180823467858,-0.06681439213087884,-0.09432705737924582,0.08685073671335895,0.04266755685672437,-0.07854982832932074,-0.07525258421021415,-0.016381067756161313,0.052960475553055435,0.017713104045139205,-0.21902507494881543,-0.14770911583910332,0.10148962871762965,0.07730375370539326,-0.014636102633515393,-0.1268975766009876,0.05010327738818664,0.003919277533670912,-0.15747253227278504,-0.13635704086809333,-0.15968485343751915,0.030406114583021705,0.054729118079265074,-0.0031040909747077974,0.20108187105717848,-0.00792689430786513,-0.02856317895041635,-0.023458364826964825,-0.061916972723834646,0.03666509904870982,0.15609688998457816,-0.09136262761499354,0.016864946114038992,-0.023723674083829537,-0.02428614714468713,-0.13352864521750568,0.02771201513594614,-0.23881394729005437,0.010981415281388981,-0.09622008675200595,0.002870677262985723,0.11147971992665812,0.021076250717191634,-0.07619476972732891,0.017241888835162342,0.03145561781766773,0.06194297719263403,0.00786957437529574,0.03956679825585043,0.01809487231385498,-0.04526677096944887,-0.07099053048027944,0.09268047368893809,-0.007512596724987419,0.021912017770944064,-0.014880766795203764,0.10758437123994202,1,0,finance
166,-0.12770685905008444,-0.0673979873648021,0.04472978255173325,0.06970939037782223,-0.13279244871222148,0.032933076206425764,-0.02180512033432955,-0.12735764307540332,0.38771137700489794,0.2592185084743354,0.5120940510896022,-0.07350861608176196,0.0036363180173551767,0.10652854634825462,-0.1164373187665974,-0.08196359748322887,0.005551304361277494,-0.07687434927512443,-0.0074323660266991266,-0.004611362254102347,-0.10754639802223379,-0.0009248830322721902,0.009795005912976008,0.01151898265048218,0.06908795605196835,0.01635688066795588,-0.047846343065591844,0.0438067900689486,0.026802617196095488,-0.05389371899248022,0.00874909068325561,0.007869607279897902,-0.003090836761208157,-0.07227947631568564,0.009171729748302637,0.11111879083154395,0.0111505672292961,-0.013650349077180643,-0.0359091359311279,-0.01321974583128401,0.08019389792270401,-0.03990399889534288,0.04137532564453669,0.009296200656190514,0.022379251422388467,-0.005075171618705794,0.01017672162450783,0.0052588972119003395,-0.03207121076356851,-0.015461616709048167,-0.026702693538051263,0.036146423708812,0.08033454389191164,-0.01502596648196421,0.058321006102161135,-0.07841983038344957,0.049855350720835016,0.016894022729418586,0.010374311861581062,-0.03547740116002176,0.01959985412099266,-0.017721167565488367,-0.006494237552849688,-0.08696475819759567,0.0190251192781519,0.010098565069224389,0.005499709509224062,-0.004190877708107022,-0.0528718838700653,-0.09184748832619073,-0.001732310510130822,-0.03787283472816172,0.05061877327692098,-0.005866551763539011,-0.023510297100471284,0.025482944450671067,-0.03078406273874399,-0.01061375967430673,0.0026140410364627804,0.017179953580571766,0.008513915026600084,0.031477522852207056,0.019287264941411232,-0.006140576570872241,-0.0012845903412203594,0.029215477338877045,0.03773898798758106,0.0020753588162284427,0.018446183828035527,-0.02023820402881704,-0.014529127345439945,-0.026938954093238404,-0.027277497994180486,0.044142887412848414,0.009417635219942473,-0.012262786921540753,-0.007141040295231114,0.0048837841146007034,-0.023227027939124713,-0.011168693560999391,0.02816264542414816,0.13394617419106603,-0.016140028996352657,0.10044018724923319,1,0,finance
167,-0.08366513244925719,-0.12341047789630555,-0.06381204189179639,0.3369629315494755,0.10070395904265066,-0.15538205106939662,0.033368775952387686,-0.008704393845510977,-0.12038070217561916,-0.010392785401854163,0.016420077341827315,0.034776819107349144,-0.05802828040092908,-0.021745426397091004,-0.020763831374314676,-0.02592692385171534,-0.009378284198674399,0.01973559005112441,0.03459252814217045,-0.06269834615347565,-0.06410272897873713,0.004320874349843686,-0.13988022509918469,0.051535016358438664,0.07671826493718119,-0.06276628029784097,-0.043162682395895546,-0.03432744167025197,0.008542788256793565,-0.02301305274273281,-0.017151046753672308,0.028345045493918284,-0.025772176407573157,-0.03805808322140041,-0.0082419636934628,0.05803617616465023,0.10381066332814222,0.03561554717677939,-0.02995995554317664,0.016930733068042228,0.006637650870540638,-0.0017768823011624448,0.12778677714029668,-0.04575765937026736,0.09537479821620727,0.017290952134170062,-0.0609838075398278,0.0603636710716752,-0.08801553862381926,-0.011045924371346228,0.1919853948212219,0.017944148526431565,-0.03174174709633697,-0.16287414347312743,-0.03443435358696451,0.21098772178586292,0.045519552395908415,0.03645371078447078,0.012742813226761697,-0.04637989343133538,0.14517117709604474,-0.035318454250753376,-0.041391359088937936,-0.152033721556459,-0.040361933029697726,0.05810025888782667,-0.023320986927672944,-0.0033903182148487046,-0.04738545387725188,-0.11357294596069105,-0.04329566179972518,0.04377142012282853,-0.10815909940616313,-0.03735326577290195,0.15652395728226554,0.00912872484253922,-0.04168505489409979,0.020824042855528076,-0.014779991568199254,0.05473377747167574,-0.01754078140576626,0.0045803995080952314,-0.059377390607161754,0.021391493427296352,0.009104131184613645,-0.1335214478311564,-0.0003540474492787465,0.07179470021857698,-0.050260394501013425,0.09964240889955711,0.09614181425776591,-0.1504996094944731,-0.002515498098656837,-0.1520287032008995,0.08850772221841137,0.021203287195861346,-0.02462148722543501,0.0779607502846595,0.043667288351400595,0.06500860484611372,0.0755497930206454,0.034338319789972566,0.06210313833138384,0.004893394411173538,1,0,finance
168,-0.12994739704340263,-0.041418151506936896,-0.08209121059994155,0.008363921679876308,-0.10413989143692165,-0.036215678343892055,-0.042352453816063645,-0.10061460505846956,0.06942416524516146,-0.0645447910562005,-0.02137967040046095,0.05583137068882731,0.06298407729573921,-0.09970946608646063,0.031540056778287535,-0.04298648654819888,0.05038701174846061,0.13328643461287906,-0.09788997932995103,0.09166261326477274,0.049091270111985226,0.09573455896110386,-0.07067552532933029,0.008838764257686578,0.008221726226464103,0.0793066563033263,0.02921514261650364,0.01567007068644958,-0.0007516997173698987,0.08637110905427797,0.058540168179306046,0.07080877743568247,0.10750033147661246,-0.06695196006542352,-0.08376155772377243,-0.15068426403758267,0.03702432619373025,0.02166633488091809,-0.0191683912165165,0.15150131952832546,0.07932554785308167,-0.0247677147870251,-0.024508947879311675,0.11031866882771318,0.29533433321040964,0.03448223858667708,0.07230811773910993,0.029370958349638085,0.0656710353644145,0.010792173518777166,-0.07828078868122174,-0.07305086264117842,0.10719568712025311,0.2110650641351092,0.09714192023402471,-0.030166642520270664,-0.02652962550848922,-0.03555433578395449,-0.11580704136822219,-0.1283363062935894,0.08193303741308783,0.09932975598611735,-0.13960552607377696,-0.0553924889782023,0.16345740075439466,-0.07130901655124015,-0.03520222405444821,0.09731155529142736,-0.021370256781240975,0.09674105215688797,0.06618624885160908,0.0491489785058572,0.040799174233420436,-0.07094405720137673,-0.0008011458829052462,0.04279319304714151,-0.028921436578022326,-0.003764112650172539,-0.10190382952392578,0.03584351571013842,0.01126910522228817,-0.026085818306279422,0.03011681901334716,-0.056448998489345564,0.14541936980911996,-0.015654176136691584,-0.1295836420895566,0.07080336690606472,0.004064111640085008,-0.10647975895930456,-0.05074216039360132,-0.1447173693022715,0.12330590920983132,0.06910839493117428,0.13941415984152938,-0.00925040572533843,-0.008766677420174705,-0.2291375697673772,0.023782061984662768,-0.07367423368342989,0.004634807569278925,0.0008599617148870516,0.06409507648754217,-0.014452151985426442,1,0,finance
169,-0.13062246021851864,-0.06876656533115912,-0.037063129652863125,0.03446474718071871,0.026868305399766486,0.1626565669194991,-0.11944415242001102,-0.075639478801506,0.2898874290242594,-0.055852580637634174,-0.3826870946232806,-0.32328660109289076,-0.33104082624631126,-0.14589418182294214,-0.24935451472488387,-0.04449258995568046,-0.076376383815628,0.00435850989784889,-0.1726362030161868,0.058120752737300795,-0.009175348796900813,0.0034218384596071136,-0.051338331203017055,-0.019892663012342438,-0.008795159929666204,0.022250339633775557,-0.0033544174071802484,0.0019839572860208096,0.01176441075172485,0.0029972913610029185,0.013908003595242833,-0.011283927001931262,0.01622034120824267,-0.048914899312089644,0.014397295659850769,0.07019678169189511,-0.044295422905673926,0.003041091902309793,0.01412292153400888,0.02503248849078498,0.037076909969990815,-0.015545948479501066,0.015071798509471393,-0.007076931872229859,0.0062288162216746264,0.015205105325289766,-0.028831898610633122,0.011443008166799126,-0.018676219138073703,-0.002122589983075847,0.016809364099323584,0.029288260068285138,0.014080297928125401,-0.02414501275688406,0.010746562378674544,0.025650432494016,0.02124532504512237,-0.020676596140526016,0.020322782154752674,0.019310163279191606,0.00764432962377068,-0.010615264921049706,0.004224005538766782,0.01276868189387293,0.014022514906508231,0.025913425931687366,-0.018025453645438557,-0.020897690670191628,0.01878117518090052,-0.032636465284626555,-0.022038422286950157,-0.026560471381670198,0.016895674926370275,-0.027543129713103527,-0.03552041570274286,-0.012099105393788391,0.04412112964381235,0.01947990520786761,0.0016587510170966654,-0.055982222360467564,-0.01069299086947708,-0.0068841346225471745,-0.0019762237734252844,0.021745325878906072,0.0235845412057095,0.024556780228972286,-0.024038419893208693,-0.013855377828730354,-0.049991987730153654,-0.01371273618355919,0.03701588326806996,0.022302797449496547,0.023735038862991557,-0.01756635322329367,-0.026322195571987683,0.007140959489113973,0.03076506194468674,-0.01524314625125576,0.020518822084627568,-0.03587749200175683,-0.0008801133740414983,-0.036368569022772766,0.018834789103872117,-0.007755943860763324,1,0,finance
170,-0.15001114068095564,-0.0465087915850739,-0.035480252197068865,0.04551010028878064,-0.10102469003375178,0.07567867080770249,0.003872099233950663,-0.059351363064449554,-0.026400753581083403,-0.11288219272334366,-0.2006530971487074,0.33066127902841624,0.15272817021180393,0.43144020051211335,-0.294717709690204,0.15386014341932688,-0.08650040734511316,-0.10698268706701285,-0.17307772529371798,0.03248469923108828,-0.182684062871425,0.0003648258195626923,-0.05239642441674986,0.12349040207289566,0.05073407005974443,0.005608734914346041,-0.02128387778402461,0.16446204952569127,0.018002843282454932,-0.022124839064213767,0.07980752405014592,-0.06659636243457094,-0.09613632035339041,0.013340089705268949,0.04898895106725472,-0.04120237402649593,0.031228140853487855,-0.018425986427497293,0.014348524417657452,0.023307169932393953,0.024867188601976297,0.0699609392661137,0.028949742631099295,0.0897293975832893,-0.01783524347581554,-0.05666774633353146,-0.004076718190877758,-0.0047795108443059045,0.03799150092335494,-0.0004407336092127642,-0.03240110790942962,0.026537156287977075,-0.0005369309196591449,-0.04011797647363409,0.07729903541017176,-0.09549278025869745,-0.09983895576723237,0.012203374071177215,0.010398945257141818,0.03884908976382079,-0.0018283682766119865,-0.0478835578211743,-0.04613496306911773,0.013427663341214997,-0.05968327855033581,-0.0016054974412930798,0.0012439066550503164,0.020275139723280797,0.014819254534857725,0.005677240008285519,-0.02515376313486977,-0.03908659705661419,-0.008726308137554527,-0.005920446862248569,0.06787871684169235,-0.022714315989676336,-0.005833245965749023,0.03940227302242933,-0.027416770494695628,-0.0178031363235537,0.024046339839678094,0.0177978078010402,-0.020011277750522,-0.035272395259992824,-0.029601462950060945,0.04452582112983777,-0.04866100600406853,-0.04757453075811012,0.003983346290807001,-0.005082460650511567,0.030204609894486645,-0.06348108784442819,0.014901309450797448,-0.0027746823450650417,-0.026069882493508674,0.015884326222311777,0.0001816143680728372,0.012945313158099997,0.008618781921420937,0.0229488001998548,0.02113584339947828,-0.023370046700532273,0.05830064347802601,0.054761306502074183,1,0,finance
171,-0.07808476017896458,0.012615875165348006,0.03525631932083692,-0.04705397573865337,-0.16593684642899692,0.11883405582090724,0.10406091554487155,0.14564191085087994,-0.01773336880054954,-0.030697408565694063,0.016249695998153752,0.006868801006006497,-0.028732544549570842,0.11769753483588616,0.010808673586181481,-0.02069356070157845,-0.0026526137509020656,-0.06953857804843709,-0.20118428844713596,-0.054007381882609874,0.08774515009943097,-0.057830599994705835,-0.02737214841820795,-0.250831523287687,-0.06786642566029517,-0.027888301120537556,0.18606304259777828,-0.2789200318285681,-0.07868029577442377,0.14168207654451825,-0.1848637110766032,0.0883745264956158,-0.13974010822824107,0.22260807376355712,0.03995277105299527,-0.03055372674331155,0.18068746810430453,-0.020076296159262597,0.05415873831041269,0.05550208457564747,0.04735625559569525,0.08725651114867211,0.13816952990917497,-0.005584682460562878,0.02272446321598611,0.018798858508243522,0.10300065942668125,-0.07280420112019462,0.017410088971790458,0.12110171796436775,0.0021004412448126413,-0.05244524546506324,0.07467170253681954,-0.01275306144865776,-0.04576837362076248,-0.12190350863947651,-0.06470946088983862,-0.03104193320498027,-0.027047716193038675,0.034896611721725014,0.09052359853876688,0.03673215579534954,-0.028095748273746946,-0.1280179249848197,0.10420133584514646,0.08482494765143012,0.0032522084521451715,-0.059532923050923295,-0.015953067503883964,-0.04110122749009941,0.06381403209944682,0.032471086370208214,0.012603197945610522,0.03139559441993721,-0.08348562324543722,0.0913357096220535,0.031110538881372177,-0.0682427289298523,0.08148209924945371,0.027638583115418034,0.08076404031393368,-0.014050675848452817,-0.0690041762506543,-0.10848039466298297,-0.014684284882487067,-0.0320925958556926,0.0754093897684782,0.0030304986400585153,-0.024440428728919293,0.035367922262552705,0.03581017121051693,0.02316317061384781,-0.05047757935780955,-0.029589827227582542,-0.08402921089393664,-0.028133446423228584,0.011841937160007959,0.02934268933180516,0.03998368913656094,0.017472913411675693,-0.04997125427685816,0.07977927874895681,-0.018573348634906294,0.04836233018470178,1,0,finance
172,-0.10685559112870195,-0.013345141317953897,0.0076318820575258005,-0.09163598626224793,-0.09126754493085885,-0.060131673836303134,-0.03948735520160524,-0.09095471542873458,0.04070834957363404,-0.001128594586197712,-0.02660261308631547,0.21027728391621098,-0.04062217562610769,-0.10600446511657691,0.09571137952064769,-0.054508179442141286,0.05783417994617014,0.07070467289521833,-0.04952976826338261,-0.07540643683889724,0.07840093783529009,-0.03517180771982641,-0.025887983708957313,0.16646510876912282,-0.014702744485052757,-0.050981646388014557,0.026391647417985463,-0.0028319846538190944,-0.036314299089395874,-0.09955067043100753,0.019593820552557775,0.11418145693613144,0.09163617016077516,0.0013009885001877691,0.019539690994414508,0.05759863043741135,0.19866247841615275,0.053397126692746884,-0.14029334249830502,-0.031439571548682044,0.08228983430813494,0.03155195825004618,0.039450800079906735,-0.028721272743249312,-0.26094111676025195,-0.011892585062831302,0.028769910572441097,-0.1953896288062468,0.0377260691180225,-0.070817151534429,0.16488564466002817,0.006527107336912044,0.21227385488330427,-0.11421223287277674,-0.05193901994332346,0.0602148887447844,0.07286917992233957,-0.05558762140009322,-0.019287193827758186,0.0114339270044075,-0.00034434818725090826,-0.041909891347936365,0.011121240534949438,0.09935983508709094,0.055934329753000764,-0.007473820579654548,0.11807690963979375,0.005032348645489294,0.0343943157477888,0.05566973429697655,-0.12024141131064618,0.06318227494551987,0.06036031731441497,0.021705181760605936,-0.1459700263118509,0.020337027429341514,-0.015637432344699883,0.203810115736047,0.03319420960531324,-0.0011802606988960788,-0.04339228516229796,-0.004308534480281654,0.06995745306705181,0.030076565631908532,0.07112855549073484,0.12745392812899778,-0.10120620111698926,0.04739618875917615,-0.014313395531812443,0.03568779220269557,0.21330786110463437,-0.09193028552222339,0.02780206183623136,-0.014637709164263405,-0.04312227582807548,0.10206286302985483,0.07364390086396047,-0.023326668952566045,-0.04642028543350721,-0.03090334329573019,-0.067901661339283,0.09837831826371272,-0.005629979575425991,-0.00549590037307409,1,0,finance
173,-0.1354565487840067,-0.11092504677037036,0.019807716582668788,0.0494212420510369,0.07994023182293987,0.22156264291846295,-0.15975373507113402,-0.0790864319357734,0.3028389470935458,-0.02917139710046715,-0.42494228712253146,-0.3766245159575154,-0.3939532347440325,-0.13905472828135299,-0.19274935241295066,-0.06151828405482746,-0.06649668058248877,0.016865121228794216,-0.17417501992003118,0.05375212683250545,0.02487451726002736,0.006544747034978971,-0.030768090798520727,0.02732250824394765,-0.038918585132444374,-0.015708615435576945,-0.022428910258420618,0.049726352988140855,0.02360996198199616,-0.038730107604398406,-0.003217421008110438,-0.039695957673743724,-0.01094705509669423,-0.01839096666052007,-0.004034508124947417,0.059841260789931516,0.008335387955453823,0.008057367061232192,0.051403316669799824,-0.005781673947943148,0.01911168398014637,0.02862144336723756,-0.014004150912300123,-0.027378076803455394,-0.021226877394125026,0.0068345132671356855,-0.06255211148409258,0.00558895940931671,-0.05566795979489102,0.03133715708121714,-0.00028907820512422263,-0.0027133876099010353,0.020196757582426093,-0.006436717310738518,0.06550932378416127,0.0170304986878993,-0.02750409496328619,0.016649224238493115,0.007535323189685568,0.030546025578083273,-0.001104065960918043,-0.0039896247333825775,-0.025477904136030686,-0.01729769502884631,0.026048993706572453,0.052068647670047596,-0.008196348854261548,-0.008573564111821494,8.958327936018933e-05,0.05276100505116535,0.00625231947117423,-0.04216433065765564,0.031573426184709,0.04056404067388553,-0.0053491876416681995,-0.019675337923807337,0.024204225015638365,-0.008859128526927778,-0.0030420594528495805,0.07066908217871373,-0.07316786849060203,-0.00025640579436893914,-0.021214295363538083,-0.03349598409528848,-0.003493877223088392,0.04295342203026825,0.012347827696188626,-0.01911565896230653,-0.01658936024471169,0.0185305675666292,0.002635221855498711,-0.018192759775766308,-0.021067318594726072,-0.00010427641383745297,0.013941423721448623,-0.015539304172947854,-0.006078453366336148,-0.011841292976743894,0.0063884072094432575,0.021076012055741115,-0.010274147442347212,0.022446193701591143,0.012051326768535995,-0.0009144139988151445,1,0,finance
174,-0.10306608560083323,-0.129410178121251,0.02874650898681899,0.1516888865343759,0.12142161772557282,0.1788499257293821,-0.05622881519901099,0.09795817254409347,-0.008374037612817352,0.062175228106772125,-0.11685769321351623,-0.1516647324496497,-0.15496654120173275,0.47121875756190695,0.405653846529647,-0.13326713014585098,0.12210791219847955,0.10703605390312142,0.16301627161997603,0.013686944349321137,0.12847108537077961,0.06134890361404352,0.15817524746264627,0.06252303129241778,0.07716098842868319,-0.02362629191427332,0.02695524823143847,0.0984120185578907,-0.026891135890877847,-0.017769035175259854,0.0375279975989816,-0.04543994180279805,-0.10413915170033271,-0.013926049129675834,0.055868125248126115,-0.10527753624277092,0.026918325872620025,-0.022677847478349136,0.006675372425298499,0.03504168188346227,-0.0006055215559463067,-0.04953185396312496,-0.013862390844268026,-0.002940254892135065,0.02595367225584928,0.029611140428806606,0.027003948132104157,-0.016902352468102694,-0.003843033098822569,-0.05529945573353531,-0.010848806211199288,0.014200106212007345,0.03518293625310261,-0.050571782891935056,0.03521217206187518,0.061475469918277244,-0.023994297648106858,-0.0032673665225203823,0.014089983586995992,0.00983556506529612,0.005275920858789422,0.014185274485099472,-0.0017211949691559542,-0.0069508163460874385,-0.029494029937507802,0.03329604699973373,-0.025100455401718843,0.016687696167319015,-0.0015265907831254302,-0.010444128333254822,0.0004082763569023229,0.02446836778314399,0.014577041135584728,-0.049934446626357515,-0.03212699413506755,-0.0007577999408440668,0.03722350343202268,-0.009401923041746658,0.008266547305816831,-0.03388250549856035,0.002398055068707708,-0.0020619589392442033,0.029041454735799423,0.0020088298271015606,-0.00018753025874524232,0.003918412275386453,0.021217165777824707,0.007437498129156733,-0.022373063019206888,0.005333319377884113,-0.016787213556568068,-0.014816467740701484,-0.01279955968666584,0.016355665985835464,0.00017895995921904118,-0.01290733325106821,-0.001583201713260531,-0.027095696430207653,0.013374745332149544,0.007651599437981149,0.007998286367537228,0.006897588743809431,0.003978916237610339,0.006499182346113347,1,0,finance
175,-0.18638511742027822,-0.17556176721240882,0.4978994331354824,-0.2692063087036219,0.1771450685833916,-0.35992029652517893,0.004548159195409999,0.0864347603585437,-0.05759434968045778,-0.022634324885078404,0.031833684575310474,-0.10141063620082617,-0.015507093010822913,0.08015095952477128,-0.0262854382726069,0.012105545194104282,-0.07033962940131389,-0.0025120999712161295,-0.0037781884090092896,0.07195838048487603,-0.11648000590370276,0.048436988197712603,-0.027881480624724692,0.048300363962676854,-0.06686353551565631,-0.026297811838978686,0.08016335333114115,-0.08038328584996121,0.007248211929849394,0.014237908748262583,0.058958459324662184,0.004365383883237587,0.002667522523012047,-0.0869423598879641,-0.0034923139259400516,0.0018011258275649384,0.009223737033455639,-0.023119505250291113,-0.015772695107578734,0.03546090864219822,-0.012028748579701458,-0.05159745376553223,0.018009112479762637,0.015930569015159293,0.023478878232569344,0.02094635068261146,0.028037417519796222,-0.027758902144495716,-0.013986606796448121,-0.033016252078185246,-0.00352070315012738,0.022325454425003083,0.056690941238676094,0.020653388383503613,-0.031874616715646925,0.03581223363754559,0.03253991504050604,-0.021546850736457485,0.0290769570270066,0.06724905376805483,0.020472394703126052,0.01831858974096542,0.03376267067196579,0.0249644768734837,0.03225889430530318,-0.008439528047403342,-0.015041398510844229,-0.07697578756021389,0.03157329179758736,-0.03195108522957974,-0.034600479694677604,-0.011196968858275999,0.02460096322135385,-0.013893851930374769,0.004853255775215834,-0.02886160778217758,0.018935864584115787,0.002483066325237983,-0.03517866281879585,-0.014839127351360289,0.009494950605673458,0.0651772958730213,0.06680805675671672,-0.01690729682448255,0.0211426743489524,0.06153637867937423,0.03368819841668421,-0.035565679749016275,0.032724694535980946,0.10239698299739096,0.05466689611122584,-0.032519617423292485,-0.03812597445739235,0.008594991221066661,0.04485527873415613,-0.02329690402313853,0.019029752145963225,0.01927034258900956,-0.04391846978204684,0.042729359743963864,0.06328497005927888,-0.1173282514112122,-0.07978606892636987,0.03225270745092818,1,0,finance
176,-0.14772602851627173,-0.16131907821792474,0.24744521677606732,0.027286807013060268,0.40191281347668695,0.5638765845294885,-0.268511873452305,-0.012272301232194732,-0.14483668375078923,-0.013959097766721332,0.11451156342527631,0.10273738491370972,0.10507108899451627,-0.1265452238200088,0.06303222757798368,-0.0032957683641924272,-0.01643870634716483,-0.0016646913281413345,0.0023063978777924338,-0.028803758499140367,-0.028955439882075856,-0.012321675759529823,-0.005128424935736325,-0.034342687416893974,-0.006490571430808519,0.01723641523166673,-0.02040851952734504,-0.03435220598485459,0.013477977580696486,0.010483795270288867,-0.010198200958640878,0.0005075131636335966,0.035942054033089456,-0.017320796194300422,-0.017655543635664545,0.011702630704242302,-0.03234644324092665,-0.016826526366888465,-0.004288952403104934,-0.019230564534969033,-0.06308922462357605,0.015715175826895748,-0.04348242641391212,-0.007079042651909642,-0.016251885666314407,-0.08165208925247058,0.02427684100697077,-0.010066079221536526,-0.008421040032770073,-0.02431346571785786,0.00139862938918015,0.004796440188197292,0.019270874889649157,0.027039562737937596,0.011898334643244291,-0.0371767609052022,-0.02414963270404754,-0.000618994663666473,0.0033120403747836915,0.030715683413061728,-0.0008588073881413762,0.026422405499406564,0.0196411424392698,-0.05383453763901576,0.0427565468517994,0.02035989431106972,-0.0031938049515163026,-0.01170489365399243,-0.01713210445636452,-0.000898267167568316,0.03616511955043364,-0.03532135176213814,0.0013580334622576675,0.01875358016733282,0.005670102472869346,-0.014948473578961164,-0.026688860434376297,-0.04244886349776545,-0.02649772714944609,0.0434550602217942,0.006343424594523121,-0.010482325737999966,0.000768446968109997,-0.009439661394039187,0.012134542104667386,-0.00736672691243683,-0.00796811175013877,0.009273787081911993,-0.05418879170841867,-0.020949337670205504,-0.005174665995599452,-0.019236354279353187,-0.011035461657600517,0.07558207401495437,0.00012123937218148792,0.018785105406108917,0.006531343901185107,0.010875842373639042,0.006876996446157892,-0.016098246892306687,-0.030045892004634266,-0.002139271276316859,-0.0406335737761785,-0.04870244533058328,1,0,finance
177,-0.11438009540129161,-0.08764003504815188,-0.09315687310736229,0.16567633871391216,-0.08483597625292522,-0.014778433474387273,0.044362150595766044,0.07036479443458311,0.14009664988093934,-0.1060382250533491,-0.14997109832181318,-0.38046985284063656,0.5779508706916332,-0.13162770187480105,0.2007941540521218,-0.011688701167056986,-0.05100723970984709,0.026784862633603936,-0.014446371996865697,-0.036143797949284316,-0.04981640219993964,0.05762596011652294,-0.04196573611555789,0.14556117467925778,0.023197696029529574,-0.006798641382267977,-0.045005643903197584,0.0032707464119455638,0.0006057282917039527,-0.08021762280907277,-0.026513084181583192,0.025561601564036366,0.005579685809273178,0.07182982999306521,0.019493287129052864,-0.04085153166923306,-0.025623019622255962,0.06676834064880484,-0.018955492225670795,0.008505979036683079,0.08552682570682699,-0.0065457889957811575,0.05037852879521743,0.05117952192167939,0.07691458789871343,-0.009070198303389147,0.012489955180361986,0.024501613811300685,-0.08926794229532023,0.09184407400875023,0.008218295599551288,-0.089052544388941,0.07164112068070161,-0.03866140830550294,-0.14323491275228342,-0.11378448587070251,-0.07713929899965315,-0.04376184420829895,-0.05726598086964489,0.0927844351511676,-0.0022674900333140425,0.002389834173003695,-0.009933258735566074,0.019461442418724988,-0.11481269783686628,0.025807970165001512,-0.033925526503634465,-0.09489027867049332,0.0030112929896974755,0.0021858518672778215,0.06117418761652265,-0.10058315363353063,0.03416416691682084,-0.049121758664016434,0.0461115972860363,-0.01374976377009758,-0.019439190519444836,0.039149596191462736,0.032198959687273127,0.003652522110815134,0.027800436554536023,0.02322305048989914,-0.008666979243081694,0.05682514377467252,0.029974461712636808,-0.009267382091991228,-0.03947188771715423,0.005687440176419675,-0.014708426951004858,0.025986937919334093,0.03750488715692038,0.00815206500074948,-0.03474978910558531,0.014211466977870565,-0.03144552205978082,0.004573028365942484,-0.010557979507475352,0.006324803068126708,0.020493848026366064,-0.02402054741334919,-0.01779326770913687,0.009196813360207825,-0.006777215616925243,0.011280366367089952,1,0,finance
178,-0.08461406805232821,-0.09751093722750483,0.009811675324063669,0.1292871497416287,0.0550647534196777,0.12671444293127535,0.002726994363769276,0.10576583814063353,-0.04061736286093791,0.060296427089746925,-0.08982024750721154,-0.14453251302334463,-0.15278214800363016,0.4620048659715986,0.3832085766656477,-0.1261529944931454,0.11017733963600866,0.1066838848655957,0.13362858711577535,0.01364143429791065,0.15851452247904033,0.04961430778822232,0.1564945641461376,0.03783827314167141,0.07561022367495472,-0.02456437691931827,0.03638083704256135,0.06520925241175837,-0.03535171297190904,0.017273592847882324,0.03935750346356993,-0.03203845461245995,-0.07848666978065735,-0.027265579605608062,0.06167238927234978,-0.07103726426433074,-0.0005238434171598211,-0.01575640715606606,-0.0037196403279574613,0.038328958384887875,0.0030720366123319714,-0.07399460255344334,0.01260090767620671,0.005378289593791041,0.007187535410097168,0.016037308271086546,0.015977165168933754,-0.03260913113599285,0.009045780931640055,-0.0719952600938597,0.009371106991527416,0.019571933101571706,0.06393753205492846,-0.057456294992822426,0.07850467744835007,0.09793662984358181,-0.0039636139480475376,0.01082905622087559,0.02164860887830781,0.03258635924422217,0.024670891559797854,-0.018531217918443966,-0.03330825258510596,-0.022057057934376345,-0.018746369411622662,-0.02219831142307373,-0.06271177206975811,0.01759415908902684,0.002438315065537236,-0.016300129257562742,0.0014721038715687364,-0.03585838669823716,0.0099451613080499,-0.058114563247839965,-0.04670546481004079,0.021094536869325563,0.0019921561767938306,0.0003716072514279101,0.004716947359551655,-0.046147253255935064,0.01528347538382808,0.02710130251659726,0.062496901405275626,0.031627992726035496,0.006461400493776066,0.0014266394699480405,0.0056073223895502745,-0.007663906065026785,-0.008948662200562535,-0.03245045129258337,-0.018164360593701932,-0.01036697438442602,-0.026064863067301453,0.0028469620912396705,-0.002755697239518653,3.2211517016120967e-06,-0.020802455871612262,-0.04900180913649971,0.016808588933525027,0.0038833930833520793,-0.05218181435298414,-0.022266284157938125,-0.010647221898846313,-0.09544615995828308,1,0,finance
179,-0.13816402739235015,-0.16465638136856328,0.25929105618501097,0.0272808225442331,0.4065501667356901,0.5461583857612429,-0.25627392480838895,-0.0014384666791358962,-0.15834893190257607,-0.03130285210499665,0.10541295459946946,0.09770286277974886,0.10454037389709023,-0.13242756096113126,0.05557577361892547,0.004946801266430162,-0.021860464482055704,0.009686810045133228,-0.005086539935024769,-0.03186450025437058,-0.03530211911465018,-0.010862536294231487,-0.002983537704571047,-0.026907071311821348,-0.0058071618266391225,0.014386989242617138,-0.02235211231098281,-0.03497163692204243,0.008352895017443466,0.017644387827275364,0.0019898741747355134,0.008391031614875881,0.034252084409267615,-0.014535857091743912,-0.023418607756196218,0.008535099970575314,-0.03274597383437168,-0.023442398077687727,-0.005430424386565168,-0.020904117569159966,-0.054201622945930575,0.015148786008307297,-0.03997358293071066,-0.010512423957679734,-0.01576041075275646,-0.07737466569249345,0.022814184229462194,-0.009099302621475272,-0.010427717565590059,-0.024368841283486486,-0.006552986991027929,0.014026551563161776,0.02385677093088183,0.02484611984904594,0.011869269106333895,-0.03581496571723392,-0.029626147520861287,-0.00457103204198289,0.003587664469580375,0.040256815814094994,0.0023353334819878175,0.02965498792656767,0.01582237266485751,-0.056940778939226507,0.034560261228133285,0.013303279664169729,-0.006534257205580478,-0.015580011759037603,-0.017938582495060605,0.005919386063885257,0.03979941641292325,-0.03688602330492755,-0.001453320595667556,0.029244075406025506,0.008239764966576977,-0.017057977731746832,-0.037361503622508105,-0.04789722692157764,-0.031511733218488436,0.04207984131898323,0.010933449565425473,-0.010048570941049812,0.007136153157433919,-0.019715360586318554,0.012671531734227637,-0.00852241784538948,-0.003693806123671094,0.015669294997210523,-0.05578599064989463,-0.021338360972115243,-0.001188644327425345,-0.023000043441877633,-0.016532226056689626,0.08317597002468537,0.0013526226195412477,0.015006925169178599,0.010610736755041903,0.008844540840254099,0.014730075729959637,-0.016937333741038972,-0.046085552437642015,-0.0073574259480935645,-0.053017628525798485,-0.057452457696915704,1,0,finance
180,-0.11108012857505781,-0.09179636569117598,-0.09980553130165157,0.2552957642657203,0.03894788564753111,-0.08901072130546414,0.06052794396426785,0.023333462342122857,-0.06052893976755542,-0.05096847133788632,-0.03872097872694252,-0.12685941909892423,0.1997932943061469,-0.028901414807716637,-0.05207531218971596,-0.04162804764752473,-0.06600960557381985,-0.06703947372051719,-0.06050827626907788,0.010299960020640127,-0.02939283983060994,0.034541118863108705,0.04234089404069861,0.07819619602535365,0.027609392046382655,0.07723952926401939,-0.12092368190193215,0.015441534075113013,-0.022291738183673696,0.05012378138540886,-0.039022265083676365,0.08302755895925633,0.11429960381195292,0.005217405446050029,-0.0025785877187714653,-0.009092801525807706,0.26918109380928334,-0.0004884157264280072,0.05259756623062791,-0.05903037309802257,-0.037413760584373235,-0.12427344924128524,0.2500444657406092,-0.14628279971032918,-0.041957193364987225,0.04389805716925017,-0.13738076633460009,-0.06602698890140246,0.05140129726364963,-0.1056013748627798,-0.10055254841697431,-0.007749547651408721,-0.23173895015075424,-0.016325105159196485,0.04922918409732538,-0.01298200855618868,0.049527562328339984,-0.01054313755732897,0.04825291144385355,-0.14567895563057093,-0.08085803193918316,-0.02692220667304347,0.10834809653469583,0.06201806124767478,0.058922398349435835,-0.0565618181285913,0.052760284710368345,0.07844961199938758,0.019840325408228797,0.0297965742517595,0.0227097556278612,0.01310902750730066,0.05700732479462859,0.053422471482072326,-0.10994042476889002,0.052007582007936336,-0.010091143506373171,-0.017897824776190754,-0.025941431584702197,0.018433850307153703,0.05223332344060557,0.15082091600507802,-0.013272180169065572,0.0007319495424668253,-0.0749286187934784,0.0012120668206140992,0.0406232584762374,-0.07188107854188096,-0.03194815130441164,0.0043652499702417505,-0.07878920977693582,0.015600851340567335,0.0013368037552684636,-0.017271403584232976,-0.032695574329316995,-0.03794514153221212,-0.02958875136629283,-0.025157041183373228,0.0313856764680418,0.14042243760161482,0.016682466526180672,-0.02256276596238393,-0.0199198973747904,0.07150928573139229,1,0,finance
181,-0.11620104521318149,-0.028728595250603343,0.09046408669863903,-0.0607952528510982,-0.35941386262163205,0.2443334684966217,0.295866917214673,0.48634649549455305,-0.1378418607829544,-0.07504771979528813,0.0865965100935698,-0.004424699902508656,-0.15893009524181753,-0.14468238705393183,-0.07305878625920129,-0.048250520023654035,-0.005178593451565923,-0.04160401431587917,0.07249586682372999,0.026490381399775696,-0.07218154018615283,0.018164318082888566,0.018626927059345415,0.0748669523486215,0.04590339281147313,0.04447867739915284,-0.05443943410703362,0.08638374195335684,0.014942039606972244,-0.04079124041753085,-0.006339906697566266,-0.015718349728313614,-0.010650835528651082,-0.025282291585466465,0.009168961342143086,0.03850907154944808,0.025820942140073713,-0.025618277958456965,-0.002346656391215075,0.002079609548391947,0.0016227616344820894,0.021034173921145368,-0.0065793024974819415,-0.018607368914412947,0.019217711004559136,0.04329169096297471,0.06838754290612296,0.07832748099342288,0.031932781323224774,-0.034127885772248706,-0.029571066171961924,-0.005633283640983392,0.07137206263825088,-0.035954985736229114,-0.004225692049835099,0.02738985294454198,-0.0467793491113684,-0.007846754119454513,-0.006013285451278708,0.01900684278336993,0.0011841632398319865,-0.018558209974194384,-0.03482995951214899,0.01682839301944716,-0.017973435199353793,-0.04223611550119268,0.034127485007801134,0.011793304642870926,-0.02479676633578665,0.04039534526001357,-0.039637078295919316,-0.0349242238958314,-0.009499300661980115,0.027281122890874542,-0.0009750852889181626,-0.042162976398588355,-0.01566825069107676,-0.03124446034071936,-0.02603197194804402,0.01277990577926566,0.0002200828199834927,0.03142327944913363,-0.00782827425528934,0.028515283311481555,-0.033287290189299115,-0.03547380836572513,0.00024304884153628398,-0.02865432252477499,-0.025701403631393473,-0.047273256787575574,-0.01303180076209362,0.00619927258458855,-0.017016541016930443,0.0140861669044703,0.03475674472709748,0.04547580465349581,0.018163217369356128,0.0035663092050774703,-0.007256591949907488,-0.02317960143895059,0.02051634565898934,0.04462866064495444,-0.01854418526972458,0.07268312134477457,1,0,finance
182,-0.18469031632122765,-0.16607141203209583,0.4029374868283684,-0.2101034668130216,0.1250320599922986,-0.23843547418581085,-0.028342905882241566,0.03944545329527594,-5.480183293508847e-05,-0.02807565492321817,-0.02074433172651471,-0.004820304284679178,0.010710427497238387,0.0017081675572000578,0.038405592851541485,-0.1308572995476529,0.07905119803304426,-0.20495039339524698,0.027294014653569308,0.019076014856422244,0.04600895788282219,-0.018716054115172732,-0.037244327065706205,-0.02616909342376457,0.06119861614879782,0.07979432170786929,-0.06895275984163655,0.17682656909435138,-0.0238314830327588,-0.034743036927409515,-0.10718212669625114,-0.01135628220673948,0.009518377393460882,0.06559709616626343,-0.032854100556984706,-0.04909067363872063,-0.014623549550942713,-0.0348676211219973,-0.07643235675790523,-0.021830154032005528,0.10753725908974994,0.06696062106451968,-0.005120588774900535,0.06530499958624077,-0.08628208491056341,-0.013455590422337826,0.05059380834885241,0.012726179530769887,-0.11183085310551204,0.03251475964220919,-0.1505444403704821,0.08326180994181764,-0.10386045576176024,0.11027355257256491,-0.036252898386766735,0.08091252791268924,0.06612121668328391,-0.028183497052317173,0.0769411011262355,0.12910297469086673,0.15604348180439098,-0.01957391379631381,0.026607159299120636,-0.04824417095610468,0.02113134799337018,0.023626787493985595,0.01615009815189747,-0.014185910572490293,0.0191724998072341,-0.027054935498124624,-0.11801724440810145,-0.03193829754026778,-0.012323991237502161,0.07396625144361627,-0.002981791334467204,0.08830724378890387,0.015666081810914292,-0.01302542985630845,0.005576523477720652,-0.001178124463129488,0.048128816359194096,-0.0264562256946589,-0.07025880048830536,0.03310507763365037,-0.015649599871873688,0.013043587483566777,-0.02029863660849236,0.020316927951502094,-0.03807608597446199,-0.01575398880845663,-0.0023177537656153074,-0.07850268886976747,0.04705083468717608,-0.03569864166771719,-0.040696412761425625,-0.016880033078161574,0.03981496804620522,0.0438544644554226,0.07565024924437794,-0.018112300536742572,0.06726955538507172,-0.09773847295915844,-0.04590503356863389,0.08983874182181976,1,0,finance
183,-0.0998919817637323,-0.06875329519085353,-0.07556564227635204,0.15705477538355564,-0.02802372738150016,-0.022535100241645747,0.056736463636559244,0.042077492125126285,0.04391683706423381,-0.04871167442459916,-0.06368398489075515,-0.14624817107140514,0.26828640579117746,-0.005617419581317204,-0.015452876767434988,-0.011429412384398182,-0.04094935027760042,-0.027543681873022172,-0.08158564356145628,0.020638823916007604,-0.041377652874649395,0.07450167517455228,-0.007877368238816495,0.054124184069789735,0.05115346425912293,0.12503130687779923,-0.09872509169216848,0.022548404954887313,-0.005801226969267948,0.047975126024499284,-0.03604461689245576,0.07714620889268285,0.12017398490269618,-0.026993893431881955,-0.0231751812527757,-0.042003915712554206,0.30574836107803827,0.041019463399925765,0.03415164985129753,-0.04654719544526054,-0.07870120290890471,-0.1724855198286831,0.19979280336930091,-0.07909297923689172,0.08256766884468378,-0.011078690144052585,-0.11605611180274682,0.0812972244008748,0.08986705557996112,-0.15525484407216947,-0.11250911667970598,0.06212457451450735,-0.15780914114411215,0.05977322028777683,0.10214972565730161,0.05961985714453229,0.09277508090354261,0.022961277444686658,0.01429502155267074,-0.1535945152290204,0.03441836442249042,0.053507957646323684,0.11711866324738572,-0.0007984355961424995,0.06891217100212071,0.05066866513172538,0.010819079333362097,0.0711584485669339,0.01019743967838393,0.048093484437569084,-0.047069331550772656,0.0022608743401476413,-0.06599611624039417,-0.00810744339007841,-0.06086243012655631,-0.03322884126375733,0.05522375206781349,0.09222657342374313,0.0101098316160549,-0.05586396226609386,0.00541693965118159,-0.09030446944459046,0.0018983569091720594,-0.023513331363373812,-0.15982217627106343,0.044283352804601446,-0.013221482125532584,0.13403574955748698,0.02316604619612902,-0.089751146753002,-0.03164601221524729,-0.08599062866891577,-0.1033080225638869,0.04470290279673104,0.015680047422337615,0.02717767293935558,0.12067395658840892,0.08546840752224322,-0.07787432224701787,-0.09045404447018617,-0.010767182199564228,0.03613246172369016,0.011241701249839456,-0.07057609290811434,1,0,finance
184,-0.12175894198919025,-0.029696897685493617,0.01844327720896644,0.022803563067746946,-0.1076251799361175,0.01778382887316165,0.0052481005673493545,-0.0757280930293981,0.18425424020221262,0.10469294818710566,0.15027398131173939,-0.07518918723562282,0.013488120160477688,0.011711022920542075,-0.07164798550252766,-0.01062661479168975,-0.007132785802009549,-0.03947350786600394,-0.09180676555058277,0.022605778364911653,0.06942232004881664,0.010703963453035379,-0.0022832571561474647,-0.1172768365708466,-0.035588403508030796,0.020259323898354047,0.025122210565690858,-0.13719415615536326,0.003439666276937886,0.15538681913136057,-0.16573894347062806,0.008580557741104868,-0.15530999277640054,0.21554478417903544,0.02660333697070163,-0.18048063474046364,0.2174245210867739,-0.018594330858124408,0.07782085616120023,0.018167082033169538,-0.1280409210394653,0.19343538868131682,0.19201995538477354,-0.02929353082498475,0.10512468637979015,-0.11137023232950172,0.2500392271270397,0.03997148830962159,0.042832604269190395,0.11120792994195174,0.11290865712197155,0.01608213352754067,0.026957074856113723,-0.06568305741597551,0.13388272610555868,0.07824216432773726,0.00565860648260289,0.08064437776507262,0.039729284561536425,0.03881482938928348,-0.027751431075155396,-0.012072298185146702,0.04581670768433253,0.11406179425470273,-0.08597925886739002,0.032970374033138294,0.056023335539471794,0.08099565993407944,0.028070950117703084,0.08712643544634698,-0.011934868357673736,-0.1167709123708632,-0.08510142111059693,0.05925084579943353,0.022831099737975168,-0.004212609093992693,-0.05697015789836613,0.005082410760802046,0.00946227193780187,-0.03470644761637382,-0.07775967252969661,-0.006505132302945265,0.08341761442082264,0.022315472642413542,-0.017990062365421968,-0.05431189385529785,0.03873237641378323,0.08997273558501374,-0.0683010021698949,0.013653498848207218,0.05563323180719996,0.06607000256103675,0.04501017438941828,-0.005860667369034236,0.07844852315216379,0.0071276652670061984,-0.11711425638223265,0.0007047964157420062,-0.13407529531458676,-0.03669867290130549,-0.017285859788453962,-0.13909599979862802,0.009925082370377867,0.08073076464956926,1,0,finance
185,-0.08708278015188015,0.004116065824142971,0.016531156209158383,-0.056579561870039596,-0.15967206013288587,0.11378517292752909,0.10327922428162034,0.09930403404759143,-0.07527594241531166,-0.032089503333339806,0.027327405873616595,0.03182210063351193,-0.05451572299299925,0.007876707560168126,-0.006625973945850786,0.03996640737926448,-0.04610703865775067,-0.08179084608507073,-0.1362639631992926,-0.049471845150077354,0.057277950738585534,-0.1054492207864293,-0.033734417311839966,-0.1668338450224425,-0.07229119437503789,-0.07405911611793316,0.11583370672824397,-0.12974766852519243,-0.08933125546651881,0.003348089122386239,-0.0030671124858555015,0.0906951593109681,-0.17253745467395884,0.09282637111235388,0.13275241896786283,-0.1596064829300484,0.050364030281812945,0.026804411122666485,-0.060743942414505994,0.057757388693694026,0.2966877231198666,-0.21429964837876453,-0.004612350554411437,-0.009990082244009529,-0.09554704981856207,-0.10880123715304135,-0.24358777096946757,-0.19314782352774484,-0.12956071212205558,-0.08254772176742377,-0.10358677387215964,-0.11035326481251077,0.049686867740865025,0.1231089618126542,-0.04510231781106286,-0.02526317682360724,0.03481273854506661,-0.02931585312979077,-0.0899869770205682,-0.145496924362092,0.17738760339767637,-0.011167531767106371,0.0032036054950790255,-0.037791274980928255,-0.04469346215292645,0.08287009859466336,0.031873366649481545,-0.06842432439973088,0.00779764581395954,-0.061486345026292764,0.048205829631666294,0.04464055366050873,-0.10623121272836591,-0.04748238562115832,-0.0033213231846967494,-0.04904440278659309,-0.050482621823186656,-0.04295842523279021,0.07164061647621457,0.017416976124219063,-0.022805961903813832,-0.038956461918549484,0.01642657841252975,-0.10316826498310014,-0.12718969720071732,0.0674532481443175,-0.08951856288900027,-0.09347439100177482,0.1064599618756226,-0.02182376684206874,0.05289110277509601,0.07120605270554879,0.027245549163616906,0.008654035110772132,0.08606146840491982,-0.0713275842482031,0.031036702753983503,0.06662831603216976,-0.0014045326623377769,0.10241834541210135,-0.003267395048993555,-0.010506932609715105,0.04274726873574316,-0.07912209633186723,1,0,finance
186,-0.0934460388453449,-0.09442379821974207,-0.0930695999571943,0.20263913434838765,-0.0293540276012619,0.006762901200432586,0.08901620978494316,0.15182540259568952,-0.0777775091578158,-0.06545565505381433,-0.053004994313554335,-0.08704904238781432,0.07833483686573386,0.11227933112949216,-8.565393646300303e-06,-0.02807091023991604,-0.0269148106494773,-0.0011653494066110755,0.01030741675615963,0.003418249699495513,-0.05234272577050283,0.049734096058727015,0.008371882359310596,0.05059528841584329,0.07893756706594096,0.026750235601496787,-0.06798342974066018,-0.047006851319869786,-0.018065380540473963,0.11024379853927303,-0.11885252056911493,0.004955608392510636,0.19236914285102605,-0.06767010459031417,-0.0607555381546401,0.0346802832110197,0.12585601880831043,-0.05037410028833133,0.049744281935904446,-0.049142390641288454,-0.17381670304548508,-0.06713396555653657,0.04404259163810367,-0.05934827987160659,-0.12617580832675315,0.07033877490511517,-0.0971328206675289,-0.0567631685403523,0.052083602996159384,-0.06571067032692703,-0.03912291128497584,0.1007220355480547,-0.07656341569468471,-0.0477219495874527,0.042292380561483704,-0.11075938957887764,0.025213256258580924,-0.1008178082008227,0.04132415896359523,0.08104339841089364,0.05118010607364844,0.02594449746153211,0.026361987375056135,-0.15522390397328106,0.16951110802648345,0.07296163815913408,-0.09574961057124946,-0.051094166920232977,0.04468385507376451,-0.04401503422722195,-0.03811689582882961,0.023057091344347393,-0.07153862573864303,0.0397948811443131,0.09853263566565505,0.07867499512768411,-0.02314345759137193,-0.02553976475786334,0.10480247804949931,0.15467845160776314,-0.02740280555319672,-0.0820648552251815,-0.001303721204489807,-0.03651720369576422,0.1910769286241362,-0.04077485955520075,-0.011294044660028266,-0.12106835071780002,0.05235080887319608,-0.004725236869019055,0.036909001781886344,0.1590628404526182,0.15372457942755738,-0.0689592559572346,-0.0914914113938314,0.02174999935707183,-0.15401710737669144,-0.21769794851971874,-0.05963237037359092,0.025193024108517592,0.005808980066295723,0.03966678927543105,-0.02327895121269456,-0.02039676068089121,1,0,finance
187,-0.08535731552779771,0.001835884401523286,-0.043739536054994976,-0.012328911092118535,-0.009806689298625427,-0.007567495686492223,-0.007283788192727491,-0.048065445754719445,-0.027341098930756414,0.013407395086197309,0.041459487053927026,0.03905364550504938,-0.007893465616694654,0.025694267827609633,0.02977149392404995,-0.0048845689811710166,0.019274714874394812,0.11703688983625408,0.03933748205644581,-0.010323487120289809,0.09403867933635818,0.057345402141919785,-0.062179435864605614,-0.04444741406714276,0.03916479308423702,0.021877560579642543,-0.062200421802599194,-0.08565197041450505,0.11904327866484196,-0.07111005148240203,-0.017140880146076544,-0.08629934012580881,-0.06338503177776149,-0.09860727964964956,0.00033510258118791365,-0.04102590523016531,-0.03454295651870545,-0.010874640284686711,0.1647238181234394,0.13918204531848544,-0.04098129400584279,-0.05500667333650228,0.2785852985397438,0.1572921300799682,-0.0012667562597662486,-0.05480782954008761,-0.15267359362293725,-0.09161066987358309,-0.11132042013923617,0.028149320115406714,0.05023972264553908,0.33104113778890865,0.15631515863613754,0.038196381404363385,-0.05113609315506136,-0.10333148118417296,0.06051395003338905,-0.002237968968505005,0.07561861507634937,-0.015772760397154726,0.053613277274705225,-0.14084634708564508,0.18611177494241415,-0.09884480659998696,-0.12137845491746246,-0.1770788270580733,0.08679003058464996,-0.064765373393503,-0.18942363060674122,-0.022052593466040264,0.048175064780883056,-0.042553244806696984,0.08252080332848404,0.10705669819894935,-0.0816115241411216,-0.13160737970294223,-0.10922446084781973,0.12474943032863275,-0.1286017101902718,0.11716889351024415,-0.08456436755927416,0.029171017870010744,0.020284115907270896,0.030713352969520286,0.07444802094701934,0.05349386946192885,-0.015887785111554628,0.08992738705564163,0.012299564223787017,0.0371408899055716,-0.03010990583631727,0.05298125220198642,0.1825345241898964,0.005215436976776784,0.09068388580377508,-0.13220678666883526,0.08705278509597539,-0.009177392630842853,0.02163369590659636,0.0620469623480583,0.04975464325669347,-0.023397658463973525,-0.04912069226655043,0.029908237099916066,1,0,finance
188,-0.11443520823656891,-0.01694944573691006,-0.043321080566191404,-0.018381577996616653,-0.06353314708532691,-0.02774405275921337,-0.049569726514502754,-0.07960811256203217,0.1059764066615312,-0.03658279344511161,-0.0885784062172429,0.11859491827886476,0.04777122195070867,-0.04298911703047304,0.01981339360368596,0.10000345027189496,0.03921670352488279,-0.004374099344974257,0.32832789164446746,-0.030434483234024992,-0.055777488524755156,0.0010565607457168125,0.12987402864791658,-0.2443408311658353,0.11880733965153788,-0.04883977988692091,-0.03604006886165365,-0.10176246446603397,-0.052503548322889726,0.05940481976528288,0.024309905895728567,0.039968454988195824,0.05618910485177503,-0.08950917799537962,-0.09810660794117007,0.03767967550747404,-0.04612700727452263,0.10083937520545849,0.08971907048535552,0.09551173202229382,0.11399363274541598,-0.0520210154965626,0.025514099785884887,-0.01861637131089437,0.009249424527590746,0.005889348707167995,-0.11885277542245527,-0.07081597458488963,0.03601963739413414,-0.004975716846549276,-0.04434194854791086,0.010691614513892628,0.09370528018854625,-0.03104111096030838,0.11809206508207448,-0.012084574733473595,-0.09909143424291351,0.02938630481961988,-0.13839984243654718,0.13617511774228971,-0.041430849781216944,-0.0678881062419165,-0.051597106054990585,0.08764063796406646,0.11165473750924505,0.027470902798246263,0.10348993594326542,-0.008864415718626778,0.10497572586399054,0.2068085385073117,-0.0665562141248635,-0.09857934572964401,-0.03641652358300046,0.08311500181290511,-0.1340741480162813,0.09395294843340327,0.06642477538231689,0.04964682447651917,-0.06019339038278725,0.030459354242791416,0.01077995176170623,-0.048638969518924983,-0.10623552849834363,-0.0320948227831748,-0.013765168858245604,-0.02976209036777109,-0.005459616544327058,0.0038668864735421173,-0.0630911329960911,0.07473197007843901,0.05776995902786302,0.00512897694394318,-0.056589037527667946,0.019318158350648824,-0.032039695156543695,0.11143207022828946,-0.017055118503331832,0.11309976438901966,0.08939899351663569,0.05727811807830297,0.12308357632336665,0.15744217960182957,-0.03945764712947624,-0.05862576616043022,1,0,finance
189,-0.14883606435196567,-0.01834003550980248,-0.08144472571724702,-0.003908855455456664,-0.13476747304911368,-0.019357206882850524,-0.04795290636785674,-0.0906974609105941,-0.0006163228592727179,-0.04192408413451373,-0.073229521972875,0.11186949735935843,-0.03265378853647243,-0.014121879618921898,0.04733219902233239,-0.012741110349038664,0.003322848909431797,0.1286281613804014,0.0005736939240070264,0.06989133852159331,0.14123464004824027,0.07148589578177234,-0.06405516584299323,0.08482433631015861,-0.07440796628085529,0.018223620837930356,0.0030209953612925144,-0.09562525140585179,0.062196414728395384,0.016508465069625725,0.04813002487658452,-0.014627212860482014,0.058547887141686024,-0.04387088479657252,-0.0017809037888245124,-0.09272522322943638,-0.17810422853878896,0.029098503274882826,-0.016178921747785506,0.10475224822114597,-0.025116057950463157,-0.02626247294462016,-0.01123130959170849,0.02726276740284533,0.20412868142702942,0.09558310976259363,0.008202251507662607,-0.11940220595343602,-0.032704453449859255,0.10469071005010024,0.031069558149358807,0.1177335540412646,-0.006305306874725605,0.1086623949964533,0.18612510363602658,-0.04283243205800851,0.08078793655262557,-0.02929004941361852,0.13475952820388856,-0.05778291794367259,0.05514996289805045,0.09237917043409843,-0.02695281867770961,-0.0996082224630014,0.1899709422370785,0.02873036337632505,-0.038527230460635296,-0.013236220636116026,-0.0581217297006549,0.004759261590841641,0.002438266061664928,0.004004695558419061,-0.027084667396794167,-0.17080179839116946,0.09097356872178224,-0.02661299400373926,-0.002424775940777659,0.12924310790449028,0.07594031816449882,0.047808295717867565,-0.12858958140580404,0.06501482493462056,-0.03532941962984066,0.0651388810277034,-0.05319680252269249,-0.15080896880375164,0.020269513361118447,0.03343478341451871,0.0037504979503840486,-0.01232860462316837,0.04759665010607308,0.13105121202194564,-0.19156067136691873,-0.05187571798739908,-0.011014081561569652,0.10326782284526562,0.04622027292883122,0.22764398164670108,-0.061268446653965226,0.07664626476122798,-0.06946119593729405,-0.02477872057183125,-0.022153989910177262,-0.01509110951446994,1,0,finance
190,-0.1333928527203365,-0.08040600455815505,-0.002514415221357005,0.09916613852186618,-0.03188830657429407,0.07490915479325212,0.0008085589068726383,-0.047180590602385504,-0.027908122632774045,-0.06991060792665102,-0.18508910160478753,0.2816476151101485,0.14166998586179583,0.43123803450782855,-0.2773142648977401,0.20722971401456095,-0.07397964254789235,-0.14155881222270994,-0.09331486812655575,0.036279506653855174,-0.16839823648508312,-0.008245828565491883,-0.0565317038313922,0.12979803058109787,0.0917189320453918,-0.0129946250486321,-0.033405842259405745,0.19512715611553386,0.05307322295858247,-0.025362689914396948,0.13091049814057937,-0.07526550375902608,-0.08495517550313243,0.0045683037304848646,0.01819743303281176,-0.06364458203741458,0.06753304787366696,0.019797031747238975,0.029710085716440432,-0.0127934131604665,-0.0064067129822288444,0.08188886649817706,0.05987173212316763,0.04184717210436954,-0.04365735804541141,-0.09526627109027108,-0.016263750028637933,0.018253073627258174,-0.02841921174603979,0.012063775038065902,0.03454360934966988,-0.00956151002192234,-0.01489676218987082,-0.06867662002869049,0.04461935071422324,-0.022124276075829712,-0.06842198582036446,0.015437980610004894,0.0028772774709572737,0.04981973168592609,0.001751935048909767,-0.012880468339672196,-0.062126583858798747,-0.062106843020022506,-0.013681300299407466,0.07292931286265805,-0.016287088826108898,0.018431957375525384,-0.00877586992337575,-0.02532113605898296,-0.01909502167211364,-0.018818735795398927,0.029812049919196257,0.0057362369044559455,0.10142888990978748,-0.016040236536158527,-0.013641812482770528,-0.02458414200945118,-0.019501513193265395,-0.009144112432252993,-0.04378045544074183,-0.010177106678370918,-0.010697398139257687,-0.04455113439447409,-0.0020654304334737474,0.045524091319507035,-0.0692135518758476,-0.08823443238684724,0.05895781605037272,0.0007831031938192274,0.034759191040262004,-0.035214767333410314,0.023007832335441014,0.04871027957184018,-0.003480018406141574,0.059379201182605125,0.035688751832096306,0.020265149448876526,0.034408881452249025,0.006441884400057884,0.006942205346295181,-0.04355258690385284,0.03183917716999251,0.005263492499876921,1,0,finance
191,-0.1220269868150117,-0.12591733921535891,0.2691157967910247,-0.0008429004416955186,0.4061814075474923,0.6102264132370041,-0.22966140875888977,-0.022764747323122937,-0.1855106017082108,-0.015686086607496406,0.15046969670050195,0.11396868544744329,0.1508907407107284,-0.18077740776313156,0.04554437253270344,-0.01916480262114713,-0.013949334999941642,-0.159008836126907,-0.00844511023221528,0.05273267136593203,0.00455405309749884,-0.01530269131471196,-0.0465507689819828,0.006422943528209988,-0.032527209730280456,0.009814873871101535,0.0012394751768977491,-0.026402867223373833,0.027988220143084146,0.08267292572351079,0.001608394815388576,-0.0007008217508517927,0.06032880686179602,0.005358500607908544,0.020757339175718908,0.02818477554318659,-0.008053082224702397,-0.0017758943287087383,-0.00713660206503472,0.02078432386634138,0.02836117012240882,-0.01140236696800253,0.06495879527593337,0.033297188207155284,0.03131320508611353,0.033598345983387325,-0.022744728153279204,-0.027294098049990407,0.040874455719105286,0.03478161967576905,0.012846209082664676,-0.034763725157753445,-0.0022486137145206215,-0.05164689754139756,0.08307594994669343,0.07001577680809884,0.02624574651628398,-0.007998523842857793,-0.015346925443466367,0.028173395776889883,0.014824805265227198,-0.04798326067200802,-0.022833850918565324,0.010457957578164298,-0.02869066300639548,-0.03080355735506627,-0.032912904460699166,0.002371866548132832,-0.003628049829557185,-0.0032447191558758015,-0.019478647222167297,0.004600703051165417,0.0030220441294632953,-0.04494251712354435,0.008634376915922764,-0.03030836588512373,0.030517734041614505,0.0474520404479504,0.03635917564921802,-0.049339284015554395,-0.023191170526803934,-0.00789417561833969,0.0034764005840331414,0.03274002338358963,-0.02400496661989082,0.03434323666138966,0.0036948884900350194,-0.03272838483752766,0.05093188446752567,0.014601826660911216,-0.008639133424092445,0.015481084556289241,-0.006540025804992519,-0.04440755546517909,-0.017289390005392508,-0.03244784964451617,-0.0047466948383304034,-0.028335667286676778,-0.010450219957369264,0.032243028361568934,0.030271796360805837,0.01073648830388249,0.05277850227192451,0.031144718458208112,1,0,finance
192,-0.16012034382023027,-0.17964568741726794,0.519159740643237,-0.2751122017614779,0.18668080256464376,-0.36967675370246417,0.03456564914228922,0.11276229905339298,-0.05192635525042841,-0.024410975530511945,0.034249848003548126,-0.15389248869356567,-0.003152327854196206,0.07347457942268452,-0.061614290036442636,0.05038826326442107,-0.09675446164414893,0.01249594065142206,-0.00034890137534738825,0.05828895414676886,-0.12876667491632415,0.059520168440677895,-0.002262091832749678,0.07228831878420229,-0.1310029231945769,-0.07402825973962035,0.1474195185984602,-0.1202671707744076,0.0009259884686125359,0.04179668538254339,0.10354202639132457,0.004911708970489225,0.0033565735134766512,-0.09459616114414045,-0.02530654188595925,0.029152350508347732,0.024093771938761825,-0.03312418803276186,0.011249871198160347,0.035858663450952455,-0.04513584240621264,-0.040648621291115856,0.01262034349756875,0.05013865260550852,0.04130732555184567,0.014706105641452296,-0.018057544145672944,0.0037635414257466753,0.040528991628888095,-0.00851213339795091,-0.025530073613692868,0.02439658544494944,-0.005253545009116038,-0.029800156112725015,0.024243533879138694,0.0423858429320669,-0.0870522016041174,-0.021601395527139983,-0.06741813599324989,-0.009349613265755813,0.01628508342028323,-0.00636788640172644,-0.03870733254392903,0.031150918953921716,-0.08185867679626373,-0.015830479278341254,-0.004401796009029326,0.0685984186446579,-0.05096199088637213,0.0527160925645438,0.059944842497366486,0.0019920942865135063,-0.0165365026626588,-0.00794429967695342,-0.053359039510668345,0.0015801471767918592,-0.009018688188576292,-0.023456992157322446,0.001655311653122965,0.027454432336086604,0.036478175492628995,-0.03139928583354335,0.0052715551893039924,-0.0005782735893638729,-0.015580125245822182,-0.038087285297870206,-0.014667244786952265,0.03179846164495184,-0.03216609872871622,-0.07364668415834419,-0.018506835001936263,0.05598071830379184,-0.0213155209591591,-0.03005477650109541,-0.02953336247504787,0.002829971418173426,-0.008946276139846922,0.009605683387853217,0.023976457802397443,-0.011272993009792075,-0.08295894539095801,0.06350594081216404,0.016330904002997502,-0.04723377089954117,1,0,finance
193,-0.05443359246951977,-0.03174776896751048,0.24960011009632102,-0.01921131549185022,0.07524036931162043,-0.008254305723101187,0.004656883097772218,0.02657533825682959,-0.12095628628493804,0.05478691513781229,0.11134581914300858,-0.07409714864391721,0.033669944823037694,-0.014313416870650486,-0.1610573345538371,0.36873924249926615,-0.11802792104701272,0.5645996420935498,-0.18644857802500792,-0.20366392346388712,0.10115416179679199,-0.08079024221028995,0.30297607800288495,-0.10060931148385362,0.1513650163365479,0.08351028368373109,-0.07360868449658901,0.13102251188715638,-0.1359762363241531,-0.04857696732424267,-0.07473422724980015,0.06880163579699412,0.03722551684316307,0.04771786279782114,0.030183095816368227,0.018751487447869714,-0.022884870875678472,0.043159259310546434,-0.00259102777517744,0.017776388580909328,0.0730308261386823,0.04541999220635522,-0.004294096207693899,-0.026821788124230157,0.004239243541690663,0.026722394749918405,0.018080735392266217,0.035175118142731096,-0.0017131657458529933,0.009343292946422199,-0.02179847493646695,-0.02242904901243906,-0.009456553357975097,-0.03192749835769763,-0.011678095650862627,-0.011960799989601683,0.002899890954850201,-0.03525248309447502,0.028543105299020703,-0.007253143849449865,0.00172211100875911,0.012742191222508942,0.00018497317197366698,-0.00660098202176979,0.023860304355826516,-0.009734703408487668,0.002770288202545688,0.002114681859752986,-0.02068625329746307,-0.00645090555208037,-0.042253624457696634,0.0168936410084367,0.0010291557405700386,-0.012988168834929875,-0.008420175936689776,-7.74666670953178e-05,0.035389886432407376,0.03360329581442372,0.04007721171645311,-0.017978420364462924,-0.03909558503575986,-0.02825297959035177,0.013495315872798258,0.032214377003826,-0.020617392894590008,-0.01078876885185248,0.017744081377086555,-0.006265170864029829,-0.0020953210362009253,0.024888196271190887,-0.032218990735879825,-0.02892172459429195,0.010964623355939942,0.020037318458586667,0.016179387202048864,-0.02929982591786763,-0.010464601076382137,0.009076766787162443,-0.00980735656358686,0.0076981893274989345,0.03419416533920391,-0.011909174530047134,0.009067687280701866,0.037449902089067136,1,0,finance
194,-0.22329586033230572,-0.09029147568461765,-0.0165574072590536,-0.031489984392759685,-0.09748344312283339,-0.005313814209308667,-0.12901161018919327,-0.1723675701724559,0.12299784540066817,-0.09471781037292824,-0.09969640854755507,0.3379575618387978,-0.003484694961616556,-0.022474404363753326,0.012788976835504182,-0.15820734631952033,0.044126713753830316,0.13845377525703267,0.051838470917014864,-0.1269054185949141,0.014028549735345381,-0.006677971230858559,-0.0016336071924815453,0.20741465573450937,-0.09131937585393808,-0.06307300050581513,0.020424815158864053,-0.051106984363046254,-0.08665318475031993,-0.22905743817770555,-0.22319564933933184,0.05531038107277465,-0.11342169878089842,0.06585496685898538,-0.02856952680798934,0.1573864471018496,0.09159655018740731,0.01656819082638909,0.007437610239949754,-0.07086882978446409,-0.07860867040586608,-0.1396525781270409,-0.06491817668338556,-0.02983396911289444,-0.005258397744090874,0.14040620601424317,0.01409058953250931,0.06444168854170583,0.05699354764869671,0.08090254367817022,-0.08231590279592882,-0.04836680954489794,-0.016789270103103316,-0.03725867676196911,0.03704023804891059,0.022821706446011968,0.024719492009729283,-0.021542835678616187,0.01735556249609515,-0.06845622446314592,0.11052065848715499,-0.05846382369539373,-0.06465800604589286,0.059552134452867764,-0.02827375750174346,-0.03452281253405713,0.0301225845429089,-0.00452915124199939,-0.013287903251316114,0.010875307250709615,-0.0097393510695496,-0.030614805239010327,-0.04120537555028701,-0.023492873759898034,0.015689221997591114,-0.03901159052915899,-0.02731323559355365,0.036380637386901046,-0.01798250610729568,0.0035052763203492613,-0.025157853600367902,0.005812703042888492,8.675969476848917e-05,0.042190018065808826,0.038463300057953634,0.033729977876929565,0.07291411190573281,0.0001486617072752718,-0.02765168561488656,-0.009285998547837128,-0.023106233315225207,0.033291709239213756,-0.009557500442798558,0.013400174121377402,-0.004558211798423137,-0.032535492601344945,0.0017263856596110368,-0.041983994162474766,0.027749520158333638,-0.0007137910316774258,-0.0029219294798258615,0.0017723531296376552,-0.0033251510217199146,-0.06380582869918042,1,0,finance
195,-0.08681005602873293,-0.018082872229789475,0.0014371873974077605,-0.02276271883468684,-0.19071905567080966,0.14053126481686037,0.12349549365959395,0.20990748396038347,-0.09085523876352161,-0.02526605343704507,-0.027305859055718477,-0.031115145874857374,-0.026318800293493733,0.22831670237485288,0.06835822071966377,0.0010061606917270787,0.014316799827767247,-0.04576773398425727,-0.06662754116215297,0.016012252950567758,0.16123225433952973,-0.051232457102713014,-0.08609982574757766,-0.11880126847933209,-0.011244011097049606,0.10870986015574798,0.0868117461862173,-0.07221011456476639,-0.05572159460487958,0.09123540547403736,-0.041503778427338,0.08400624592454499,0.20891773989965404,-0.13748785725080578,-0.10402962704017772,0.41293679996383753,-0.04872529090215312,0.07193010597987821,-0.08267400537590855,-0.14071924701803148,0.051300391102656766,0.08477505009302114,0.02150139961160803,-0.04772916570041681,-0.0046354893285447335,0.052410877477201814,-0.0030614629442677595,0.09877940987779925,-0.013867956665733849,0.09247648864255775,0.04175576839376002,-0.011094743040103659,-0.07220972370702461,0.11682273257809925,-0.05184024449550256,0.10922370868543047,0.03683378745000211,0.03910199230745591,-0.059103597676668784,-0.033878932998309484,-0.08186604475497747,0.02960553962355161,0.03305461181682215,0.056676176445524716,-0.09726354671585927,-0.08780249504017731,0.051416723220976825,-0.00041753175602379534,-0.03805962203590223,0.01786912843164799,-0.0067866418392442205,-0.03178022790704968,-0.008367698386049074,0.0841548038763229,0.11095385317608762,-0.06714572038378672,-0.018183976553130077,0.009293116461564577,-0.061535598572767865,0.05066921904992799,-0.02154868608258592,0.04027420578361065,-0.04282438004523533,0.022929396064032426,-0.02050534701476475,0.05012330424203328,-0.12035855625589423,0.010271893336859734,-0.008070733943648689,-0.03450606219943617,0.009297133972298933,0.003971454873383796,-0.027142420134060957,0.02553284187396003,0.05598966561032716,0.01589190211305029,0.006371518823445209,0.03984307937438018,-0.07986887386531849,-0.07008504677437002,-0.0043474720464506495,-0.014334039521800986,-0.029272114385206816,0.029107173058855126,1,0,finance
196,-0.2282504865835455,-0.170812653272846,0.34453025054078595,-0.2017585198796347,0.06293335973543891,-0.2667842240183722,-0.03642361816416116,0.04547237212569681,0.05661154300703457,-0.07797706324877289,-0.054223981939022975,0.011178251185754952,0.028883372123490503,0.015744927741802913,0.07442139964840284,-0.08739337512668326,0.0008112903485058027,-0.02889585766829388,0.06713009998651236,-0.05066091650054867,-0.0021856411571400526,-0.0008836550921047027,-0.05205563578613988,-0.011509851393902242,-0.027504192314663355,-0.06904713489624473,-0.003392541900120071,-0.07517938383184385,-0.0063656077586799155,-0.038208674362537505,-0.10025373885837785,-0.06808756731837841,-0.039060477333157456,0.04938080436720128,0.028673844047593745,0.018043048614500932,0.015340111301551256,0.04543454422986318,0.009958865025267659,-0.0978447132622645,-0.03776591798578325,0.04534413115047379,-0.059811633502201575,-0.09538012085207907,-0.054393460247137045,-0.06250546666975346,0.044796066875325564,0.0005089028061907992,0.01332638824823677,0.010517015685871878,0.07439444288705736,-0.06516062656192506,0.018531216082073507,0.05873365949329712,-0.0056965087704358985,-0.1378014578335799,0.09735588039298494,0.05699217796479054,0.07616576106118611,-0.030835628822162776,-0.10387934505121335,0.0528568276943552,0.02960989888552983,-0.06553628474203138,0.13383931779710687,0.031250994442162956,-0.028354509229657703,-0.14271471782958292,0.05047528751007501,-0.03849404234007061,-0.04924896014654178,-0.03870169082372658,0.021580565156082504,0.008436749717991071,0.1373034903250953,0.002291201438165842,0.024833581086053262,0.013531832294647838,0.0680347906344409,-0.08286787800339533,-0.08485277831516476,0.05027159535701881,-0.024375403038772215,0.04486225996660927,-0.023490643692320488,-0.005997975895578607,0.015315197921010732,-0.01717500723149005,0.01749598113578332,-0.009810890879092564,-0.07711184887578665,-0.0413526618114961,0.07827454242354419,0.12395445029478512,0.04235492996698543,0.006004056004179248,-0.021066814418238045,-0.06511101770529572,-0.033861664848347184,-0.007883008487375333,0.11246299548902076,0.1012142706602822,0.1449058676303436,-0.002775062180367735,1,0,finance
197,-0.13640424988742172,-0.059913626082923555,0.07552437218636904,-0.12058068805576201,-0.054183838067527544,-0.15661960203582523,-0.0704228477545194,-0.08004619096574579,0.11689499074014773,-0.01911621925946719,3.3054268485943483e-06,0.15455597358687564,-0.03336466009610062,-0.056179613351262564,0.07329112339531636,-0.11508749472993486,0.06581705718865548,0.0013814378142548345,0.08194666613993919,-0.0771205960852831,-0.00422988387418393,-0.015171989480263482,-0.01708058780915784,0.030078510790423906,0.011617318046000281,-0.0282981128363766,-0.06313144296277662,0.007365307604757883,-0.028510273837930103,-0.06834401888308761,-0.035874598118901146,0.031067437766050286,0.04420106997028779,-0.002599460841636581,-0.02111605327038191,0.10415389626684671,-0.012352783276547503,0.06299481030049832,-0.05334967411077061,-0.09074038382575768,0.04724821570317698,-0.05334912448781959,0.05976174444554182,-0.02239590715458301,-0.05038210484116173,-0.08429923717689067,-0.024326450320312703,0.04885966921699527,-0.10198074330768823,-0.025594157948351137,-0.005872114953809544,-0.04146744428903706,0.03998871303600136,-0.058927747425073576,0.23530706526023282,-0.04103784852537877,0.04247231171268186,-0.1414861271157251,-0.08801220640361627,0.036860837277885784,-0.03260588154401019,0.12366806797867977,-0.14427405277879274,-0.019462753605534535,0.08706548395896596,-0.11358072402489441,-0.1164287167752373,0.005825348967122116,-0.10605201973458822,0.1866780292869604,0.0409785655599879,-0.10003774871565307,-0.03530244726028265,0.05246890893491279,-0.07902380075141616,0.07101103668993337,0.1705514213334531,-0.1317948155522249,0.17120278129994915,-0.1057471667366577,0.07989634943634913,0.053069903958527107,0.051048466617090005,0.024092843641878532,-0.07434953406075452,-0.17598555866806373,-0.0702996864768139,0.024301152750806666,0.09892664137313818,0.06548207289863171,0.043352796321234136,-0.026503981709565312,0.21072586754202935,-0.12356187535178718,-0.005683929713642119,-0.1404051349189286,0.09557469721192852,0.04621742049961429,0.1286476103867577,0.02778962544894475,-0.11143371036245209,-0.13606935815185556,-0.0455725272631889,0.10750979951466341,1,0,finance
198,-0.099805855037333,-0.036605146104300476,0.0007650520633042456,-0.04604080739180794,-0.18458402068849228,0.059255718898826776,0.04816002699870754,0.05600200068772392,0.08877454774242637,0.014665984100678563,0.011123234649353643,0.05196546988660514,0.06175883981686894,-0.038750650065803575,-0.0006942769674356008,-0.07118192690517564,0.015050646018533512,0.00016514413886725587,-0.1555077228118547,-0.029884310404577837,0.053723133890970345,-0.04192903788361201,0.027633127204229422,-0.22604419252847918,-0.09575160234791023,-0.05503915323828269,0.20242820543762108,-0.23612638770680164,-0.06308557328846218,0.13740677295668188,-0.06133787090510212,0.013504611131300305,-0.18138753259957163,0.191671111236841,-0.03161408971222575,-0.20741543525916967,0.14037202919552336,-0.020372148638112993,0.05319764887379704,-0.03435885371380332,-0.12010829191029747,0.15257706653742595,-0.024853610364157296,-0.05599230912659075,-0.022567472381748194,0.04947755531005718,0.0942376809742075,0.10102494294828814,-0.013184119858007251,-0.01104153314516492,0.05867362819398836,0.039233175209872385,-0.13212614145258803,-0.13796263180968418,0.12432218923906455,0.031164453922119285,-0.040639082893062735,0.012940098500804046,0.06594962551210183,0.06750885771245478,-0.057014474861278246,-0.006775735705926616,0.04193830086076939,-0.029873370354188716,-0.03396248685495581,-0.06875591805784764,-0.06219596672668622,-0.021724456457458886,-0.0027439373379058757,0.04331906844980062,-0.037897626880491184,0.0019367298464358375,0.10487927217557752,-0.04828692662324425,-0.031227254682577445,0.03566097253380506,0.01925896044840618,0.04461006743315166,-0.0669932712798165,0.009325915666777648,-0.054354989087138775,-0.008708897361654823,0.02433904989334723,0.03257149361880706,0.12575572206523944,0.008553952743633447,-0.112977105612447,-0.01324038594630285,-0.013834458363541179,-0.054605074026896926,-0.0033629276701767933,-0.10270634263733816,0.03867183316198321,0.024691939116150398,0.038731190362984134,0.016755183463092353,0.07638827119140078,0.014867157268045512,0.12445347278581922,-0.0068973357974979,0.07039189161226353,0.051339583820314005,-0.08641219183591221,-0.07311055736426475,1,0,finance
199,-0.1134994452884638,-0.017936322399422663,0.06966907224174254,-0.07706612735298672,-0.3524503033105679,0.20504139154711765,0.27016553925172615,0.43135872391357827,-0.09204916739022266,-0.10199515306385941,0.09467674535059149,0.04247866962675543,-0.14792138465989338,-0.20099352720356403,-0.07669907322708182,-0.05827746410890697,-0.014027570129580601,-0.004262660102050198,0.0935731075624967,0.02901799681925832,-0.13318225373397197,0.032235812893219154,0.04133720369018681,0.08154691732945608,0.04614920255716655,-0.014880597100559596,-0.06649117721954206,0.089167736450268,0.01630779480511837,-0.06877046871726736,0.015397159121768703,-0.04132691760688343,-0.07117043541238478,-0.01714280495622201,-0.012740712327374682,-0.07861916238172123,0.01889696891488865,0.021130993790184485,0.034291677637723866,0.019258270647657387,-0.05177368891984154,-0.01996547890625134,-0.032346857080687914,0.008809658220372989,0.0355678030452557,0.010656413231841673,0.023041898667470206,0.03646961819616851,0.015773221388685598,-0.031033119204268572,0.011503250659483879,0.026259021886972125,-0.006893297793123873,-0.08125181865612564,0.048387334040197384,-0.001767952297251494,-0.009561893307038436,-0.026221729658245034,0.044970702589231366,0.004550369998560944,-0.011551575002983391,0.0070739702381955784,-0.005055485912698751,-0.0007523200020173473,-0.0128163929165723,-0.048618627446969084,-0.029518846585016578,0.02744257701534414,-0.01223015721900385,0.007774385625517073,-0.04597943855336376,-0.0508579367372019,0.02831301175395937,-0.035388620289940644,-0.04150059390353082,-0.03368830060742982,-0.02413724531793745,-0.0359563810328807,-0.008056430835406357,-0.04000004362881382,0.028598049190780468,0.024180307535247168,-0.010909278231093002,0.07954820524861754,0.04317680960872525,0.016112054934295763,-0.0333676290935904,0.008607466471865572,-0.08831605112512743,-0.04373796102278046,-0.04216322807784995,-0.03801665124505495,-0.028215285300390476,0.006687509201853131,0.007695536765596087,-0.012407974134125793,0.061354926200145155,0.056553940338110606,0.052851379610625145,0.0021573409470740565,0.04857574674343745,0.09273126789908426,0.0020517297423927232,0.056796642360798365,1,0,finance
200,-0.11969741859969876,-0.06265188265084276,0.0656462990783326,0.0043727248250846635,-0.067449959635146,-0.0746306514014519,0.009436242349879997,-0.07172018166018677,-0.001324791233415894,0.003700743069296448,-0.06410782303098785,0.11335132023952277,-0.007964028690255195,-0.10358985917786626,0.004351670574138811,0.02398056136101594,-0.006827917576914629,-0.017474938362126432,-0.0004345718441810573,0.028314197194471463,0.18238297090323838,-0.0530189784633624,-0.0826228329248488,0.23453134906635525,0.06591028680449709,-0.06463563923741454,0.04530692876814763,0.04420472714893689,-0.05336848435612134,0.004134238119282949,-0.02866816362005398,0.04778309032689169,0.054226931326959965,0.029624566764096322,-0.053098893316610545,0.008179584550564625,0.14815867574454314,0.06032538508443045,-0.12930473795688324,0.0386612420793068,0.11943966093360281,0.0857103403383134,0.10968816736728142,0.024057468918928356,0.04340904079686741,0.0486811024372405,0.08864310656493286,0.10214860654722,-0.04676200758125684,-0.07695144780453758,0.0006021047686994567,-0.0845090003584465,0.15787642815829905,0.050680712976949725,0.14135544655634602,-0.006489227025190584,0.2618162441564053,-0.09409836846760646,-0.069738643707387,0.04895166528500064,-0.1677699260582527,0.14789191117771214,0.06104698390040952,0.06753905644563571,-0.09671751812300972,-0.08122032634952123,-0.02498757040978634,-0.061685481408226446,-0.02159326121507773,-0.1892800018347689,-0.032116292830687,0.21023084602396613,0.2205564491149906,-0.11951569820034587,0.02566859535022695,0.033362843638896786,-0.012358400007888572,-0.07270427238701156,-0.2161095397907616,-0.03950383979360608,-0.031012961619981353,-0.12546556727945682,-0.1497302930123398,-0.14656599390392042,-0.02582555883676357,-0.08297602957888871,0.18940124682876985,-0.04064300396751055,-0.053600450048822336,0.06522935950238538,-0.023205437273414408,0.15889361723468848,-0.003624601974343287,-0.05158978442031801,-0.008715966489175749,0.002193496880888218,-0.04141391492771193,0.058064312453390055,-0.01756869157471343,0.05763336237993424,-0.0023905527461752455,-0.013228048485486024,-0.010277043098855724,-0.059280177561772084,1,0,finance
