doc_id,svd_1,svd_2,svd_3,svd_4,svd_5,svd_6,svd_7,svd_8,svd_9,svd_10,svd_11,svd_12,svd_13,svd_14,svd_15,svd_16,svd_17,svd_18,svd_19,svd_20,svd_21,svd_22,svd_23,svd_24,svd_25,svd_26,svd_27,svd_28,svd_29,svd_30,svd_31,svd_32,svd_33,svd_34,svd_35,svd_36,svd_37,svd_38,svd_39,svd_40,svd_41,svd_42,svd_43,svd_44,svd_45,svd_46,svd_47,svd_48,svd_49,svd_50,svd_51,svd_52,svd_53,svd_54,svd_55,svd_56,svd_57,svd_58,svd_59,svd_60,svd_61,svd_62,svd_63,svd_64,svd_65,svd_66,svd_67,svd_68,svd_69,svd_70,svd_71,svd_72,svd_73,svd_74,svd_75,svd_76,svd_77,svd_78,svd_79,svd_80,svd_81,svd_82,svd_83,svd_84,svd_85,svd_86,svd_87,svd_88,svd_89,svd_90,svd_91,svd_92,svd_93,svd_94,svd_95,svd_96,svd_97,svd_98,svd_99,svd_100,svd_101,svd_102,svd_103,svd_104,svd_105,label_finance,label_sport,label_asli
1,0.391331303542628,-0.04159226944032888,0.10879878858071772,-0.1575070025597832,-0.04823945668798815,0.2312649255587185,-0.051953280410947045,0.053231552820842555,0.18294147205451922,0.11743224669221952,-0.02256692274899,-0.013642529732709288,0.014528860444029101,-0.009367899009123378,0.06809301161377454,-0.03336580295692834,-0.020017800044519543,0.00457022491539872,0.08391209066599996,0.06063009415016231,0.047535859414052896,0.20385468018995517,0.16130607549633613,0.037559714425326074,-0.014086126289065274,0.04001587863939724,-0.06399261068164452,-0.05138155134155711,-0.09470783842211887,0.026884667873209235,-0.036343076841913034,-0.05947528827046322,0.05018548618987726,0.07188368987910007,0.02855491352869547,-0.04012711158959407,-0.09625306694253022,0.046954808195445445,-0.09107655290835802,-0.09609685491516314,-0.031100192011756123,-0.0420307054373915,0.14740945819374415,-0.14517155743923524,-0.04740613762210857,-0.019602753782861592,-0.10321852112439243,-0.05945955076228472,-0.04266444851100044,-0.04263738140858408,-0.02894079480276778,0.02023998965406023,0.012571595670100032,0.01540512325486578,-0.05190322397041608,-0.0547199327616835,0.020688447138032695,-0.032303840600490095,-0.09196896468588776,-0.08229330127508507,-0.04748890428076198,0.1354336356149362,-0.14791401237176527,-0.1000220318857778,-0.004337312936009721,-0.03487209871951429,0.04533508710427372,0.028354620352958222,0.04570085976365032,-0.038394635385443604,-0.11716600612001385,0.06284325376152793,-0.1592267240112136,-0.014472453889362807,-0.041706539453228185,0.1556303371728156,-0.01865666826786266,-0.027864356462105378,0.006612777049724375,-0.0013467303762510288,-0.1011594447286014,-0.004462849534753222,0.06987552164335181,0.0036914504369603466,0.019193558437542446,0.09615710782063056,-0.043298200240534594,0.03354200445608395,-0.0051125053881518,-0.08983984026013805,-0.006285460035211432,0.0943204318751201,-0.08662578103867373,0.08295095022838689,-0.017992584761479535,-0.01914071702907254,0.14351307935165106,-0.026946684728021426,0.13583098876360383,-0.024317698448989098,-0.012269565565547256,-0.016824729473775977,-0.004975364349018959,0.01661146675687449,0.08667774172727012,0,1,sport
2,0.34361460125316995,-0.05945808276660595,0.13284297967108125,-0.209361406995785,-0.06113461583812813,0.26865986732704167,-0.06918579597085872,0.04068108734685667,0.20013074701477057,0.1119594801489384,-0.12717094339104779,0.018857969628738064,0.05017597920210157,0.05436646062142949,0.06738345920921954,-0.12331551994630792,-0.06296495947120098,0.01872538043998687,0.10475112971099884,0.05741939031129307,0.09108424876801148,0.16104028757061248,0.11398349854476403,-0.005769405048357949,-0.036612722445072396,0.03596168943224179,-0.022820397372842544,-0.05068351195494727,-0.05037535955875065,-0.018227490855040825,0.07444950405729178,-0.1061614505553304,0.0192857999844806,0.05347377489878321,-0.038224356480976523,-0.02948038443904458,-0.037502811978230396,0.0867752981040699,-0.09085730601278362,0.010279741550504158,0.010922347221538543,0.0014829453523896744,0.012752232169265316,-0.14600993017310393,-0.010159606165419346,-0.061015608931911755,-0.023271716112402925,-0.00992594186993889,-0.1552306557290907,-0.09925082884974501,-0.022921097227094487,0.039290955314755786,0.05724544968302378,-0.062213642697811204,-0.09874804713464246,0.056204736490099765,-0.07515814844345174,0.05843007788056911,0.032227565484780216,-0.011942748661670532,-0.03880316922739339,0.08726484140829223,-0.07453467120479779,-0.11631149899346556,0.046792898471866615,0.06782570203055363,0.07945792567920562,-0.09668560082418352,0.04957782226914178,0.09575175928122244,-0.1288375993452049,-0.06538528237181238,-0.12760821490677685,-0.02017761128687211,-0.08238862502316764,0.1430525911399662,-0.0896949019458232,-0.09779729300728295,-0.01879916153274312,-0.022060926916621405,0.020116304539883764,-0.038124840895931156,-0.038241067157698996,0.012910635160243003,0.030227254783745817,0.016909273800702812,-0.08616559941272385,0.07619919167114049,0.020399147517495757,0.09178359276836935,0.08504712641203059,0.0582563969626104,0.10948103226890002,0.018736011245541726,-0.059034511992253735,0.011833803788321384,-0.011296519957512947,-0.05197742075290768,0.04627397918205567,0.022012044657949665,0.10001365170994546,0.05676750670030413,-0.11960006184367591,0.020296945726884105,0.06618345225258246,0,1,sport
3,0.38053595780875227,-0.06850700091647859,0.09423392363938407,-0.21613107645928314,-0.04551896462043984,0.34448754624033423,0.031108049553334176,-0.03935404098485409,0.1253522868861452,0.02599654823528979,-0.09058908858806165,0.09602618540494934,-0.009007995031975208,0.0793833925203127,0.010844672501068676,-0.1514917867868198,-0.013589639754384649,0.03763135617636678,0.011127323151072684,0.11711587480767292,0.12383444358443496,0.08982216644483486,0.03259662592055346,-0.016793245536285216,-0.0018551551504687245,0.046291025089111815,0.023448412189789613,-0.037521911560725624,0.03872203548362382,-0.017926892932200376,0.11973914852640273,-0.0785529912604172,-0.013953210427581842,-0.031033744749227276,-0.07159035844913139,0.0597196094293997,0.10647944922353007,0.10625919088715463,-0.07757525614648206,0.04457430200643164,0.02650117824123098,0.0568516753033057,-0.0275844516076991,-0.004835899780321651,0.08980507760538388,-0.07868827302707308,-0.006534558670078869,0.023631288352925394,-0.10767417020770285,-0.08157578808876487,-0.00017433414944616318,0.07232489195390411,0.08290326771174429,-0.05180574847998446,0.009841400947961935,-0.011175753106366877,0.04660420788624533,0.024668623444949616,0.11322689439552046,0.05873858673120825,-0.08469266822653802,0.005151007665507691,-0.06600017895643201,-0.08002221633826272,0.13028534193777763,0.07262116729646072,0.019667517875205934,-0.05257784782877669,-0.005290995719507963,0.06330946631786613,-0.07857925884021195,-0.05011050413170089,0.030705371591271048,0.05331866339727659,-0.04358967432695025,0.0014525998251522015,-0.0009295654379780848,-0.048614580866366726,-0.0046346878959326,-0.012089367929220404,0.06677877447797861,0.05843920829108214,-0.10927937217473054,0.12707293126734495,0.08326490096229887,-0.06293100009870113,0.06795134246523328,-0.0006377860804924148,0.07425220865243774,0.08921791007287162,-0.002783661409657167,-0.0033779317631512365,0.05265136935597033,-0.03006423589504402,-0.0790648568358548,-0.12042297060355349,-0.12356222435117367,-0.06720330271685122,0.020063747650391338,-0.009630201109237336,0.012482274445909542,0.03365392949036908,0.028234868386216087,-0.07687262123813847,-0.08615634495205277,0,1,sport
4,0.3458925237160398,0.3979904648808245,-0.18576192365922642,-0.0395781004564768,-0.07634456755473305,-0.006291851984329056,0.0072992251428155965,0.01664778909121513,-0.022895203898495996,0.02490977805953475,-0.08342170247233925,0.012425156892842968,0.030522210531988756,-0.007994653243878776,-0.004122841156889993,0.0007558670263101431,0.0004215388801986546,-0.07491700668558404,-0.03181382511774518,0.004680513578794648,0.054741862875577724,-0.009583449779382289,0.07168729232449376,0.07359129862565682,0.02358567902118623,-0.09458624784499059,0.11826391900906706,0.025528112866653963,-0.06723988583606977,-0.03735145358535151,-0.12313134137748018,-0.013048888251673706,-0.005011938502488083,-0.0043523412475917475,-0.22137504505890881,0.36383338793664527,-0.0734338284578869,0.028040646730130223,0.04522178731738013,0.16813674743667567,-0.16179701358469223,-0.011481757334911108,0.03206307082688667,-0.04033894400045149,-0.06379696330714692,-0.016035190332403387,0.015130079989608485,0.047250513051471016,0.0633491032654429,-0.032646810930987064,0.03066017209916302,0.0007976186559169638,-0.10044576921222755,0.02078501961232308,-0.0021861976004011172,-0.0875236592416989,-0.007602409327698175,-0.03198610776424696,-0.025109691276322222,-0.034004216726040044,0.11859454065042817,-0.021175881594672492,0.02898677412598733,0.03421288810106001,0.01582680047654337,0.0405804602920133,0.061990017011042356,-0.005208247511009628,-0.02643357233668133,-0.06253720043211632,0.03649866754237513,-0.009728351533436942,0.07957789203093352,-0.05683115657083869,0.0278805745487641,0.045368544106783655,-0.008624108014403076,0.03390943243477038,0.06401681053974013,-0.05346120067262149,-0.03258125342631618,0.029229019665800226,-0.047861807838639574,0.0788971765839704,0.051445304762391154,0.08151617705266768,0.03497229019571444,0.06020764923632764,0.084453121389658,-0.001385168414316973,-0.004722876019844108,-0.0032564326697950377,-0.011332208780005617,-0.004640601647455091,-0.04245031732900503,-0.011468611786421317,-0.005246180198626118,0.0638628634752475,0.011413314405900862,0.010861762300895701,-0.025167066844207952,0.06916033028089462,0.05362851550099966,-0.04855812918238423,0.0025665731366663488,0,1,sport
5,0.32226513835855586,0.01284935532206384,0.13579821085791205,-0.023660783551494844,-0.03989872494133659,0.061872021622397806,-0.010072193970440233,0.05739384240685477,0.018831285558747943,0.08131930475829216,-0.014286507438834027,-0.04217322210900903,0.018621846230316697,-0.05082851123433523,-0.05992338987422718,0.13110045234852116,0.08593375135059393,-0.02823212041653155,-0.11633982858539904,-0.07057712883852418,-0.11960196354051483,-0.20016466850652276,-0.21570687066833874,0.02574200668438537,-0.09050911998642809,-0.08600299511397973,0.029508887927914455,-0.14771044614089854,-0.06328011473120386,-0.08153482252666354,-0.02917608586520104,0.22325868054470235,-0.07357402443043712,0.0830768738454035,0.2330974613540894,0.18278401253256887,0.046421376470115044,0.09591024619003928,-0.05850732592512865,-0.19279622325294546,0.005690662802154419,-0.24277066243579082,0.17603360521347575,-0.09097281416675321,-0.038207428309829886,-4.475679125376492e-05,-0.050162490729815344,-0.02567050344306911,-0.09113506428878632,0.014351962055585013,-0.02960241333008199,-0.012915816811705824,-0.006222035133004766,-0.03557745186861756,-0.1642940901553584,0.03900131637777181,0.028125951286761767,0.049378581444471596,0.022971331672783344,-0.020857879822290697,0.03288670877332683,-0.052015438897157124,0.03754757514976468,-0.0469978544900715,-0.00622793171729861,0.022220680381187265,0.09296969681376518,-0.024594712044007407,-0.019431222075725275,-0.04932569323737848,-0.05551588141898645,0.00445494019764997,0.011510349417596873,0.034374492465755836,0.015514423647794992,-0.08690890092895265,-0.009083914043465778,-0.0407760627698959,0.06591626262228185,0.011200546886336836,-0.0499165346550893,-0.02010583291745308,-0.02765601692865752,0.034691999389312125,0.0141299833127874,0.025353565906215784,0.033433953531631005,-0.09286384707830643,-0.0014201018008323332,-0.0657263161135985,0.011866308030257159,0.015845917552893368,0.055740671944768616,0.041264987235735934,-0.03500575138349815,0.13309334355989652,-0.016022039244337438,0.02961619610340582,0.06460432573749222,-0.020716532774038683,0.0030495259170501185,0.025239108570930834,0.10510941040996764,0.062266894986710286,0.05829206671822113,0,1,sport
6,0.23915531782988703,0.09193841823779926,-0.0018204964760084547,0.03733978401231238,0.0024154370546120257,0.03599022675012043,-0.029219802326733345,-0.03725230468237035,0.013942237366697545,-0.023390915997009827,0.16278469449242472,-0.041937774024843236,0.013779537310335014,0.00739870202616816,-0.05606803940537501,-0.010437890043735052,-0.023647784518727163,0.05760980731246177,-0.11757525838982158,-0.0015610988825210828,-0.016424750862182324,-0.03314328417355536,-0.050146437031197325,-0.10178467172374418,-0.010337392968829342,-0.06208559479178251,0.1457644241465157,0.07935481541583253,0.1518992229988707,-0.09226741904041337,-0.17273118513280145,-0.10307193529552618,0.067283479550749,-0.019396385699197282,-0.04580982902592704,-0.1668832450799369,-0.13499100678884038,0.11645975804942313,-0.17799482246656345,-0.1998077504176553,-0.022937702851523082,0.19604818907510266,0.023208362119468234,-0.04002076179967694,0.21029738137860438,-0.005536980871218798,0.10487051713500206,0.07825749885367639,-0.0747150855239897,-0.13197827470625442,-0.03131985210924428,-0.2074916892340343,0.13360596492138305,0.2185258361063425,-0.1336311928066502,0.08277224693672659,0.12443404775092125,0.1432127520567362,-0.09120515166595686,0.07202591384911937,0.28225345389903767,-0.08635687230184867,-0.024198309063061526,0.040119387305386264,-0.0041532978450751455,-0.07259588063432286,-0.026232580517784182,0.008118992110161346,-0.039582951453014006,-0.04399324361899522,0.03455931846818626,-0.06891777839034781,-0.06932611467710163,-0.02059343528039058,0.09550816622253662,0.0853289749074066,-0.10773598635849181,0.00775019212272737,0.031070195488479557,0.037225085435861484,-0.016918165923000363,0.07755349015709502,0.014983259017155836,-0.005412370697515875,0.02751932672012943,-0.03279989625610195,0.04606903465043232,0.021802517349615386,0.04168711358828087,-0.07527373851527593,-0.0192218034682107,-0.029500106341877542,-0.019712946216450863,-0.044059699281707825,-0.04751955304680516,-0.08713537315554284,-0.03353389142772246,0.059235262798352575,-0.021575127601010557,0.0014594424963483938,0.07579993007767007,-0.024436171847480932,0.015786138399119725,0.016083986214170714,-0.0023841072688424664,0,1,sport
7,0.29541297211934364,0.16560806444665707,0.46294662965267885,0.28136353831527716,0.21026447130547282,-0.12632163950337694,0.04308438527725217,-0.193736964308131,0.05247517617258657,0.008222494492132044,-0.07038334911398923,-0.0011685436474481153,0.020309152854562397,0.007516701007529991,0.00507685393289843,-0.016389609471801753,-0.020434823276361095,-0.06352644853237015,-0.00403333784012773,0.041927009127390474,0.046559096398743297,0.014951299015138614,-0.0015613943861837128,0.006380700234128815,-0.042584909844153834,0.02251550728917521,-0.012902724475993277,0.021765166147256366,0.022367938095276877,-0.010326950052506976,0.07362779743490197,-0.03125391401059258,-0.15098724472464572,-0.039464513579437574,-0.07461028006639338,0.020754758695641917,-0.08562529704910747,0.018327519805397628,0.037444576524376105,-0.1822891995930716,-0.11075491266079227,-0.09144612736205915,-0.04193018603572457,0.0013092756729016094,-0.01040562487263479,-0.03662598347082949,-0.033586091166174115,0.005512030442727775,-0.06816520280030747,0.03986459083625498,0.0718531519921089,0.02938420386428767,-0.02309389008980201,-0.043635470323653044,-0.0187891099445409,0.02274426486520687,0.006688501582184577,-0.00772005739082056,0.05938353487598707,-0.05565946216786161,0.0625058464997653,-0.02653238858254718,-0.009331429229357893,0.02617407798126649,0.022098169581734467,-0.030076291468780356,-0.0499470987195567,0.05404374646532105,0.003176980863000369,0.0068425205528041,-0.017135122657768894,0.01397425633608805,0.007041441973199881,0.014015633993546403,0.008084196978248324,-0.12391571741258625,0.06434080249080848,-0.0824011811744241,-0.04914783595923263,-0.03645452381497448,0.042824443728594376,-0.03340777874019993,-0.055368912998762704,0.01301558520152462,0.016499113302807875,0.04083584330258871,0.03868791429184196,0.050214800840282764,-0.03263485294286272,-0.08376235059227825,0.04566571135791257,0.04675619871374387,-0.08068258934026469,-0.10533124170819685,0.056982173383140176,-0.028330363177154618,0.029901586116843726,0.022673421923250624,0.01792022788551325,-0.04296393085014338,-0.04579473542400379,0.021452925526927808,0.03481086572798808,0.03139351819475892,-0.054957326818918635,0,1,sport
8,0.19186448915758142,-0.061569857941425894,0.06512843140738306,-0.10639024653964414,-0.10055217949717699,-0.04427973009077921,0.015772302206844144,-0.05896110996564106,-0.012669677364264135,-0.11558671488557447,0.012779601965307991,0.027583967197927172,-0.10995690383371912,0.008214951112079026,0.013749939163457207,-0.0761743089219272,0.061285728087158,-0.030032094849476325,-0.10968793743494563,0.05510611206942403,0.028848639825542848,-0.02393128421202628,0.01758459725808039,0.023125734224836964,0.019532759030842107,-0.08517647801692932,-0.07899841067061053,0.0907327018575236,0.08995703877247525,0.05706916296539478,-0.10801380735517944,-0.039592698162917724,-0.056284064174520025,-0.07683351797048961,0.025717197186413986,0.02017082246573341,-0.020282338683201687,0.011693219655882582,-0.01404835758850118,0.023089583569052878,-0.012132137119110578,0.10499070840843262,0.10130117283815204,0.1378566827722009,0.06686923296057327,-0.06536722577157011,0.08290322768183214,0.10823289171473144,0.09147244822886606,0.2742069041836551,-0.18025542865055524,0.07212231368136156,0.0875738220282204,0.08643226252479748,-0.18038073946435323,0.08273602094348384,-0.022290809547195804,0.2475800235938499,-0.08003342028495108,-0.15158417660124784,-0.08496620122327232,-0.06572899587288,-0.0361193395352454,-0.22197844809332223,0.19390339853710184,0.14059422374879982,0.11078103090470365,-0.03487378825119106,-0.07143057064474981,-0.08078441813772261,0.12310865455766135,0.31739618968903416,-0.12575738704281897,-0.07277511604091914,-0.01203808410000378,-0.11121033477213943,0.02242437158418245,-0.09836961524937274,0.20163932392673978,0.023148218427539172,0.008547897108694061,-0.0789663786426536,-0.021501637101807726,-0.07965461218485032,0.046649567940381165,0.013936944852182937,-0.0050345472921003494,0.05549951088780871,0.03491826892884271,0.11955924376444767,0.10381985319232172,-0.03640948191498899,-0.009951997364876891,-0.01734844405484485,0.006930039592017077,0.019602165961954993,0.0414841048821245,0.054792363690317474,-0.01964943436708687,0.08266479154036559,0.02907214913586368,-0.022086548303824026,0.028576012236218428,0.013021302864260583,-0.026439748840817266,0,1,sport
9,0.31341945493603907,-0.0573164397206511,0.0795459279813556,-0.09995320309278978,-0.17682971407652776,-0.09862029956366311,0.0007110380426227021,-0.1186169096478939,-0.08888280860684054,-0.15898134494276767,0.02335486787790899,0.03290756688001907,-0.07574324686814615,-0.019659559584650346,0.014869758574133786,-0.1376127652370112,-0.029742338938725982,0.021568011598575226,-0.01151294283547235,0.0036703506738903534,-0.06923641156707297,-0.042415726610323806,-0.005943780975735809,0.0503377792588276,0.1153561351118135,-0.1474225118470812,-0.13737721517481696,0.10379071048872034,-0.09086855995160105,0.16576094262172103,-0.10721920916541351,-0.1076494517691772,-0.09476646881276209,0.2160520378527627,0.05319442120081695,0.043561538820947904,-0.008209959235733068,-0.05183671126122245,-0.14546803950710155,-0.045837795118955534,0.024374950178150227,0.04803281862403139,0.007068857535826058,0.07880734280348092,-0.09026006366221485,0.049399766563806576,-0.016206193724593244,-0.07110389948770554,-0.060160643959209496,0.03350600960811262,-0.16283504186880526,0.034447814503906965,-0.12544569508115266,0.08301025034636238,-0.014216899972997209,-0.049240827074306534,0.027120718504532015,-0.037399859763993556,0.019684892141325936,-0.09753180259399852,0.07534072635371075,0.04272127279503786,-0.004234128381468472,0.07888477721542499,-0.008988778792265497,0.018278325502778605,0.01330623829381459,0.0645899552387251,0.04064775614798981,0.0030222128919347793,0.021881290332490512,-0.021847736121753614,-0.08702754387484653,0.03121248579029031,-0.09580730549231407,-0.034815898593148424,0.10905725253499567,-0.08473963493855621,-0.14010994018243064,-0.14417928224918772,-0.06264192576382234,-0.15762495332102325,-0.05465540571004217,-0.06792851048341916,-0.03964271547391104,-0.10494917441372159,0.014419145672727849,0.07318487747958115,-0.01384734980576225,-0.02949062916303073,-0.18547989997967335,0.10502985487804807,0.05021241433997091,-0.017692519566860677,-0.0641670880303257,-0.10544128903703122,-0.004365538389782757,0.04385960289633819,0.006038165046740047,0.08566253664954045,0.08500155585368054,-0.012457960541607438,0.04847736268327731,-0.09883562189843095,0.07514744886171688,0,1,sport
10,0.3839539505144152,-0.10015256186325304,0.14327227642304527,-0.23514355607185344,-0.20333750987674462,0.20060228918894646,0.02755488847694192,-0.07179415446090387,0.04281209660362529,0.0026348989930946726,-0.11827928734964885,0.018130718955039232,0.004171348429980957,0.06065919805563291,-0.03449899115318731,-0.15829534976906703,-0.09248055826525169,0.008062301880827087,0.06950864084260418,0.05995143169528841,0.07861879554041096,0.002367456475789993,-0.038790846367932626,0.017105104436847856,0.0005399398475165935,0.014898771783090693,0.09748735462651363,-0.03377176444873614,0.012871889691444389,-0.14022910964663135,0.1109992184853234,0.05077434750620482,0.07103402017982839,-0.09017431331334803,-0.048030145347241746,0.07142357148043309,0.03721484342465479,-0.0376215463106104,-0.056632415831160264,-0.07962416916969418,0.032295642516109946,0.05537180881730774,-0.045143648187563876,-0.04801213355751146,0.062236355348203536,0.005465953694485733,0.14324016089577746,-0.0410379782629659,-0.016622817770117003,-0.024172369207884223,-0.02950659391879711,0.0362422225035127,-0.030351335806283852,-0.09288055217264761,0.11129321993089478,0.03618402778299068,-0.06552440879816591,0.009697950031448922,-0.020381908312112545,0.04265225808349384,-0.13499160319325582,0.0033622331204753463,0.025521830234208547,-0.05578087113359585,0.021249268855201394,0.043261706929269735,-0.07728712857463013,-0.023213897987777645,0.003654714349241004,0.03963675244821485,-0.030371120250280177,0.04665391554382256,0.037656216723635956,0.0007469994447483726,-0.007133285401008944,-0.009031384758750557,-0.018277844778392727,0.05241409282517556,-0.0003016562855301058,0.0801535570267648,0.007815540706074462,0.06769642888570378,-0.09647333880643996,0.11287248851614773,-0.045334297897570625,-0.022937791495303297,0.1810483831528129,-0.03902454320523,-0.021147999710186976,-0.10587172097693433,0.006954526061335079,0.01861190634030068,-0.04283776997117578,-0.07164983377929687,0.09443786520143778,-0.06942394067535056,-0.08189187470959225,0.06076775715603496,-0.05481332515571851,0.02396879283572852,0.012814653085452318,-0.11334173952349665,0.012343388458289046,-0.004507284929915338,-0.0783546744194303,0,1,sport
11,0.24279942275789496,-0.005940712535361244,0.12145579546501575,-0.03388828116776587,-0.08775215905807965,0.0465091752481215,-0.018693920659243045,0.02199003890852329,-0.020212804954606603,0.019912770062094316,-0.018378377789701892,-0.007715946523354762,0.038373199726919646,-0.04091511344004771,-0.06879883538563825,0.05630563074197801,0.0765515735490308,-0.01968197316438813,-0.10963632626825745,0.0141556132590995,-0.1088813207479252,-0.3390454917587452,-0.26761522884094824,0.0008614858013220615,-0.10216986191063644,-0.10050313837085484,-0.0056641010719921895,-0.11821826998706768,-0.058824579181589516,-0.19211246342731372,-0.051624478140469825,0.24963755613529406,-0.042703300303300724,0.026792208352679446,0.1935275074454875,0.17131562236859102,0.13281405556432851,0.1288071273772163,-0.05570240117413966,-0.22582361018092742,-0.00809604875180413,-0.12035223495642612,0.14373702854118164,-0.06839853081385165,-0.09631151411383143,0.017256897988095477,-0.043715470444840636,-0.04104014095541502,-0.159765755838355,0.03805404394302472,-0.001854233463445714,0.0268383773741308,0.03656529760484318,-0.06977517173272663,-0.13871930396584647,-0.016966966648871,0.06527084071433682,-0.0011570730647929052,0.06514190883044145,-0.0675649722863817,0.028211727513557328,0.010131123880593201,-0.09144395264341494,-0.025500790181603977,0.0013495628517367396,0.006511185552937544,0.012980784917585881,-0.042356682255562224,0.04939437643062464,0.054765331426545376,-0.008431171115450354,-0.047709504350989085,0.04594227432117498,0.016755366130649325,-0.032210787003921264,-0.01311393847484251,-0.04563127739049136,0.08412950594229876,0.021526799462328484,0.020887659227707935,0.024204172450712793,-0.004580421364007563,-0.01656288858379423,0.011335861303949018,0.00483717809230392,-0.014653794995960893,-0.05022724209459213,-0.08686494794040865,0.00959347570105501,-0.036231137490596046,-0.023702158334033323,-0.018316663407683915,0.0498524537877143,-0.012329338285427408,0.002222818215892353,-0.06753721627662296,0.02395217906222647,-0.0038041073606109505,-0.04069405049453492,0.06679615834816233,0.0514933231721666,0.008506095845015629,-0.023108706045220324,-0.1024556129048435,-0.01932681240540147,0,1,sport
12,0.3636099248825619,-0.0034415492916566232,0.1662198067354538,-0.1721000327857878,-0.043708659512846165,0.3429628767095514,-0.09566697454280101,0.08347763627516741,0.2547272666180979,0.17320961050265782,-0.011860348743749102,-0.012051886687200142,0.048780571174849297,-0.034607643951903945,0.02485102190567989,-0.028593608486839187,-0.01485082818489938,0.0037577447323051804,0.04248104855060528,0.06110834717801966,0.0654304711188575,0.26357281203213034,0.16601779283611648,0.028684004282610216,0.08093718123182915,-0.026395011057011423,-0.049962716941122635,-0.013416829577401534,-0.0743960810826569,0.05396565222072695,-0.11428439303733515,0.006314065367509256,0.14024663839606427,-0.059457130368719635,0.06533735750170751,-0.025912875855824614,-0.12605017250405398,-0.061269854286773735,0.010518366471807192,-0.16204866119771288,-0.10287901232314026,-0.09971376744104798,0.13829167906693282,0.01850835563254854,-0.06321184177020497,0.07612585617198608,-0.07371254079694178,-0.04875867843667927,0.020608461454505324,0.04455078580628769,0.022597278204658473,-0.10374925274790558,0.04177946863544926,0.006990612091952959,-0.019300944796045428,-0.023538352528073857,0.12836949980806245,-0.07580196248119875,-0.11343347891308259,-0.06793361655414148,-0.04003504857375656,0.016592411746335613,-0.06296637324589846,0.02998748440251067,0.0394951541872987,-0.024897781330114346,-0.09703249009344142,0.03453950365992045,0.07743998613786593,-0.10827033895733475,0.016386432868574247,0.0530982320607689,-0.0029490224350910777,0.010337236199031584,0.053060467880333854,-0.03705724129785756,0.016550130566486968,0.09129673974592381,0.03126093952096453,-0.004533670639814832,0.004568378044298708,0.0043055931996696245,0.09050367580468212,0.004998695309094795,0.006436313378346148,-0.025502701202350257,-0.023212340367872824,-0.08886546430483554,-0.038188933728461695,0.0031786243595728772,-0.0645686330291864,-0.047857449226781895,-0.04536481662796934,2.352523311460391e-05,0.004772742586918921,0.006183507522611613,-0.002345580631090912,0.003895140395410919,0.007096853200876898,0.005868668024103409,-0.08889825087129832,-0.08392595640816061,0.03367305494255685,0.00643839276010323,-0.0020757247230808046,0,1,sport
13,0.3125051493995051,-0.08707011779278324,0.038798643436646935,-0.09771106702240756,-0.16607102956198944,-0.11415706004809394,0.029213023393852237,-0.11607431606034432,-0.11337565927837394,-0.1429101772428505,0.09648543026891113,0.008826357793651424,-0.08154111252907491,-0.09013194888500098,0.03755444819599119,0.18554403265199318,0.047698417882566034,-0.07157839387842561,-0.048082480547811654,-0.11030047023621367,-0.00033323022194744003,0.2411327263827852,0.04193382305599292,0.0016997851861187355,-0.1386595165567293,0.19941106537673647,-0.19205781861635715,-0.2449237226274822,0.023247925701862848,0.01475058902926083,-0.07022443963310518,0.006180516488584164,0.008031574187563955,0.19136722899225084,-0.06811253867486741,0.01851361476758172,-0.03282426189405165,0.028069077199139886,-0.03637793640250084,-8.841560113506551e-05,0.013030427316789916,0.025820156209830563,0.009757016593576622,0.0311619470560903,-0.08459218089136772,0.0879699895351143,0.12889330271958896,-0.012795997568909489,-0.015414910605623873,-3.4582159693191723e-05,-0.05132678532862093,0.0034500613101783465,0.052346014133444356,-0.007434134604139272,0.02407360987156753,0.036554001670488334,-0.03453450824498075,-0.002857663256257205,0.08813600576670691,0.042302657733605406,0.08075149049620009,-0.09544847580071598,-0.010466721929688373,-0.008733382844730072,0.04347435023137094,0.0008618690281601871,-0.04952818750291845,0.02219958633892807,0.05010775777777039,-0.06481097366020716,-0.005173332859728555,-0.047648484572341866,0.0012028637146451518,0.05239871535859632,0.023822503826116722,0.00610867201492759,0.02035705054265298,0.031012858969816388,-0.02710655112314043,0.0014761652074484234,-0.01351610023155106,-0.008215865827048103,-0.03469158387743133,0.048560937273873256,-0.013151754913358878,-0.05097097245169366,-0.04752206546351006,-0.0769102859709314,0.06280953842528106,-0.0205057549011086,0.019701270197145293,-0.06294314014633495,-0.06072596002061366,-0.07774527144182669,0.03589677499648352,-0.021365120024000993,0.00043359081863254026,0.004325966221343784,-0.13847668385787185,0.03582550817452302,-0.04100172734774686,0.02971623670178688,-0.14962632621862676,-0.1480199369951272,0.0755464172862562,0,1,sport
14,0.440099586537256,0.07637385692575957,0.20498290073202408,-0.13575292750983411,-0.10688482468735475,0.2868421854807823,-0.06652379916830685,0.04365302310791818,0.17162426450593923,0.16955162827080938,-0.0611825860980842,0.012010501229950829,0.05228451535453232,-0.070843687870264,-0.014824430105987588,0.052853108269278026,0.0002619902321532035,0.008391028205130336,-0.0023771296344843726,-0.06216294061985979,-0.04250955771519113,0.05002163687545033,0.002988373630904314,-0.0021102026795347694,0.07901199770209164,-0.0040149911182885654,0.04946354689712168,0.04939482135704389,-0.009569726602617437,0.037559166058968876,-0.014150395871997332,0.025578105602658215,0.045807892415662216,0.01895839250761953,0.04296437509652771,0.022132772553750207,0.008447332763614384,-0.08025065839805907,0.045408064902991735,-0.03395438573129743,-0.02507125743236403,-0.060621058353122016,0.022412651304723027,0.09142849230938097,0.02141249535500796,0.10174425848471783,-0.018902447215401626,-0.03339271961168042,0.03479720887121741,0.055891146542848436,-0.07106189449859335,-0.01269170982791627,-0.13140923184981876,0.060758077799986834,0.043099444968181175,-0.04556589986849911,-0.012597888820017056,-0.06023374586500335,0.016480495626753158,0.08234794540403237,0.11946532761289258,-0.01305333545217879,0.10646869364751334,0.05316338263605939,-0.09298535129692813,-0.025034817340146745,0.0973066328438926,0.07201516531552493,-0.10295707842558374,0.02507793661930505,0.04178973038311575,0.0753714918657974,0.057642647104742616,-0.13523135580288262,0.05917354297564485,0.015681217174971576,0.06399975528997212,-0.006688127726755062,0.013907210777420305,0.11226053802495747,-0.018198092283771075,-0.05314712674161276,-0.012007569696243437,-0.05415565124858548,-0.033251465206239735,-0.020249657852700623,0.006039453743235918,-0.024269441018415383,0.04594149261183082,0.0215290844310892,0.06679309842123121,-0.01326166063985212,0.06549333226006206,-0.012247022938612906,0.02487969362648875,-0.045984154023472404,0.1236546321876919,-0.004731972200844076,0.04891778549383604,0.004567169547876664,0.04705764068351178,0.07376730612156576,-0.09773676497959419,0.025159422422636947,0.0035594342161263024,0,1,sport
15,0.36719052413016645,0.012755607254250376,0.2095462115561286,-0.16331759219621467,-0.11750040746827564,0.27233414070419437,-0.08201397763845097,0.1455222061757682,0.12036833506777724,0.12716164174236244,-0.04223197794259786,0.04341248609592666,0.0936358532033717,0.008266989161500624,0.029167471515766152,0.0283570006341869,0.02627465441223955,-0.05606454064257789,0.004670790197899567,-0.011481803765775473,-0.01576849388487476,-0.1753491637208476,0.007925118597964556,0.010549653460947566,-0.016912277496741828,0.02417001133293992,-0.022709607949396554,-0.02354817510499376,0.03112820940181202,-0.022192805241131666,-0.027164786065913427,-0.01734068979784902,-0.2509789147382359,0.03735855437709898,-0.051285134218323744,-0.031663691245627575,0.06482040851233631,0.011320129736186534,0.04796582874255075,0.12413357107615926,0.086242120864126,0.0850863397003892,-0.1371635481435607,0.009427137555470295,-0.01916086849725921,-0.07189855028482016,0.06479524408373628,0.08562587456331984,-0.04948994707661618,-0.009622948645733943,0.005382012082225759,0.12609933421866754,-0.0025182360409573843,-0.007710461841758994,-0.05382961150571156,-0.008112862151576274,-0.1031586222820122,0.08616098983056522,0.02233782441651594,0.010681900050368065,0.09192051055824478,-0.044060393186936546,-0.008990528935129432,0.0319794050059761,-0.060471192988093836,0.008156833808681527,-0.024048593345245513,0.022527934878293722,-0.013660720618557934,0.04987754004959455,0.10639013828714854,-0.08469637623776399,0.016876939135405656,0.05070630123134599,0.049177422469197214,0.011790226793151032,-0.005146373566095839,0.003846950659239414,0.023128430365992613,0.010336442210695974,-0.09488752107634739,0.010592860034537098,0.055333278334866516,0.012285191236184698,-0.014561440769100717,0.08316508740504831,-0.023382882755601405,0.043382895347436175,-0.06483138721547878,-0.026439277395747224,0.004484228576538173,0.010150616773734326,-0.0877839387602561,0.02761370727503842,0.007994356540673724,0.1205786461356949,0.09227647358796248,-0.06386782776615527,-0.031749857771957934,-0.03570006411307012,-0.06919842236231989,-0.11372586526290115,0.06046607781425066,-0.03286282603458062,-0.07226620925438478,0,1,sport
16,0.33487941188893916,0.06623814697682462,0.10131254490045004,-0.12098903972162683,-0.03701757230980392,0.24191675366129706,-0.04266679465836137,0.05768506564187912,0.10980356944285648,0.08455389699329066,-0.025774237588541547,0.03859699571007288,0.04494782592671195,-0.013362499284664603,-0.009254102947963616,0.055169281589525936,0.01196225606607397,0.03334919641820166,-0.044730732376737435,-0.03167391675891061,-0.016359817073145457,-0.1137886985532189,-0.06693191240798346,-0.050899786279967565,-0.08257968340199887,0.057031895958986445,-0.005107392479997816,0.0432597499956409,0.1432011300146487,-0.007688357275937706,0.0018440520141243862,-0.11030296115177023,-0.13621766648301825,0.06065586851020773,-0.05482298065238898,-0.0021070262934634134,0.0590645659354449,0.09105161328502148,-0.06571121841861079,0.014443819855756705,0.034956283694760226,0.10215672073636375,-0.1609911688714669,-0.0678095720527986,0.08170016108610055,0.031019297292158274,0.056230952080117816,0.03317292515586617,-0.0012077922923414597,-0.01803949111307129,-0.006590782036658904,0.146339874643399,-0.05716642746813812,0.07018906109615262,0.11482677052484407,0.03889346150435602,-0.05772496447092149,0.0010733942286181076,-0.12270154342839322,0.10079976538096068,-0.08786053175800128,0.09560556806586462,-0.04024393170017843,-0.11502377228893364,0.11915331634190457,-0.021905912715311178,-0.0894077249185891,0.2046008797099,-0.012623834842137728,-0.09264602790441855,0.035848153061708826,-0.0548279579995972,0.09172093363201178,0.003396892610008558,0.05501297301383901,-0.04526175172147342,0.12370119252483347,0.028812293797359348,0.01571372169891468,-0.1262896819735443,0.0018383658185641364,-0.1416737138395598,0.006628167359844836,0.07609613264653521,-0.09206703570763018,-0.06227535814307575,-0.07564463062782979,-0.13461367859889553,-0.023897563814939272,-0.12704115054018625,-0.0452522976126075,-0.04621556157238617,0.03182999175481148,0.14189522207458377,-0.040993387633444775,-0.06403452307312224,-0.1091190498495504,0.1470431807233658,0.2305151218157898,0.09720727242910762,0.0657049305633514,0.03773361550911564,0.12327328579574764,0.0730315597556418,0.028514993887520535,0,1,sport
17,0.27678044731647555,0.2129574324801699,-0.027107548348153463,0.043260626980795296,-0.008484896901585713,0.015334738191061436,-0.007608889922320885,0.04623510590328288,0.10204851906501489,-0.010553406352492046,0.6207538759802106,-0.1433549240848924,0.0634670373536897,0.10797390066122792,-0.03119055935557443,-0.17775242349578935,-0.05160913771732145,-0.06969931677729518,0.08915057103060736,0.08752205521079277,-0.016109752427510223,-0.0013825666378827848,-0.026210135687508,-0.018882510373112178,-0.030606654108469862,-0.003818370828010742,-0.019534063863675143,-0.04929956062937555,-0.03912293825145012,-0.0028994102207718616,0.08157886742311808,0.012678515018669108,-0.039009559938801515,-0.00768869255288256,0.0329327674585311,-0.030397088625465248,0.004797290644538207,-0.025610056596925182,0.03780072063613204,0.03898120069384333,-0.04195187164141797,-0.015258341211612576,-0.026823319029270137,-0.05946348980056851,0.07452338461463018,-0.004668613321157644,0.015573844704204191,-0.021529441954784824,0.016602068112875307,0.016398007143641393,-0.006194546116841447,-0.004939983698677941,0.01650486862653868,-0.016854120961940004,-0.018698963635183734,0.0407412386479326,-0.0021603598201979995,-1.9071127893862012e-05,0.015201577137674905,-0.021534625685198497,-0.05575699576234515,-0.021782021538976747,0.05089911576185066,-0.03651618728874936,0.012036599847882709,0.01255998633378896,0.01145838292558151,-0.005553171641928761,0.059403254270003904,-0.013414170221729716,-0.029180479034942138,0.003692239096282192,-0.0995623582095524,-0.03090693991152519,0.04046071713333034,0.04595535935465442,0.028200684174563034,0.01750785511131692,-0.01403843401154259,0.03929562877543325,0.09016309107360194,-0.02627128659191111,0.10150608473931942,-0.008283717678911864,-0.06561288518870419,-0.01907222370245102,0.05147577843287804,0.010746578947667715,0.05219538000414562,-0.03163549543633975,0.0333011962800643,-0.045408774658004185,0.06983847810353491,0.02273314085279382,-0.03971638320779606,-0.039259252821652706,0.04093986676743511,0.10443264995012962,-0.06083884073586751,-0.0658028588335035,-0.013855885619671606,0.011817806712402405,-0.003861921655782673,-0.09947450320510623,0.01645717477485289,0,1,sport
18,0.3551430704583845,-0.08261068835053237,0.14983287789167568,-0.06757470593070126,-0.13693058669320718,0.003217412531499821,-0.06255748000527823,-0.06019734765164529,-0.03474104949374585,-0.016843965498802044,0.0497080759743274,0.03676724863081562,0.06245920653765774,-0.1257151236503117,-0.13630038907832262,0.2550575774999449,0.039263214577857815,-0.1398901399970064,-0.025579132454866597,-0.1463232190085691,-0.1508498259673348,0.07128333109596943,-0.054901530785242715,-0.02893930112994676,0.3237972611691253,-0.15528450265346877,0.1109197341891048,0.12114850728343862,-0.08844795873362116,0.10708657393013497,0.15361905890268812,0.020585360207037592,0.008604831871859344,-0.07028852568793427,-0.0136351800874651,-0.07819483127250786,-0.0072536683512766245,-0.015302971678245009,0.10073110179963077,0.08618319469607612,-0.09223528178971369,0.08860071446992547,-0.003803065790179665,0.03391939832663476,-0.15931405116281971,0.016264283682604512,0.07988673096991539,0.02589423783318576,0.024191844567589344,0.0023767981918543426,-0.01311727292727054,0.07322273257848641,0.12074642598140653,0.0036407591626326065,-0.05521269173546958,-0.09212059915213176,0.012572802217391824,-0.05311931385428012,0.08405432397992219,-0.02925054636171727,0.0017530517830506578,-0.026273179723511703,0.001169823603609631,0.05442315799434366,-0.021448568307736192,0.03472802358366539,-0.008372499663326738,0.010332337576817709,0.056354912952775935,-0.029793174076732286,-0.059771327463422765,-0.05607290977094692,-0.001226764676967054,0.05361379465074278,0.050272420178501115,-0.024060742867913768,-0.020770474374263038,-0.06430628973032504,0.014904755298477013,-0.029383559117352707,-0.003114470619154862,0.06773875499814423,0.04159058785087789,-0.01388372943648233,0.011963132118592243,0.045099110258155294,-0.03384599696691913,0.03583592401202884,-0.032704338816045085,-0.015012102152182488,-0.0032195033793121497,-0.0032998985718651684,0.011364603151094393,0.03913496028593997,-0.08783404408785844,0.019662705581881136,-0.015131437009975475,0.023740286377061583,-0.02927696762078845,0.02046003659173384,0.048073140931723254,-0.07011748238486169,0.08118173209567124,0.0015141761376900819,0.030863449961865724,0,1,sport
19,0.33615218230693605,-0.012293318613048559,0.11560602799621435,-0.106417467728924,-0.08735050400609555,0.047252552378588684,-0.028612296916608763,-0.06792729875030246,-0.012431133619018148,-0.006975736548275826,0.0731877805611466,0.0041805024210621634,-0.05997982124039145,-0.10868150881557052,-0.05418082897674026,0.2503794678925141,0.10117627323571612,-0.09370040598549408,-0.14515111008513193,-0.1458321448609795,-0.21679972033585312,0.16478905961590493,-0.16926188388204816,-0.020304243449277136,0.2485518180665838,-0.17525446815194556,0.18938471482975336,0.10585933185201106,-0.058905021546809155,0.10391830303764883,0.2626074453286821,-0.008388443173889055,-0.0189493276350555,-0.14485528376084153,0.09740931486031863,-0.033323873002297694,0.015106826641751649,0.0011586701681995078,0.07892850768154246,0.06177243177586942,-0.09854619668552321,0.017595341731887947,-0.06607793638981178,-0.10958463244763339,-2.3228225818391494e-05,-0.09047028194986687,0.039012513741336935,-0.007481520884195178,-0.058835180062869655,-0.0979823971478932,0.0767911100517307,0.001623929391100826,0.09486790639981407,0.017847982825486903,0.00034707163835766,0.0018889796827814566,-0.06440759959738755,0.06982057512302373,0.04656534408196045,-0.07229047434517974,-0.01966505755687818,-0.01130213331760234,-0.07334770799316545,-0.0313453117321014,0.09478664183382687,-0.04645653845707144,-0.01624615900952444,-0.017783174271503856,0.01606262933500044,0.011904431970908728,0.048456240324340386,0.02173940085230332,-0.06357496630581655,0.031228372010159596,-0.023004523260689524,0.034305123981887245,0.007420712019158886,-0.030100034001237484,0.007266994385696668,0.008243879446547952,-0.0007751358816518618,0.003446259698327553,0.006609946485110148,0.05817948301781186,-0.005918919194853225,0.030108620485506703,0.010669943628990547,-0.013264429503972436,0.013865948020692647,-0.03204989431065478,-0.04607145973470941,-0.03833162989078903,-0.03379560000200594,-0.025229288046039543,0.007908132077824464,0.03410522398891598,-0.020551239303371823,-0.010104036119823126,0.016789096262960025,0.012889229203581393,-0.019173205731483244,0.08367681126184706,-0.006219210505120336,-0.07517280765366247,0.009283922866559014,0,1,sport
20,0.4293418748115176,-0.08741413229166711,0.10453575729769263,-0.13906162590489266,-0.20570228940712185,-0.07866585649078235,0.008832284597829119,-0.1587485657241999,-0.134190352802961,-0.13087755084775807,0.071354023199152,0.0406942159638857,-0.07739593273792184,-0.05555658018097677,-0.011578054265559315,0.07092800849638625,0.008775311264431639,-0.007197766960086019,0.027226982706483025,-0.016223228620150066,-0.008376900062877269,0.11443193528999539,-0.07762218060935581,0.028922201852084602,0.06487546635069319,0.14601544750994855,-0.10019296378656271,-0.06328231121475997,0.03448439009994554,0.022372393468015967,0.019383203946489225,0.0004033034455482121,-0.0495777293984818,0.09518341125789163,0.011245680751750801,0.007480773992681687,0.002304312801348969,-0.07777690447456513,-0.08733754303174636,0.053608468244533934,-0.03972102375811833,0.054370063140216744,0.026015890144987137,0.11097459177950342,-0.07789713494811214,0.05730234596868852,0.025093385709194387,0.03210838050217055,-0.01084961428115289,0.0638263674953802,-0.00807304287731442,0.04831043959340594,-0.0766174313197815,0.115421306565649,-0.02817664193639107,-0.05252977277301082,0.0069797991762735314,-0.05605668276371261,-0.09618008976798419,-0.056067544323157165,0.10949108623188092,-0.03504781356254993,-0.03807496697538871,0.0677761553725363,-0.09987973695482137,0.06966989901124751,-0.03367581077812313,0.00335803777055899,-0.012701548749900914,0.007444837513836001,-0.04186757010495076,-0.08642543477169909,0.00028104311982303184,-0.0697974758552298,-0.12366930576741986,-0.0015094092423146542,-0.0512041527387411,-0.08397287680317488,-0.12085918575805127,-0.049939650491711944,-0.0860831462786132,-0.13233213728575946,-0.058414430348672775,-0.05208897089572171,-0.02529977519949621,-0.04192176710581375,0.028012215122305326,-0.048953927284469796,0.09324238164185294,-0.09259174866219878,-0.04085343592399055,0.07079950916768657,0.16686182728421392,-0.060488536209632945,-0.007113668405758891,-0.041302913835338774,0.060057998460248764,0.04170201058508434,0.036172414483414204,-0.10925678845155025,-0.10456795016878455,-0.11089959773809359,-0.02978790929415505,-0.01760499902696539,0.04757076438887668,0,1,sport
21,0.3141510830306676,0.16558128663120944,0.43371335829965,0.2827937229085922,0.2223383152384574,-0.12003710912273183,0.031426374528178355,-0.20841135342195707,0.04614536979189416,0.006513097110695623,-0.06490711118588459,0.017632811169444134,0.009014782393948172,-0.0012274064868259245,-0.009091434107150898,-0.024488241691513597,0.0280388486434021,-0.06294529791567631,0.049172737398595796,0.05084776948995631,0.013289858407312128,0.005094524371959755,0.010177091990370523,0.010876137328313891,-0.032645299780566926,0.02921818816965362,0.014340021328348005,0.017550825025771714,0.06321653560523564,0.01210262113262085,0.06852847504170195,-0.12368190989916356,-0.19593468682785797,-0.05322580632202719,-0.12379484893719506,-0.007378600246024821,-0.09517995217080465,0.017605212765488817,0.05684498820309878,-0.20399936149993678,-0.07270504568407203,-0.05920267546481527,-0.006564349383378215,0.04562849945526671,-0.05356091779016969,0.0037772931655168673,-0.020334792547278772,0.012393332166899411,-0.028763169556954706,0.02175303328949579,0.08421449226089169,-0.026736654137624948,0.01702866326364387,-0.060257447666231166,-0.009375071210390997,0.034688384438726266,0.030754345874584785,-0.029415210769963892,0.05918581269206752,-0.07243749377063101,0.017403508797644174,-0.006029397812607404,0.0036851635273459134,0.0005701081786948553,-0.03718887912069671,-0.03313211932236632,-0.0022312141577235586,0.029322066951441007,-0.011504325879276515,0.02540178223363407,-0.037998933515563445,-0.006268476428966799,-0.04365970151783694,-0.011506352549303834,0.06249797504987923,-0.10766737246459183,0.10396677785540126,-0.044461096576843516,-0.00820714893561281,-0.04373067024372338,0.08647100273277335,0.014360675868583852,-0.03705985751572425,0.036535000507236945,0.028483128361638622,0.05944117376596164,-0.0003323317748437299,0.03890092650461381,0.03462527409021719,-0.11826750685303074,0.07431914173038434,0.07547802240928177,-0.04837338371936468,-0.07747665198736829,0.02128032871092644,-0.04452365355094619,0.016695749578101566,-0.004233841648772445,0.01147177430511729,-0.028337525361978973,-0.06029547385040606,-0.02114846752632186,0.03689462297642704,0.026956391873002354,-0.04744097568485699,0,1,sport
22,0.3218147693729779,0.12554227571094329,0.028859667474590192,0.059124621319210244,-0.05641287526587576,-0.03423979488588201,-0.0008807697217533839,-0.0327612317947483,0.01968961023175356,-0.020634999182708575,0.20452996681052724,-0.05597972554849168,0.03351773512051878,-0.0022458000100175532,-0.04406241204620789,-0.02895494046576686,-0.04181877323352406,-0.005568649404736611,-0.021713349722624724,-0.026148091478419632,-0.06985588326889602,-0.028727476246352,-0.06258649523418401,-0.021657088142626936,0.03815218842749413,-0.015454709785673797,0.06329614311585242,0.032083464742408425,-0.011244185796388232,-0.08796416352069439,-0.10373075155568108,-0.07225300681347079,0.06389314659223642,-0.05308581452568087,-0.05903830460230359,-0.13285834469967048,-0.05265864498639681,0.06605879881713646,-0.25519213101494626,-0.13422029353547643,-0.010873830309739655,0.14824944055834297,-0.005634971259061698,0.07052058723161818,-0.10682209069237392,0.07802760115035412,-0.10541810623605927,0.080765792140537,-0.1125398255507419,-0.03205464965290562,-0.06020173974450277,-0.0772949286467815,-0.06589512124769877,-0.10417397777244901,-0.009136860260771635,0.04576160704591215,0.02186878157526189,0.08033083018901242,0.19224842748996343,0.054060452811289315,0.08386706066691861,0.32837374985379614,-0.12072791753701109,0.06927750626797974,-0.007850948766975478,-0.0268283780627337,-0.008398649362817623,0.04417502325379454,-0.059476276433673377,0.019241278342842658,0.12269842111245799,0.09451746014018565,0.09601909097248171,-0.007667564923712183,-0.15194889687595803,-0.01870768561244872,0.07382860730956935,0.013163143813215074,-0.035706294791987336,0.03099616044649464,0.10350455091885116,-0.13815056990509073,-0.032514624616418755,0.06868154723364116,-0.018523724716105958,0.06119471460033462,0.1981123833854461,0.10297047591072991,-0.1557264962416406,0.026198485635786417,0.054198898378741284,-0.07300962726897126,-0.05700090249440196,0.08860446042703944,-0.005285825844469586,0.00024800967394089104,-0.027529632483181778,-0.011874853048653565,-0.09541513801420652,-0.07454309692226962,-0.023421212720947406,0.05464670723422378,-0.0999302189213808,0.06346007931093964,0.011047224974165886,0,1,sport
23,0.34923427072190766,0.4137822560987343,-0.19368118529143527,-0.0016402696447808368,-0.056537230467417134,-0.01723637230565403,0.014899770065927768,0.010258614212752473,-0.034302425716604794,0.0020954474888820423,-0.04974467100195608,0.02171426331893276,0.007956417733248414,-0.017244558901479565,0.023519390497767353,-3.5623232175847024e-05,-0.01597526919085184,-0.044815472404705035,-0.003512896603798196,0.014692609904841777,0.06190074466103727,0.007933657665073276,0.05402384500631691,0.019465732766014522,0.010405677433817163,-0.05007202086843052,0.07307469160764372,-0.0018655657977459938,-0.059404145036827616,-0.017443077462955734,-0.09306821405909813,-0.049036825689098555,0.03459003670326017,0.031898438740015175,-0.15959641890689782,0.28445152656530787,0.008120622452858587,0.07195422580323164,-0.0036800055596344153,0.0780685371778215,-0.0621264756575551,0.054216951285994935,0.05882650864101644,-0.05067484651083932,-0.042470318315495276,0.03343921854904042,-0.10850527414888646,0.03225763796635726,0.009663219983601005,0.013923204181322077,0.0438985160394975,-0.01720697890982041,-0.02053014430702883,0.005799949097396874,0.00694887523933999,-0.02295358200483341,-0.042046764215744055,0.048224166257831276,0.025038772239095335,0.0122416650712896,0.009496430064513488,0.04197243733464224,-0.026600136692584427,-0.007779887609153934,-0.0044225260478534135,0.006459761113807678,0.016485077193484778,-0.013857073716749092,-0.02462525219414862,0.006603056865734596,-0.03832681138173925,0.11909073641691525,0.035043612809894674,-0.11429528400552054,0.030733844715865925,0.01784564164198574,0.006629494835942662,-0.07502468937795445,-0.1608687628297834,0.09528291030875262,-0.10224296170756443,-0.10599334986545553,0.16388955639361458,0.03419508745054403,-0.07347488409112708,0.036719795138534454,-0.01956298481405753,-0.06904043562388888,0.020122074953197955,-0.10421427327189653,0.11722347646566834,-0.06756166033845286,0.03127100926727707,-0.001782397620676709,-0.06980471033358092,0.041232900754459303,-0.13140483348739465,-0.13442678176324202,-0.07144195022043003,-0.01659482167158106,-0.03786172572168337,-0.05764066831991132,0.0807456933566715,-0.0756190487334535,-0.002733977314067261,0,1,sport
24,0.28319107747412436,0.16951717117708842,-0.12195587877060042,-0.019547800978343983,-0.005616821904478328,-0.05644610529776833,0.025917839793996412,-0.0063273126049745495,0.01023134412749843,0.0007593700332002948,-0.14577745032052422,0.011345850282735942,-0.03029120684156383,0.02667481227934375,0.018237806053038937,-0.018777896011740087,-0.031654190984009366,0.04032116668321299,0.07343980679408128,-0.01430355571940896,-0.03657629703161081,-0.04175743227966745,-0.020068960385937886,-0.017754400064412968,0.004093211923442355,0.07717404352037265,-0.12201880654496904,-0.0542347485655663,-0.01237198264769789,-0.030822704681455152,0.08744995198935558,0.040567852693957275,-0.11782885866798724,-0.01496682169223868,0.17732285809836437,-0.3337274967705329,0.04760792824676437,-0.0046315560638755925,-0.08468588420042171,0.11908698550083267,-0.20959326477610676,0.03969053767940849,-0.007432815565905385,-0.06726368407480715,0.007723607657841586,0.041168530180578304,-0.039347592718815834,-0.09686904259851453,0.008426722990416401,0.06979512202897072,-0.10261896055989131,0.02520948512964387,0.014549552475964794,0.04859295443386874,-0.04624670776539977,0.002478406046433379,-0.09358604669349485,0.035061895294156986,-0.019457701934644037,-0.12702402892001036,0.18180056900138952,0.09467784294947343,0.11044582815186192,-0.05781872836905833,-0.17563546838303182,-0.055935832205337196,-0.13913997325571867,-0.05549300821846785,0.1726290214448692,-0.04576287934969601,-0.010291690454614606,0.01713405815996886,0.16830765123201774,-0.08186691422827436,-0.019419346322956253,-0.07994569530090538,0.05631214014345103,-0.038477011630508394,0.04968717075626207,0.0810550479553111,-0.10023100851442929,-0.012615396373649114,0.055858692991659714,0.2705567105561918,0.09912003708996862,-0.1035537421929003,-0.03172939455215232,0.02404238834530101,0.024170648651082628,0.1411753099258299,0.1577904062306817,0.07630539492401082,-0.08221682192788157,0.04820590024476187,-0.12517082524733536,-0.08261197669206795,0.06282433334886835,-0.014005740826754287,-0.01931725786919051,0.09719757204158827,-0.04885758056650814,-0.03262628327456473,0.04994269523324406,0.061414868518008967,-0.059626013095533836,0,1,sport
25,0.37674534690048683,0.28110857973788195,-0.08841694885436821,0.03781252802542594,0.019828751263264204,0.021388596881550776,-0.00877655956275149,0.03190208944495243,-0.004319844682085969,-0.019346197443740918,0.1919894399625943,-0.06430601298230959,-0.011618118174168303,0.01689723785920748,0.04299224277531355,0.025190568455731168,-0.009858224821896846,0.060046589013056886,-0.0504323333158505,0.00044093369479688616,-0.0008450954013655054,0.062226070903929405,-0.03844725314640214,-0.01613981748120062,0.0019885637747425675,-0.001979074187881547,0.059992726285124795,0.05787072657868024,0.09315778522023123,-0.025077553119632726,-0.013327661642760582,-0.027158624450314747,0.07216341288804148,0.004513334009501452,0.045593227251727056,-0.03454750235162486,0.006926226067731645,0.018741021632965617,-0.10607160493052056,-0.08753678157640558,0.21962459077155644,0.11958500585667653,0.05400659357394677,-0.09996917603971234,-0.05958944166853034,0.0931131817687665,-0.2458840055266156,0.015547989579035311,0.035321083967906765,0.08506107016255135,0.16031821366130702,0.02879738262335702,0.031152167776714736,-0.053413077511950756,0.20138928357681252,-0.0837233172821293,-0.15567722902770004,0.06690103325452995,0.02970090822751532,0.0013890306075568038,0.03676552802883138,-0.04901976573464407,0.15888071204321397,0.03091206479989581,0.1483587093393653,0.11169913866437772,0.04219561198829457,-0.032220963725918685,-0.024523316864777704,-0.07122631243915044,-0.06825737236513708,-0.020967516881187413,-0.006232859750233237,-0.03304010821164934,0.08438947307247402,-0.03395737413593817,-0.0558840785895497,0.012723649779558012,0.06670446851633403,-0.02173247438316678,-0.09744619664078778,-0.01246933375949001,-0.049254221671212586,-0.04683163184847835,-0.02253066780802654,-0.03229448035481907,0.061357203736165204,0.03168264521975901,0.02201836066180954,-0.08124835883401971,0.02067525432012195,0.025938365135828048,0.03835780429192918,0.013818565913451684,-0.026593459480606388,0.06558664441128945,0.12082344680792959,0.03636024191997633,0.029629069743528063,-0.038503331912960743,-0.023898875159536277,0.006346591104388495,0.06130824488122148,-0.032943642249191815,-0.02705146560842633,0,1,sport
26,0.2480637255642511,0.14346350354238743,0.3101696163510009,0.19414407399703934,0.13027618750295702,-0.09468118721712566,0.03903691987505209,-0.12020226961257634,0.03762959974110633,0.007547050324828596,-0.007341958996111578,-0.011313995306627505,-0.015166639468233671,-0.005206212454085798,0.01612711881545023,0.006784072355289262,-0.017709422427228366,-0.011319916528245091,-0.027517344278970055,-0.003531889968096908,0.01906211650458642,0.00278766989205192,0.014474698220470915,0.008599459413979346,0.040245780765074714,-0.02208419763218651,0.005511647597689122,0.011632891554778476,-0.0470366123299296,0.0016733434415363768,-0.048773574269099236,-0.02892197138795933,0.03511315273556745,-0.018568393048785433,-0.038129956741236586,0.015634060843705798,0.019751603812974135,-0.013023385541696587,-0.0844738300012268,0.06668290944130949,-0.027997161972372255,0.07899250786993614,-0.017990606961299907,0.034793312061945886,0.0014858314771174696,0.012892569639855866,-0.07096441383868099,0.03994167126921497,0.0022238344558219102,0.011132285872407627,-0.03438881029297014,0.05964087103893978,0.04066181876172856,-0.009074687726467317,0.028879930166076106,0.027141407457202598,0.030429200672476148,0.00861609378655452,-0.005578295963081858,0.0847774023689717,0.04926766787492984,0.02073982468049972,-0.0227012938030567,-0.0337415070878927,0.08403799392352954,-0.07538148979814534,-0.07794441645753786,-0.10056405460458125,-0.03817000806208602,0.12264165205876382,0.18412123551554305,0.19608898628430424,0.18556176220509255,0.21976394646551578,-0.16707910493321151,0.16539487207100162,-0.08293773018407243,0.2232584478188541,-0.09301822920294524,0.1601856673920631,0.03698352547435486,0.1256012888186935,0.008949068018444284,-0.12627095007070574,0.1465314109473608,-0.18603288285263933,-0.17311044734442954,-0.10879345501218061,0.05477059717353711,-0.06967326260336754,0.021380393528817005,0.09338770290191287,0.16497363242110794,0.1582465571548195,-0.046948696977692064,0.08028415442756905,0.1579870273981334,0.018065159546477423,0.07274651817991096,-0.01964111405842073,-0.05482082587140091,0.015262758596273279,0.058714116436322066,-0.020022083062942665,0.005943351598734905,0,1,sport
27,0.30716326362411506,-0.06553787018454414,0.06355000154402556,-0.09476309874446615,-0.14523993489565049,-0.09423811779251116,0.01734440492986814,-0.09067904215579442,-0.06131196790767735,-0.13774248484664026,0.1110885379835148,-0.002625919434901182,-0.09358326642051393,-0.0346197898092512,0.031767474148680884,0.1542141729075065,0.03819059416843458,-0.06122624608016004,-0.07993692392669687,-0.13195214384306173,-0.020707307622268058,0.26491356657511816,0.0959018160016949,0.0011894811805821873,-0.19559818125910436,0.1645949388706063,-0.1906958674708243,-0.24704660384634558,0.028141312148800796,-0.025826381119015526,-0.06588967550105485,0.05585699089633247,0.04773925113903742,0.14741380795310904,-0.05222202646590676,0.06075895885301198,-0.013380991002782665,0.10867179524091897,-0.03181130191212074,-0.03325087950669217,-0.008543380093699648,0.041776805286139425,-0.05433837781516385,-0.04978899923346338,-0.1169386349951254,0.04278433037230017,0.14477893011878704,-0.06883533354678825,0.0053730497054922804,-0.1060484816598559,-0.006305493441157369,-0.007595141188381366,0.13471804380055946,-0.07094438214434215,0.081206238410073,-0.04900922521038485,-0.057810311619767255,0.030336715879574067,0.09380759141991284,-0.006423943500021622,-0.0018276731175497127,-0.016348224016396785,0.047037247314094956,0.016405474290029892,0.026076647930513768,-0.04145762476382166,0.007986664151006203,0.001262625882419891,0.042554097535053494,-0.07560830320649013,0.03786141826087917,0.04870019407573457,0.04181914355253834,0.039595034680056165,0.07293526816859451,0.02562367662176402,0.11200732470670596,0.08256112641752598,0.05917568784212616,0.031800668686456375,0.01955990483493563,0.0972113114520641,0.03059550777744792,0.029440856105015227,0.042122463444360776,0.09701541533028521,0.03493777977951318,0.039075369430650875,-0.03735803018587063,-0.04145704298000537,0.008709858527256214,-0.002125502900529154,-0.08073144724206063,0.04037134155204037,-0.048920195638377545,0.007497735768940366,0.05283084160010708,0.006193941158820769,0.011093619683958944,0.05112561982815773,0.12515387332639188,0.06355304067828979,-0.019967503443768922,-0.044762380913915774,-0.057323862466195204,0,1,sport
28,0.3498651145646194,-0.10824385942692234,-0.027696368253463527,-0.03806950252596684,-0.013489341534045933,-0.22043363069580973,0.11090889096069138,0.14421623038670417,0.20061931186724463,-0.12121044220083578,-0.0478605519796618,-0.021406209165854805,-0.04702695203580136,0.010011549465662696,0.2235352673306457,0.06422193255095882,-0.09053624600484789,-0.0067698552956590476,0.03538482517203199,-0.04077703468834638,-0.00835419805634511,-0.044599627585321454,0.07204814853988924,-0.05652893939253897,-0.15479459924403768,-0.0323051215606777,0.1405858462700359,0.05758278645743109,-0.10820189638650109,-0.07424229482528942,0.1344137806377425,-0.11421183820525942,0.11812071133018585,0.150941720735167,-0.10912443794345456,-0.11577573248549297,0.2874136960754222,-0.1047682053737452,0.00280969702709887,-0.06256913213168772,-0.0961146139366221,0.01886874663132191,0.07332439099215611,-0.01775974747727902,-0.07061236166433255,-0.0022226848155012797,0.032963892071553424,0.052479097147804014,0.005999550237827087,-0.03207792332110227,0.06608834724773746,-0.046580019310147984,-0.006420560714349302,0.007695493707001959,-0.08288320918578036,0.07526751135917718,-0.006149385175129942,-0.07519368339085543,0.02508685273363133,-0.08508884392524535,-0.015794984447679482,-0.04061110878737317,-0.05839122390986639,-0.0028643965242688162,-0.017227829514068014,0.01478234532694447,0.007757417168122805,0.0476525693996514,0.017051790121749396,-0.0020760869985347306,0.042175460133437315,0.008004576151554104,0.07533110326287805,-0.038191453993760414,0.05927222172371667,-0.05808034113722217,0.027082122317782235,-0.022133253306630706,-0.009730852755994751,0.02086056149999853,-0.027205480325352815,0.04236792230210797,-0.03820587179777815,-0.06476958834820847,-0.011950390941786033,0.027571467134410388,0.018081425275096003,-0.05673952269037331,0.0017195972928016482,0.010165529830563198,0.004412179871005302,-0.05155640439597192,0.05628302573809024,0.01323966060094061,-0.06875228118983753,0.055087006073532035,-0.08773871102849638,0.01343772490697242,0.01918518070812045,-0.03583548435558042,0.011941992221541077,0.10397770847383166,-0.027526146848907137,0.048054378590745794,-0.06449505556636675,0,1,sport
29,0.22338334161150908,0.2483664333249248,-0.04727677205297234,0.05031324749575571,-0.024210914336231935,-0.00727545717324725,0.000122424867487084,0.047251238242097746,0.024353729253813353,-0.01680367065446554,0.3402806223702378,-0.09343839368158459,0.008862512019845567,0.0814175150290113,-0.0020158419294991656,-0.10769875343182962,-0.049966786032683855,-0.07315195191736952,0.012507837775686039,0.04351053970881119,-0.019554452970487603,-0.0037493531259048907,0.0322606014649782,0.00988192001078557,0.042838930064079586,-0.016189214272455007,-0.011471790800464161,-0.01663977150724315,-0.04857292329090651,0.008583680316572214,0.01578671205181373,-0.029540304904060635,0.07594415959076639,-0.07052732456551856,0.04986851474593112,-0.09701822060115994,0.0370422993248691,-0.008443026172804194,-0.02767927718694044,-0.11212207592429216,0.27631931505345486,0.14385384260704334,0.03870744203697194,-0.013696167842289714,-0.15574494113620185,0.08008175766187196,-0.25583704577106153,0.03775326339208455,-0.027985953167054073,0.06718071259469897,0.10545866640449669,0.037717622652953205,0.03522097416183997,-0.020540636789501673,0.053728006739295266,-0.02321983822905837,-0.17964750423477618,0.013649114435666004,0.0030815612825069883,-0.036465126127926045,0.07913484868986537,-0.006688598381054341,0.024672613290391963,0.06614200089674589,0.16563551165705295,0.04359373981103353,0.02743839680741933,-0.1494508439397413,-0.032703979536410514,-0.052582157522892546,0.028558656598430477,0.0008636277504105455,0.20582768958159464,-0.10256271499966112,0.020609602041984282,0.02795600289652489,-0.011338816970342891,-0.05788253175614604,0.08454458179479726,-0.08471421735305631,-0.11203105876348074,0.05369196449713256,-0.05489641721296569,0.07341154000037396,0.14349184529839523,-0.01254237386279388,-0.11263546259270425,-0.01950801644799572,0.04772184876595579,0.011087432325382196,-0.14576872100544636,0.07140734580267774,-0.0979978592709016,-0.10624832417605332,0.0978050353187715,0.05070274046718539,-0.11357240995640956,-0.009192398797133978,-0.029951656992410435,0.012478817154327778,0.08921984911403602,-0.019618471760375348,-0.006116552120986694,0.08500165245363983,0.028176964376820338,0,1,sport
30,0.26435156055808456,0.16363572829685358,0.0034110865186980344,0.03536972022250624,-0.023476676247011413,-0.019495791436816394,-0.00615400362879815,0.033670171590818934,0.09669832398681223,-0.029534332342734827,0.597844052477303,-0.15566189925788004,0.059966859815059524,0.10423578386199121,-0.04272482437608418,-0.15763977932865875,-0.0627594774001395,-0.05655034587927727,0.0357044936226414,0.04864365296385804,0.0032843930575997566,-0.0222768149568463,-0.03188157204434996,0.0016132624673427954,-0.031375003199794936,0.00809063148057129,-0.020952678740837644,-0.07381356550452206,-0.013866857806381673,-0.01602221133829524,0.1111432356292498,0.04876767322122761,-0.06101519341302231,0.0010749883173161066,0.05719877747845608,-0.03499377004746939,0.02029275650971228,-0.009593938776575595,0.02551821990830223,0.024402101510194812,-0.11751777456720422,-0.04681610050082338,-0.06416981998184075,-0.05593056491064463,0.08067873848269284,0.009088521442204078,0.07916676669103744,-0.0318995979686337,-0.008712393143561224,0.00860458614522566,-0.12470662828750034,0.02123441714786664,-0.024641266853242864,-0.06211227400358197,0.046436151945083985,0.06500484799330941,0.07699066938594454,0.035274592004830255,0.06130876334562227,0.05856320012647602,-0.10408776992614986,-0.008717821525994584,0.05494080523192013,-0.02647498390008794,-0.0211378703257059,-0.03816513084219449,0.05759844727731675,0.08859509588234055,-0.005932764932977918,-0.019595936040207134,0.00588186817181088,-0.0377487297818999,-0.07523163117233188,0.0326454664726074,0.007571346104174679,0.02033992105148493,-0.023387900457013704,-0.005096211849551798,0.0070469608114031666,0.04907558303990149,0.0530174389520122,-0.06568584534641604,0.016273691448391466,-0.012683672838201116,-0.0698207261114428,0.004092728150604515,0.0699600239515773,0.011568719455355125,0.0004511074268517647,-0.07490092775860348,0.10237502927518259,-0.02996488996647342,0.011639689702979426,0.09739294979051447,-0.06140303737730513,0.044373872109624284,0.09759378856132071,0.07282091896095606,-0.0008274411376816557,-0.05795188027335815,-0.0031717567191543996,-0.02957745768338658,0.051315775050786355,-0.06506822512726129,0.021116011779861187,0,1,sport
31,0.2895619607720933,0.10653864152650168,-0.07222502382422616,-0.04183266049772931,-0.044213936613715005,-0.0016832804502280932,-0.002933211061944582,-0.01757924497252158,0.0003793802652848001,0.03234160372534673,-0.040902031650283346,-0.024087068628009748,0.027224312241317543,-0.04319682739404492,-0.023343617307845854,0.052752467401145274,-0.03279965115738514,0.0436630934920633,0.023002625576692273,-0.006297322731482859,-0.06442623248537838,0.026035983041886226,-0.06409159912801243,-0.004355023544477286,-0.010216873652766082,0.005043050473606869,0.03313252281356964,0.060545013887052426,0.025046451922850817,-0.07761706232262273,-0.006322833039156939,0.07549784262399245,0.02033868446069092,0.0625472793865894,0.02538823958414303,-0.08573498811399616,-0.11506570377756656,-0.11553113384736631,-0.22810607971880323,0.04323599816733837,-0.13812385120511114,-0.06881239579856493,0.060568683524916594,0.04545614447527364,0.02988668961190427,0.08828658892090623,-0.15168357019365114,0.040067345699293065,0.08301674713499431,0.18610419315305696,0.12879177480235907,-0.07002383760734589,-0.02166403819752239,-0.12924407393200046,0.1558454370466076,0.07653476796404256,-0.07681705691256925,0.2204654661829153,0.17466733044373667,-0.09012364045242004,-0.17778498572346937,-0.1623887740607953,0.053575464034843645,0.099192020677901,-0.02358842507775991,0.00598115205294581,0.05486688569060266,0.04595480518066488,-0.22427556032768747,-0.050578346099215285,0.16145332234439358,-0.24810368735627591,-0.20291328403182723,0.12129284209746884,-0.05833452049109899,0.03697263441065164,-0.015092912831221673,0.05129472025222511,-0.07420265688047815,-0.025267878494946033,0.0009363077415622456,0.06519642981207543,0.008469949259152187,-0.04209566888065806,-0.03300418734263958,0.007494957590706271,-0.12059990483620849,-0.07125854280186464,-0.05109441504395605,0.06099696363994641,0.18302166911355575,0.08543461218407535,-0.04158798272448235,0.07140035318299326,-0.11484009176392751,-0.13179673020560856,-0.1347468751000179,-0.03840234692273909,-0.012686128939860456,0.0927496038131379,0.0034946399884707583,0.007245318185306433,-0.01841969791675846,0.024490807084085495,0.0970480357254699,0,1,sport
32,0.287647913522483,0.5421480334848001,-0.2757069512173063,0.024575166931181787,-0.11443062283732607,-0.07674431271034048,0.01739826553290868,-0.009595556440012096,-0.0265265069194999,-0.01956397283669786,-0.07245571748076648,0.04084962863901738,0.029149690506787427,-0.005963596042712606,0.01184487479861223,-0.026371110027879754,0.012727890772359885,-0.12326127058657967,-0.010791329030530114,0.012865629323391057,0.07296632425815672,-0.03365001039735751,0.07314336576440447,0.04362605017367506,0.01700708011748203,-0.08915886076030839,-9.485339535190572e-05,-0.0220795512419388,-0.09973729972849477,-0.0017731974206953577,-0.07525635185820101,-0.04130261175006606,-0.005271171813811619,-0.0410518176872735,-0.11727915195204272,0.18401244408064069,-0.07355707040607237,-0.016507537745577713,0.048655471748664025,0.07879080825649448,-0.06467185375995892,-0.010975142147360482,0.04475761673340061,0.052443305697211534,-0.06895134224509468,-0.036933733417276175,0.04556177910496562,0.08082787638506649,-0.061701060113472435,-0.04933211520486539,-0.008967674814463249,-0.05859298661841077,-0.06204021259197663,-0.051027911613405114,-0.07056887474509341,0.015008074344762777,0.06019283970441863,0.014009639511156694,0.04219769634101988,-1.067597651325451e-05,0.044138845740591605,0.07689368363964301,-0.06589693886045485,0.038963413368653,0.05576003901702176,0.0149417671197215,-0.030659100055959634,-0.029844214955043302,0.012547776017372501,-0.05465639354287607,0.02856061395140946,-0.006414341890386554,0.042595923081819705,0.018492565910192646,-0.07194470844628842,0.015598366124631065,-0.04354759673232104,0.0004461869700211629,0.025767165663276106,-0.02406290561888699,-0.04156320322786927,0.0124570213482941,0.021903787763921902,0.04942178494414798,0.08992344626387361,-0.00463751344946141,-0.00674644843505252,0.035815200677112725,-0.07018733298645875,-0.017240988363211154,0.040791981868770755,0.04288145773000182,-0.06547417232326214,0.01438918771583519,-0.036607348144620716,-0.02727424751851454,-0.037005829066848135,0.02376918361781057,-0.04823615228736547,0.05379984416650526,0.011902688515886155,-0.047421602559435796,-0.008725358380549327,0.06997825110853051,0.011881317005049925,0,1,sport
33,0.33893916344060177,0.3569561343893268,-0.19936167590173537,-0.011268910102265753,-0.0115961690623986,-0.008980340521619142,0.001913933260404768,-0.026108178020453992,-0.006273008614352768,0.006508261749699627,-0.06933831563996361,0.02588140610127764,0.011705857578628945,-0.014380592829336226,0.023790905458402102,0.010294382397959434,-0.0014117617776429128,0.062811322082307,0.03680687486698471,-0.0072812101463088945,-0.023273278268569703,-0.001098328207776465,-0.039795132627064786,-0.059575103587824765,-0.030149543778990873,0.04908322935734,-0.02434363784786908,0.10428942950154776,0.0803688732296074,-0.025883965231490988,0.00011317393463686678,0.020378523909491693,-0.031038930747903086,0.05485029849076932,0.03223486065082325,-0.06639311730910098,-0.00214573372493062,-0.025801789944274314,-0.05427718075059048,0.11824562651337174,-0.10072997086901032,-0.054911133032986725,0.005642352079892611,0.01890165906971634,-0.06571946854661395,0.03550202737333689,-0.1066011259750087,-0.04094755442201609,-0.03833877362143629,0.06448522568152,0.04908596045584518,0.05441477976622176,0.023153050999628156,-0.09528609878428769,0.09055382158509692,0.059488876585118304,0.03327531970110378,0.13968708886649808,0.028234407417046144,-0.04236175710500792,0.035027365798729435,0.09782035282199461,0.07345940210991089,-0.05064729368645385,-0.007964663700661283,0.030311619137654025,-0.039143746112530145,-0.02248269701090933,0.19554569386541085,-0.13367049195467118,-0.0119137689658393,-0.07054044840110771,-0.08816517728030752,0.06600953126390806,-0.09456269494214424,0.040104451622835845,-0.0751569583588355,0.10807475082485339,0.11826760267272397,-0.09546849303336846,-0.009336737663732015,0.14162956874900473,0.0123289481978602,-0.06064816608211756,-0.0682170085072886,0.1300571977050174,0.021028399250326887,0.05670486538920146,0.1101776808139712,-0.09325983456234907,-0.13501836283246807,-0.10415489467399382,0.15158061233068687,-0.029182990743744867,0.2228000383270072,-0.008242238735628581,0.02438874642623471,-0.0724031328099198,0.10872810545611662,-0.1469409909710122,0.05914747043063479,-0.09266353757962736,-0.001822365273181552,-0.004301477417433014,-0.10970786038186373,0,1,sport
34,0.28706652662375554,0.19619261599222065,-0.012364135658983791,0.04317490983561957,-0.0309357349352362,-0.02369850912036664,-0.00645676951174476,0.03612612681797451,0.10130040498750485,-0.020917849205720235,0.5482394163472034,-0.13180186306387437,0.056029662298866724,0.1243728389556096,-0.052133111744866095,-0.1575133929570077,-0.041374098904274625,-0.05063782009218182,0.06846738112028819,0.03358729227209309,0.018634478710098868,-0.025969090912273018,-0.015474083709845035,-0.020100310810681327,-0.030378296793460425,0.018440081704128676,-0.005802533801060935,0.01676804378513154,-0.010657949175445693,-0.0014416521776951657,0.04727548702146325,0.019744616800880386,-0.03031673264445523,0.02825442817767803,-0.004320120860943432,0.07567213142691578,0.026631402132946437,-0.029832853590745535,0.10609374165786319,0.14281185029903454,-0.20198802657824072,-0.05631642305571624,-0.01715983636233291,-0.03183766766722166,0.008033523033489063,0.038789665737568625,0.09035155104791605,-0.05641286552384446,-0.0017564219515515235,-0.00944809020021488,-0.12435046609838775,-0.004668554071008867,-0.04338476885814316,-0.013298560565583569,-0.04415777528293047,0.019323887923214392,0.06654755005061731,-0.025268206867786476,-0.03189450947301975,0.036267643730902015,0.026724915626416917,-0.00804071039965216,-0.10592946156968085,0.03640922734618177,0.0073634820808755035,-0.025001141269563067,0.02008800792110985,0.03832752768412771,-0.06807359791211437,0.029437073972157193,0.02169110011753066,-0.023849934313503133,0.03845469430457112,0.04344270361141619,-0.0909910748726614,0.02226950544022004,0.016838431452804035,-0.03791586290243639,0.00661316725297429,-0.04170373102049238,-0.061833699002452974,0.03757171086032894,-0.06979936343400853,-0.003998161586176505,0.04019723588933039,0.033442614160493864,-0.0792181455333918,-0.07078950509227261,-0.012222407628961086,0.09703467330575109,-0.03312916657762821,0.08377312300308858,-0.032201856140376274,-0.12028396998707881,0.11072086686442692,0.044853122905625264,-0.06490175079848938,-0.06756933341952463,0.08026242180362583,0.06483815533501468,0.04835355194623688,-0.029676155088133892,0.0002723536169584208,0.05847646563900374,0.002234670395807988,0,1,sport
35,0.3249317727432187,0.18043296248432675,0.46792680006195175,0.28564389445647187,0.17920410886047158,-0.09820368162794574,0.04559231600195872,-0.20916042407495622,0.048019747482226934,0.00129210337765407,-0.07232980764001377,0.0009124761941323328,-0.012595023656501357,0.00261205901305485,0.006460528996489624,-0.02545149907891399,0.03305273391254766,-0.01540009563422295,0.046737169901745305,0.013762905368176,0.005991702190710767,-0.024783089181032197,-0.003291118547466893,0.03961806818650021,-0.02435391862193029,-0.047386352360461986,0.01287556423484264,-0.029582147339794192,0.02117575493169646,-0.07311261811378557,-0.024343435040495673,-0.021183628284650986,-0.061072600411823254,-0.030553339904241267,-0.05677039616531307,-0.011230872228647121,-0.05492843012017418,0.03396702200852349,-0.044214686471204245,-0.11343096554741268,-0.11699160794341769,-0.029220048908537678,-0.0443717698189732,-0.015459502843114075,0.0027573701074977202,-0.018445900697369275,0.0019346445896263461,-0.004671421522200805,0.013249821327978578,0.029420336222865478,0.08329088461604661,0.17568881776705533,-0.043128641266353254,-0.007112403762071514,0.00800202776227427,0.02063176288321905,-0.025317021947798495,-0.0978879072726657,-0.050540502310759565,0.06180413465013726,0.03685451637439282,-0.05282304714884021,0.019070681234741718,0.09297556642418488,0.096216829512179,-0.03317835547936647,-0.059183504253364,-0.030369049841745096,0.0618242676682558,-0.11247708825719503,0.014835737856186127,0.05950153955610044,-0.04214535382173314,0.005730679344193225,-0.07195915396059656,0.019107513934612998,-0.059158201238331876,-0.09702864702878711,-0.0659453204767785,0.03740099495252385,0.06890652022371317,0.07393412226347418,-0.042671810042498266,-0.04934879911746428,-0.018431742302207607,-0.01013557223832786,-0.00891594462668089,0.02975228431104881,0.0025422683826630665,0.032794690878736855,0.00981130371243046,0.0006214343362318137,0.03235384195661961,-0.04324841905381691,-0.037306704226711535,0.008984084598018206,0.025984836400232424,-0.015994321437112383,0.006444779363622543,0.05856702163564343,0.0726006020528937,-0.02810630119151215,-0.0555535832569812,-0.02204935551526389,0.008599068492606013,0,1,sport
36,0.3501619083569259,-0.04433339488524788,0.10387766929874342,-0.10586196740985364,-0.1401798047327775,-0.005363973386115674,-0.004593242189516767,-0.10193585874784845,-0.06426937793657331,-0.049800653559992476,0.07347956543783751,-0.0062441840895678,-0.058952369724875026,-0.14342620542686313,-0.06828359091529376,0.22582669095675628,0.11299046243703818,-0.08535085848011889,-0.11053005481412348,-0.18717786442945067,-0.21697532009595608,0.22629277458321823,-0.16664397294788524,-0.012484164836151649,0.25145640735185254,-0.11846706122967805,0.1672913667506842,0.0901759429645904,-0.05213736750118952,0.13306309553369255,0.27361800072352477,-0.09899241018422614,-0.024967651745488057,-0.087609429957583,0.05440255732517377,0.02882499792837682,0.020728930626194585,-0.011852451970913277,-0.011559465426394954,0.029756853286788443,-0.054517949578478594,0.014627165453332749,-0.05914380198846461,-0.1188024721371857,0.015132797048712586,-0.06091514482974771,0.0058665936347359945,-0.037042008042631476,-0.06109998574677253,-0.08364643070329267,0.02494145879363852,-0.021458897598537374,0.03346141350813798,0.032358427728703454,0.027035639069903538,0.0495242477813965,-0.06749527754588008,0.042037483016318614,-0.04177807973675601,-0.06396254812036894,-0.019242897571700557,0.052361273620946905,-0.044177090622904605,0.027534622627593822,0.06426208863241537,-0.04641219530006602,0.010881887777199822,-0.055998503870568914,0.014338992281997049,-0.002590794256014448,0.03554142631980034,0.06919055209108294,-0.021124366298526258,-0.013118864684433466,-0.052753148932455037,0.04089509302263459,-0.02328099748930782,0.03785937480515927,-0.020568771149306178,0.034596796819102,-0.00938506150862311,-0.05271818152078449,-0.05523976519719963,0.01666406739676437,-0.022139066119262727,-0.020903364865266394,0.014079643937076156,-0.043647289131860424,0.009477959773233128,-0.017930216013798534,0.017535638331830597,0.015030748283703793,-0.017305069814457126,-0.0020863452420440444,0.052777578532798554,-0.024239989009034246,-0.005722978537141476,-0.024253660978623057,-0.02801670307374388,-0.030579889807793935,-0.01917964389273296,0.00842130075153541,-0.039532246191844575,0.014783657073463559,-0.01609857274802734,0,1,sport
37,0.41861695114972647,-0.0673572456784234,0.07033324198820756,-0.2103138768001417,-0.05219776999011749,0.10809384511124623,-0.045673375826835595,-0.08334885141868563,-0.03138769377722189,-0.06663877985002106,-0.07459437960308402,0.04816934455780561,-0.12073217329175577,0.05223848458288996,-0.0011044306844408306,-0.1423666094999844,-0.026660972388215368,0.09052914683186696,0.054985816711849725,0.14507056763717627,0.07316080923930555,0.04327522672647418,-0.09664271201081613,0.015341644073129957,0.04217219762761561,0.06649541043472264,-0.06084570328564009,-0.053390389734770595,0.10169224015464597,0.0030665782005815058,0.11786679400294513,0.004281081475634914,0.021208164673063756,-0.04970381971791768,0.04857947357547308,-0.0011843699278348931,0.08682800816591542,0.1770286681647559,-0.0858181911806724,0.13344828813351695,-0.0527829302080144,0.08606346121884646,-0.01649987214260526,0.04127634516713432,0.03436640337686375,-0.07814789585623695,-0.12081292087202673,0.049309366742376494,0.1280447308707194,-0.058544398764014814,0.19131736040506703,-0.011975565843679805,-0.06663399834737237,0.02733973135053605,-0.16863421776984622,-7.553938185421267e-05,0.1318961559295776,-0.15113895588921472,0.043750195461558464,-0.025547883644208184,-0.022515077998391884,0.030791538756976006,0.06318632623621395,0.1353204293519638,0.009528141914794633,-0.14204103374474142,0.21267521850539112,-0.1851817602632929,-0.03235053324330606,-0.08538579301668363,0.0307509390812124,-0.014402223455905715,-0.005037050896896478,0.02938599121976229,-0.005633118154612429,-0.018401076621703674,0.07346129300434326,-0.00439596404895498,0.017365756689459912,-0.022676534559037745,0.024917138686588243,-0.08776147816526333,0.0075242599367301745,-0.013786604876947418,-0.0023677267887087794,0.020943143157944655,0.03141638781369208,0.009521325430262085,0.02753390159926038,0.005635541759449461,0.030360965153903848,-0.03376772935939677,-0.02025486666345451,0.05380038973448404,0.03454120413056184,0.07965210892883785,0.022086744730829146,0.010010111983052919,0.009082371794387941,0.02231280644347509,0.031099242950859793,0.06563421204960718,-0.0032820211744616153,-0.03264675779597504,0.05527761151349349,0,1,sport
38,0.34251091066396633,0.0823449899025649,0.10055762941599805,-0.14569533740687945,-0.04239184672504168,0.2827341367893092,-0.07013576998485033,0.05330912351805547,0.17857704252340087,0.14602217530866052,-0.05301585996296962,0.0073664197290259905,0.055349248831425425,-0.02140477794776156,0.04886259212698418,-0.005885683997374755,-0.0028414410869854103,0.06881998045966038,0.028219362240288235,-0.016967093970176348,0.03422987200544919,0.08658569774936474,0.06786379727710755,-0.03775595211736434,-0.025345516890786523,0.05474179094914751,0.040139748159845785,0.03534150803089483,0.06788970338692928,-0.0010778313757691344,-0.01075824337102625,0.01409418862607998,0.004720023031815189,0.07263357787305383,0.008878118442326409,0.044428549431520435,0.0006813044488635298,0.024642321993947548,-0.0555527692596534,-0.0003047829304567464,-0.006501631229858485,0.03208605165357752,-0.08889441014407622,-0.12566559511492548,0.12239296084542588,0.012196739200061346,0.07288010613444494,0.035902799749213114,-0.057265961805632114,0.016573627166921408,-0.02188586010043446,0.07864695740102604,-0.11072319023315727,-0.019745833956269672,0.008772257887000765,0.00027560136661863453,-0.1749078371656481,0.11065586651484358,0.012029094095497551,0.004382867109618423,-0.03136942389324869,-0.06741242128013772,0.09631511608461192,0.09600354806072535,-0.22110219505179401,0.04471912627282768,0.12841480267716662,-0.015320800675311053,0.07586275717459644,0.24057134480453116,0.09141008276011585,0.04092161721710089,-0.0210601651945433,-0.1137246156659665,-0.05955185008461031,0.05106663001713137,-0.09468420498669883,-0.05585906347766938,0.0010366785226703916,0.03659489788109395,0.057568905467312345,-0.09515808033637249,-0.060463474947688216,-0.18904833366271942,0.004324687503532168,0.027008249357374687,0.01419810615148629,0.015661399769694426,0.08828088329812006,-0.061660703102651634,-0.1539478749133104,-0.055786440223503916,-0.13992585447024403,-0.04887153295082895,-0.022668376848903087,0.1166390649267115,0.013483596663808595,-0.06428293461261905,-0.18248118515311665,0.013454530490981113,-0.07719395602986745,0.045480769679773984,0.07450181699216257,0.09849404030240692,0.09362364756422902,0,1,sport
39,0.41342450223833205,-0.0015814432648898142,0.17919262581432918,-0.233805819181315,-0.08269045603055253,0.36823876600638694,-0.09927904559099383,0.05787045375088826,0.2582089753830426,0.1794649882527119,-0.03878145435921872,-0.0037783180456621057,0.06565370835277903,-0.01989490436314406,0.013509526207354232,-0.041996733254793736,-0.02635474794905749,-0.00782662058181859,0.04394947483556504,0.04929713862845028,0.056503314813403364,0.21256203066331872,0.12148381333495052,0.021676486252707763,0.06475251040985927,-0.026716948863634415,-0.0013987427739405437,-0.0027547900136571414,-0.055115487415928734,0.02529681832275963,-0.08025961064804492,0.01711480058986675,0.09761816508667272,-0.07506062823146326,0.04546884900129009,-0.00819365272229386,-0.09934682723329705,-0.08500071486061314,0.02286535076624183,-0.14551746637202592,-0.11368158254955257,-0.10250549460734885,0.11341744078003906,0.039069685535711884,-0.059658739266279986,0.057313606105439494,-0.029734570078242376,-0.07538847247366218,0.031340931183860325,0.07235518716864268,0.043557866832636905,-0.08687009785427241,0.031880402148068206,-0.0024471592165891806,-0.0028524417489364916,-0.025168464160989404,0.06917037632233865,-0.04172825421831328,-0.06472646947697,-0.05108876297519556,-0.0052310890006285644,-0.05017687754930835,-0.0458037878435971,0.0479888171754305,0.037964559479578545,-0.023399228830762085,-0.07725216752980268,0.02171102798593304,0.03384407592298622,-0.06247736421193579,0.040209469998617804,0.0029602384146694125,0.0312872848902447,0.027077604551454682,0.017812084133259676,-0.07035794725047363,0.026922430327830035,0.08736243039636901,0.006219947202400771,-0.012061793497895995,0.041402656244793425,-0.01094670755154072,0.039731437354873334,0.019845418746577647,0.01514794296752657,-0.023575077854745562,-0.00546690731088021,-0.08171129678416719,-0.042122135259749144,0.04139807814651,-0.04069112676169274,-0.07648215180040162,-0.017720434465480755,-0.003764453443960375,0.0195788295185434,0.006941614117735467,-0.05744107790134749,0.03144399916784421,-0.03386804519004796,0.011193709930447973,-0.06480048422384618,-0.04812348146028307,0.00547382534907315,-0.023197181410676677,-0.038258811887831354,0,1,sport
40,0.288822579522764,0.08080283349833556,0.2313897856184709,0.038472415591994255,0.054147293819149386,0.049821307527935337,0.009820123885306023,0.035793769267436014,0.1556708261114417,0.05789396883745758,-0.04041292399589696,-0.01074904283793387,-0.020559491635981746,0.025259695280292052,0.05029956189164778,0.04567419312260622,-0.10230277622660586,0.07186007565983897,-0.01041280907184418,-0.03780575836087446,-0.007513024861483952,0.012258400692414689,0.04457276907719487,-0.01284548138229226,0.06456106404649495,0.0005778176144694898,0.04849554077023803,-0.018396366845804507,-0.11667880572996993,-0.06562621070630036,-0.10647280452977262,0.14042733384194808,0.24972242544662837,0.12840110983185785,0.21037320875465515,0.02515127006637201,0.15490521480743366,-0.04192624474276174,0.046202286491061895,0.2607786690853618,0.16459420012088236,0.06473119349556158,-0.0267502341088712,-0.012758124980402628,0.1251443201549625,-0.01640446673105608,0.05418755583418733,0.007362458599406292,0.004069158530621059,-0.02319397023979024,-0.02029377319036324,0.014068060006360192,-0.05358861707922541,0.04566610733072585,-0.044998000355162604,0.12274887573636172,0.007861454505755946,-0.03415267366105462,-0.02213418394833888,-0.012443359768743039,0.10523337929340319,0.057754650244173096,-0.020756948245856062,-0.014563484742273296,0.07442668803023252,-0.055872415203109156,-0.11770098580982392,-0.006917579532803779,-0.03694798568614051,-0.08965898721928119,0.08117827547260209,0.013532466176726073,-0.07851553201473435,0.059654461736434,-0.038456511324208166,-0.06275310847213147,0.11624657965235519,-0.021818082175771882,-0.051101049439983455,-0.06876310161979883,0.11517947323242551,0.013311971792278412,-0.0626049794846416,-0.013492833439169304,-0.006985803637909374,0.052803055170021596,0.007964910395367343,0.09777525258407761,0.14078235644460657,-0.12679416190210435,0.15097423626709658,0.11359217083949011,-0.00535999500111711,-0.16193974453172813,-0.020890732412990234,-0.09413218392970865,-0.017704771858330148,-0.06763717848715173,0.0004598496444954899,-0.04400097198900529,0.028952572293057168,-0.025739557135340606,-0.03713930429955276,0.005454230455951039,-0.09070547758080962,0,1,sport
41,0.3038612945750591,0.21406502659552173,0.0327343997380284,0.045315027163880445,-0.027022966442332222,0.011987747788544395,-0.022671057810303336,0.06393337017043353,0.09306482525058558,-0.0061784609246024495,0.5872753729573467,-0.145193244167267,0.09208917323487198,0.11832509243033425,-0.06271522128172825,-0.16369231309966475,-0.03925680397044613,-0.09087845314791704,0.0027732442148482818,0.0480643057979214,-0.005480739573311433,-0.046757121729156116,-0.014503289756311377,0.013983931360255686,0.006874592141218142,9.482237333253909e-05,0.003764622639828727,0.02056115007331457,-0.015926847403164423,0.0014700169743745786,0.019317793917934666,0.04132179570824682,0.014215135237169425,0.007014159307394969,-0.007694308062613634,0.018217244167306784,0.004819930071837649,-0.04942814798436722,0.013618445563338532,0.08976262001561795,-0.15739594059670675,-0.05344078525487247,-0.032553320912487554,0.03121440457417197,0.009927578928986823,0.021094817564215537,0.10116622661854725,-0.035177876694051834,-0.0006939961192900526,-0.015142771931491588,-0.0799648428177724,0.02976455484709605,0.002664678086188716,-0.058788800476129624,-0.061223317052052736,-0.012896010302452597,0.03424823150152847,-0.05856329063540952,0.011496629244799694,0.0554564958925967,-0.016659586578341042,-0.014148219513524402,-0.02199007773263039,0.009255950893351786,-0.052669482369755674,0.014918412094661755,-0.017918404168189496,-0.05508962650215839,-0.02042255451573979,-0.05255808392154211,0.00804428494376852,-0.0056289350170171185,0.060908220732496764,-0.0004152105910593712,-0.020935404663956412,0.038347338616176126,0.01282910444202406,-0.04676828050183702,0.03296338852400597,-0.00675609087530349,-0.05079542014606212,0.01701715803560099,-0.030577662772928203,-0.02445151839008713,0.01725128305326923,0.007357714861238771,-0.0950309267313698,-0.01678864402035061,-0.03261408424686624,0.03799325536891216,-0.05386086263988068,-0.002483813633919166,-0.08700811077580049,-0.03629593620673998,0.10715314903445007,-0.032365206357368066,-0.04627727801206895,-0.048019912070614915,0.037566038227777376,0.013303543714304193,-0.012499042531465034,0.03972633752549062,0.03056489366632505,0.00652965603154236,0.026952961117081866,0,1,sport
42,0.31628631883899844,0.20652350687844498,0.4590920880393473,0.2940169662353294,0.22053590562555372,-0.10139878816593349,0.039055410830607526,-0.19747647449233532,0.07461781926101232,0.02826303477344622,-0.07442582558087354,-0.011253455778316414,0.0009607484766957717,-0.006171410939665088,0.0034932993780352342,0.005120436717097814,-0.016101744919378665,-0.011168550812006262,-0.030825748571364487,0.014951070996520224,0.026358983055298192,0.012695100736454941,-0.008953636336694553,-0.013019134144659406,-0.0313217282463685,-0.0026756734945568945,0.026204027230260805,-0.0036764955845430855,-0.022249569971006588,-0.05229111867683366,-0.0017596028326428979,0.03725477542654729,-0.04738321230334629,0.016969282103538465,-0.028341389196977367,-0.006682318989146959,-0.043761526790357046,0.01531305029485763,-0.049892917705844995,-0.07371807973326801,-0.062032011174056906,-0.02911975133459584,-0.0389701833270161,-0.029501375173119054,0.024126687262117058,-0.029506993377814327,0.021178668842865633,0.002289878137286759,0.020310690203884353,0.030302310803256953,0.07594753130620552,0.13398775395690038,-0.03427545760880351,0.007947770658763289,0.007985474590414257,0.0001886475026921974,-0.07029459413025585,-0.09337379678325991,-0.06757130045491562,0.08481475723986669,0.0033544047861998453,-0.05070111912429867,0.0735029483897647,0.07684466703880996,0.0948851386176647,0.012050204868901293,-0.000438036396857032,0.010562936700349605,0.08014806503216672,-0.10181204135979638,-0.0355501713057338,0.02317049497804078,-0.07207674624998334,-0.050344046052488774,-0.03846428053328809,0.043545891150019354,-0.05628839898729547,-0.1259098382744184,-0.01071864039866016,0.02524580158167825,0.013801144572862366,0.06504961201290374,-0.03973645182408082,-0.058171357966976554,-0.0675923382129164,0.00331496378438547,-0.030815402810355188,0.05415363925665135,-0.0204276938748673,0.030125805910695688,-0.011206067323320665,-0.006912051409120627,0.0030869815563909155,0.014580320114834108,-0.03717286109433508,0.024257830398335876,0.0035233026036163616,-0.043382402879698176,-0.03141633642846855,0.10054146655676104,0.04829402927822814,0.021953167999922668,-0.0311786519072103,-0.012151016618594825,0.021825285910204113,0,1,sport
43,0.3476569698106207,0.020561697472274303,0.21913430606582318,-0.18302649057162224,-0.055126439564335356,0.33071019858533796,-0.09406850627579447,0.0994516297305617,0.251552260980714,0.16459934109056665,-0.01777647460283004,0.02481532372252853,0.07878449283042654,-0.004349290008981719,0.03759943112019508,0.02059555419882354,-0.01161764174745149,-0.02622448789042169,-0.003839873211092931,0.008714218289077005,0.03926326456344929,0.02460748191996804,0.1044240678532922,0.03677501074275721,-0.0062531082361328445,-0.04011502370042258,-0.04840880396639764,0.007572124204930275,-0.014628663599203097,0.027844700443392958,-0.0454584247522887,0.011505462509299751,-0.04429712248935516,-0.0076277982819867906,0.005349526868159406,-0.013222776081199077,0.038355045342199204,-0.009633014198178901,0.03751340200795322,0.0681333129087376,0.06012652713837553,-0.0018750636384497772,-0.09727979004105802,0.06946474195949294,0.04047749417386281,-0.04297328440244117,0.03802272058326672,0.03971439947735664,-0.09437475478547735,0.06328695546223012,0.035641476044446306,0.07632096070959822,-0.020105388401542985,0.07381706019555645,-0.04076910879916997,0.02223679043235533,-0.00872765587354975,0.053162091520755135,0.08876854041661254,0.06346882383084056,0.08118024182303954,-0.0257218647974786,0.06403215289981368,0.01114917805224676,0.07293822246174057,-0.05971057515780781,-0.08796820493351629,0.043134955645605856,-0.009443779382316065,-0.03271164274358098,0.044460436434514715,-0.03473364624768164,0.07515552560274773,0.03948082851176281,0.036372144238995804,-0.14588715761529203,0.04312248771706626,0.042974475835083244,-0.05955789023092979,-0.1023189796436628,0.08936284374055439,-0.039433066551680926,0.020872986768141442,-0.046065073695885306,0.047010043509816815,-0.01398561259674757,0.008648756411535967,0.019003775724078024,-0.0568968404399165,-0.036780716750792794,-0.017945449258421304,0.11695416022009218,0.05176729945768959,0.0924508534812703,0.11526869545967133,0.07052436344425467,-0.06517787049246992,0.039451843130210475,-0.0985021220005869,0.019801911100214935,-0.021261085677852627,0.09691176392222953,0.0577612555983354,-0.04225785186316486,0.03259436555995323,0,1,sport
44,0.31849165574129856,-0.04908050464054862,0.10010210386604271,-0.05645308063905784,-0.07240325567887632,-0.028528192451021655,0.0022739216728465596,-0.09329050321874405,-0.04971885672265946,-0.03578833011484909,0.07068773822071153,0.044073584567060474,-0.08362985088072095,-0.0644636430811923,0.01387813107366702,0.1609848709627262,0.11243657846548717,-0.05806450832247276,-0.11778261112533994,-0.048944344052194326,-0.02121350942106399,0.04931271535075342,0.0030220178725870596,-0.010251620580266579,-0.07146396423536461,-0.03531674800580898,0.08348061832156783,0.03835942601339456,-0.050243701668472536,0.021602629865575432,-0.02285181571909052,-0.16727581196004007,-0.10189534178240268,-0.09482441748510245,0.011737822186882997,-0.02490789854329648,0.050191019391743356,0.026447545527793027,-0.00956304916152482,0.09061595715724179,0.11232970713125437,-0.17504026127324396,0.2616361466908641,-0.032354633573602264,0.17805945408338694,0.014488551545552125,-0.14116802788560595,-0.15883074937804073,-0.0432665660830776,-0.056517638505187213,-0.06987564410688464,-0.08214829570387551,-0.13687427577827663,-0.10442889083638925,0.019283707410084044,0.09216295819548985,0.05917540276794947,0.024637556254354626,-0.11594339659800233,0.22367418725629243,-0.03785223474744837,-0.010290102571714211,0.24350304176190743,-0.19846298089393774,0.004667056471668895,-0.040862018310236094,-0.0018792136430602303,0.004230371985542108,0.05849942007940404,0.01652955897426048,0.0672014338508948,0.02741710892664255,0.09476831886188072,0.015005606585450538,0.09754427502524875,0.1055933856186001,0.12290039007900097,-0.04308224589651835,-0.09823390194574136,-0.015406258482577604,-0.011009674787670957,0.03040322747810009,0.04886677142285213,-0.030005496181676368,0.04401536817513274,-0.03276511749190441,-0.09464353042541988,0.09682755606187349,0.040998854414637846,-0.0012760547317564883,0.04415152580682191,-0.027037653543971973,-0.06289532245671098,-0.1007556454987238,-0.014793046046619018,0.024272995113383402,-0.013779183821642324,-0.000731690678335316,-0.02474726815570431,0.09359451959568038,-0.009448333679168103,-0.049595713407053106,-0.04570305133203392,0.0053679164737717895,0.09356233066685751,0,1,sport
45,0.38342450786247273,-0.12043615135765699,0.15561265966219462,-0.18551833188496641,-0.2059245880845792,-0.03679832402278793,0.012189266935685656,-0.10004568620502668,-0.01991995740319666,-0.12133835302288501,-0.02165818695613139,0.10200312579400868,-0.1164547513865931,0.008240618206075245,0.08707368775931826,-0.09006189559182524,0.0075142664269661616,-0.01663519998958312,-0.009614476935800167,0.07011510424593963,0.02860000804765216,0.005703720056855072,0.05432227114998206,-0.001225499291385213,0.0008396560700370524,0.00738446513073426,-0.10156257026724806,0.0228066711414698,-0.00597584687219499,0.07698250404023593,-0.002239357813740609,-0.04046490591523565,-0.09593154705307108,0.015557459914256607,0.038779547923711785,0.05648587641173888,0.099973121382827,-0.09545718972263578,-0.011802263379047672,0.05172841838331919,-0.07107521120816368,0.12259213283965283,0.009081768151574207,0.1648801083067397,-0.034472536606887316,0.03608999655322663,-0.042829751309965435,0.14044046303495855,0.05631514736048572,0.011044037131961924,0.01336160353592403,0.07848964934316484,0.048692168068248505,-0.05190901764787025,-0.1271068903021803,0.031147375312469958,-0.0014569160210409584,-0.02463704781233256,0.02000211196880533,0.0708350287084208,0.02796043588057933,-0.022582216446720267,-0.00533823499473559,-0.0006168091585902748,-0.005647535433452471,0.13321346814881196,-0.051847304121258334,0.04625904286032204,0.008758460990373302,0.1418570370846276,-0.08641192910813666,-0.07837824510816792,-0.01405050080387769,0.08079836143927253,-0.00033080127527665806,0.0788755208177143,-0.07312539696708927,-0.07092381868111546,0.08691393462603222,0.13407416880983017,-0.008203030393733029,0.18091430946926365,0.08105364014708218,0.06451542277184263,-0.07283036164857158,-0.1306934379117656,-0.0297688686742276,-0.09251319403397422,-0.08128029169014675,-0.12866638478431033,0.0074357033327991035,0.0559313793657069,-0.05810362339863368,-0.09494718951137834,-0.05534630696948338,-0.03903402005999134,-0.00260607594819435,-0.014987421566042203,0.04032968657733996,-0.09948456756594681,-0.02004930346229503,0.05174585716077502,0.008125867377863642,0.08482790252995752,-0.06986797483849291,0,1,sport
46,0.16051753028162818,0.12167837094062828,0.20864808955794112,0.11563909368946257,0.014025234221448414,0.09169438564930996,-0.03088745684633455,0.5836507135212915,-0.4579341154667389,-0.17036386492862793,-0.015728105872121007,0.0029691051820198563,-0.10539489609423239,0.005723385612205459,0.006530711101014657,-0.05754273077942712,-0.025530068100695538,0.039620751002382756,0.013753155841872686,0.06263820759561334,0.06652783989466526,0.2204649769462608,0.07381751735315922,0.009314789386833711,0.030054211298489376,-0.015227710572979055,0.19257016584471617,0.037144990735449857,-0.05227424561008898,-0.13228364797985387,-0.03342033153381103,0.08110742254886553,-0.19870388686064916,0.0491533008460852,0.03816946864111817,-0.039015034543000635,0.02624331843182843,0.032950893129814245,0.00683834954641177,-0.03384695407694264,0.009188952573824178,0.0026236492300213458,-0.012563542760139833,0.01582586601348084,0.005739762057639385,-0.0028356483429590454,0.009407648046551746,-0.01587498130606248,-0.008238284841454663,0.002102894996524548,-0.009978236563093665,0.03316703864960743,-0.00027352612657512024,0.006945423680550079,-0.016772861860897527,0.009044396075134856,-0.008726303560755794,-0.004124350883000853,-0.006539714998104028,0.0017496731820970024,0.00661215858370022,-0.005572581152828654,-0.02424439432254948,-0.01554622361221035,-0.0008103052027456259,-0.012641678473719505,-0.015858855937864933,0.015118865112771883,-0.01121310302006793,0.006946549824591746,0.028029420964852437,0.004290126730919209,-0.0006910884514432033,0.01564248078138082,0.013584772362039381,-0.026660265575118216,0.010071441771165096,0.0366615449849423,-1.2263474554375357e-05,-0.016586429882266506,-0.019906663361801018,-0.010036838838956955,0.023225168645470255,0.0014500433609821786,-0.016636661309974356,0.0007824576689413608,0.0025609356429342352,-0.01390890506592577,0.020207622684377258,0.008478093859572667,-0.002682174877756876,-0.013778520088223226,0.005018875299179806,0.0027426596921026063,0.0005484245041130209,-0.010036919094058391,-0.003086175980773582,-0.012153898135438872,-0.0019570267555739343,0.016548982833708214,-0.0017225716591565542,0.0018698875180698192,-0.009144354826525737,-0.01661388362543907,0.005791525959740455,0,1,sport
47,0.307281709675028,0.2624953915211375,-0.11639404072103827,-0.017244318574948344,-0.014308486321420724,0.022007909419682274,-0.0038078622153377433,-0.005448758347373541,0.03153531111722786,0.019509538394985846,0.04578699712271166,-0.01861557854469141,-0.007211958715647676,0.01750661177671364,-0.0104021893368269,0.04058406662980123,0.03122979832942968,0.051901083571476575,-0.03884649852516432,-0.015933462435394875,0.042018469084276804,0.0038622366028259244,-0.057127957232836826,-0.028186922386977543,-0.03680206642337858,-0.05464884652071741,0.07662510665776148,0.09532998668098794,0.02162018016592741,-0.06716242424538887,-0.09817579097418076,0.060487017449566166,0.06851636937540652,0.07391449775611378,-0.06533470775666395,0.07094224517307961,-0.10795677859622764,-0.029881953755305123,-0.1358467751138742,0.11022411595999039,0.1039222702578834,-0.05190103724207038,0.030894798755446855,0.008948750414619693,-0.01816406088416679,-0.23133338997920921,0.06777277818736341,0.0991869007969695,-0.02620255110232795,0.039210275629782854,0.17185959808284423,-0.05196200427392581,-0.06917941106895799,-0.053421800556133,-0.015635959562045557,-0.05662202969224949,-0.06976443382402882,0.13381336291144144,-0.12237986855141574,-0.16871228959614548,-0.04913153370444944,-0.19677584271377693,0.05011429976251518,0.11346273211045836,-0.18154180747818296,-0.05556453890123774,-0.07225411143934705,0.032549431509357116,0.16614697087009064,0.13957447172767437,0.009524433629385978,0.07035031756781163,-0.04706924795718799,0.04840817228679047,0.019232263399979094,0.1679102874169882,0.20667579625214164,-0.1225111043661628,-0.026859909766011127,-0.027434166786148316,0.06319150104358996,0.043474372168242584,-0.07932944794006284,0.1602738140108271,0.06261127974551904,-0.03751628696691032,-0.07657167097869065,-0.10210928386347737,-0.044934244019748604,0.05398588951191399,0.02495006985996204,-0.08193813253210055,0.031782874433351725,0.0365117778648964,0.13129128070697432,-0.11613439222125932,0.015809453232802136,0.11192521076311486,0.08663363088433876,-0.017082065366020558,0.03212495180399078,0.03719199527529415,0.005890219428545841,-0.006863463249952601,0.000391874056153841,0,1,sport
48,0.25932527745246287,0.125322267512466,0.2727069844584564,0.1350033339512203,0.06700977819308976,0.008090464956889634,-0.00376098319997154,0.024604884216738804,0.0339790323769839,0.016640009203254244,-0.039127564183180676,0.00368156214179232,0.019317358671108047,0.00038532821374393184,-0.001214375540953614,0.03829211528302735,-0.06605406879279445,0.06098951429244067,-0.05629155157142057,-0.043078519773428234,-0.017552830993895215,-0.015042238009970272,0.0057143324568462205,-0.026899143114327964,0.07459400007101885,-0.05552393938789769,0.0345172307582483,-0.04763313800827422,-0.1059781386720689,-0.048165147273059865,-0.1417278628793007,0.20021193179211547,0.3036628592604218,0.07893014253265399,0.2218858274276611,0.0338180603936465,0.08504953928889816,-0.013554325277495713,-0.024783973884803412,0.29904598394893234,0.18308168756504295,0.11637210143180038,0.0664359029789339,-0.04532166496950039,-0.02493716995770578,0.025296953553306002,0.03934340164852809,-0.006840184324230971,0.03713459438579641,-0.032543223264709674,-0.07548761295474356,-0.056874707208132286,0.05547385669984033,0.01241235242759912,-0.019391910525523585,-0.04895180723126645,0.018309495656814084,0.03595810318497553,0.009962920681184166,0.030794774230478796,-0.019358121237789388,-0.0004140499855416712,0.03293673092883748,0.036354611318904384,0.012981126619933538,0.012880852960011003,-9.835910904164501e-05,0.06972313102354646,0.08709179170533117,-0.07639368913244043,-0.05680420808546489,-0.11510616049710269,-0.05259537571769568,-0.03656297874600671,-0.05485999466057387,-0.08372106664701066,-0.055522321279779074,-0.08089037828473354,0.02229672636531501,0.000390076050640066,0.13270960423236283,0.036658655891616286,-0.019974174454622302,0.027895981705304333,-0.021753877177727754,0.04131042467683897,0.024190273207461394,0.035512747389161395,-0.11277237073666088,-0.0801873013391671,0.013886400328591831,0.1183759466064318,-0.07003031354173624,-0.01585433740001517,-0.03152282807454156,0.0548440643559014,0.10657213437323501,0.06518424923686827,-0.012951657841280353,0.05443408835881242,-0.10349098064212524,0.012876023470512392,0.028157247636521426,0.06923453477747132,-0.03043359234968962,0,1,sport
49,0.3812425832665745,0.017462221870526127,0.23731329381068753,-0.14325365835481663,-0.11138739763158592,0.2706211114263144,-0.07277029216628436,0.08901890129898554,0.19370319736609065,0.1735707835190644,-0.012458393297169024,0.024723609032998316,0.11922727630168652,-0.012122897365903397,-0.0034556332799304213,0.04469038798903314,-0.004773505803634542,-0.07899106342655808,0.011730376952078667,-0.04907281004467673,-0.03647367929208206,-0.002292297926770691,0.08847693541781117,0.028827325917428703,0.06778052270445724,0.00034613456989644764,0.007895326079512991,0.012275651722802464,-0.02419484521274611,0.06990951390931492,-0.0696077562380446,0.00920633101651805,-0.012663881690931331,0.004833382617227698,0.0013424147951864524,-0.04767795180453434,-0.020481839070699764,-0.09184033951623939,0.10415073338145311,-0.01892091595690563,-0.0010873972889015556,-0.02845218806184495,0.00013024830683129195,0.14724494887084122,-0.05554956701501671,0.11192033016744618,0.05260194732256365,0.0034577680071385033,0.07177674823548352,0.04752717530982726,0.009887862925516874,-0.11578472606003058,-0.0060190186864131036,-0.007030826347082912,0.05064658361028094,-0.02035995659546464,0.040637106773559674,0.020287720496938697,0.09957490471744518,-0.024697108222470517,0.10991107919836003,-0.06212600317998164,0.11040596127192337,0.045758831380600044,-0.0784885811804166,0.023424028889243345,0.009310994773689428,-0.1122933268131913,-0.06863418039350945,0.08462307669996796,0.02287768748946452,-0.00020250220298617024,0.07383339467243168,0.05549595587423337,0.023234369797984916,-0.11090555144093363,-0.0400919577303162,-0.0036820274643031004,-0.006180357442743762,-0.015610270152414235,-0.03008835722842935,0.06745291025807205,-0.026610443827315883,-0.091147136540796,-0.038069968022337856,-0.016330177583240377,0.047146257090603785,0.1065733472384667,-0.043052439499593476,0.14925051426470665,0.08172081773259122,-0.08264605942870705,0.12757613632285408,-0.10318564826447785,0.03764852275022009,-0.02992047939881171,-0.014213744527263504,0.06563238827288284,0.036425100032801805,-0.009197419426069144,0.09597805208411629,0.031753851253421436,-0.053576574268969224,-0.04500038901117708,-0.04737760781501624,0,1,sport
50,0.30279149242471287,-0.0005990599554695404,-0.0038626618462505435,-0.048243943664305705,0.009263016600558132,0.00027959657244650606,-0.029397489426061064,-0.023650667768279534,0.004960140345912575,-0.06205132970503354,0.1753596335328248,-0.007603616213257111,-0.06111179293932908,-0.02358712853093145,-0.005872086636627092,0.13744365554972707,0.03650168362880389,0.11625559012894633,0.013874780176957348,-0.03654899772972331,0.1271684717792945,0.07207380800080287,-0.05791084524094069,-0.04674033047218754,-0.05747614228516906,0.008497293127787712,-0.02376367332374095,-0.0024912555532179926,0.015459933231834812,0.01301337445566865,0.02269150010994389,-0.005047524723539787,-0.02966187427312952,0.020310935737053025,-0.039626209293901954,-0.06865821002638647,-0.04728345682239581,0.052242988643806124,-0.0701169972502337,0.055184440520637174,0.018554156859832128,0.06945024105983201,0.04694636400710021,-0.13161010166470974,0.11063333994719919,-0.2071301341422397,-0.06291608686288655,0.2886333908265007,-0.15131465987518966,0.05630362433525009,0.011924773423619245,-0.13839563466064994,-0.1922017444193802,-0.011426208237332555,0.02885362600250437,-0.09719143664288836,0.16938744338612172,-0.03314928591315688,0.041954932500162884,0.1271808424378838,-0.07176651994152257,-0.027743562183234035,0.008486119827353016,0.09369504325252441,-0.013853274587321484,-0.08061274890433687,-0.03294826296597379,0.2504673182973112,0.09846912330206602,0.03982978265209004,-0.09923072589247342,0.07925159000140593,-0.030172601046618456,0.13889641116463006,-0.06701443171597204,-0.22689249949496754,-0.06729657156126778,0.005773142352795033,0.14509834969183144,-0.007619546388394139,-0.16858794774905092,0.05620667453805523,0.001754461807929819,-0.02777536620371504,0.07255725542177646,0.044288120531290324,0.02801359926860631,-0.09411340681444501,0.07111514218831008,0.06661148911545134,-0.012098130593045226,0.011571514103416732,0.09476041985269922,-0.02620739704481863,0.030524962060049638,0.11943082374591185,0.06139570015676482,-0.0866345945996356,-0.10120713210279143,0.1443960805713971,-0.05688000863468797,0.026129010827708892,-0.059750931025490804,0.039022551817154645,-0.10160875844637461,0,1,sport
51,0.3024571385411697,0.19393200125612053,0.47944931433028076,0.324166984872219,0.24444025356117305,-0.1226044981637935,0.05205350680777784,-0.1876810135550754,0.04194512010344899,0.012444596705729673,-0.10602576762630544,-0.01503904058749329,-0.0126904845420249,-0.0012677667109179242,0.02960982861723962,-0.01545202761911978,-0.02423461220998969,-0.010700264418251918,-0.022530957750351164,0.025637142733658042,0.05866721454246699,0.029438180793620018,-0.004290494416164594,-0.0025637251211379376,-0.021318043270225514,0.026182976662577497,-0.04375505744214242,-0.005540712811514716,0.009496545073121858,0.0002410855169855843,0.06708769821522796,0.01534399636572724,-0.03188248359251101,0.008934647816583395,0.0023766250445756434,-0.006610083755119256,-0.012255411598493299,0.0018868656102669552,-0.041996657938612125,-0.028606375468923948,-0.06198262989065842,-0.035846065446692964,-0.04274936502812374,-0.06503761723750333,0.0392002980529994,-0.0015731469883856369,0.012678173111650688,-0.012283157618070695,-0.0035267582273049904,0.040398458498738285,0.018306185695130407,0.06105517944704939,-0.04903618309094312,-0.015465409082674677,-0.007748326968183379,-0.03059568143172502,-0.03700404926495699,-0.0046097409737359775,-0.07154405811244899,0.044182593973183235,0.011948591852032845,-0.058048954490822605,0.04453025397390423,0.06765639870387238,0.046722879123721965,0.04259313991754172,-0.018815163140934347,0.008077266747550108,0.022281624744556524,-0.11564521178747184,0.026365765304371763,0.031430873540104876,-0.027397261759186727,-0.08383111802500007,-0.02034805216139795,0.05023761573577069,-0.03928442999052109,-0.08196779161158148,-0.03228957233282948,0.04292569799768242,-0.06797853731374408,-0.018980663550781433,0.02257721972296762,0.032052595665295225,-0.06716109223147367,0.0027418208974189103,0.03894266137645638,-0.002807146715390542,-0.0533482977305002,0.13218981752013167,-0.023493205098329282,-0.0690779754126192,-0.028641745797997692,0.03599762368738316,0.0023620133004131883,0.006226253604347978,-0.02368909352500858,0.01391322772640823,-0.032292561039125665,-0.046769445533584995,0.018283302410499976,0.011315612054490727,0.023570579077994147,-0.02238138273789814,-0.014632941168506967,0,1,sport
52,0.3562814335573575,-0.07422208068200423,0.08337490054004677,-0.11826905401052765,-0.1553822515216749,-0.07795238573323392,0.001044053581891621,-0.11399389323554679,-0.0840852115763583,-0.16993444150151982,0.12012987626336843,0.026504191701022004,-0.15285735000060263,-0.019300158589889305,0.03346641660179615,0.12228778723308183,0.08643893266196385,-0.11131691263216274,-0.12906498669453811,-0.09713490932646199,-0.01140612902518912,0.11341276766670001,0.15558546142887167,-0.03814661931372849,-0.15778990872588153,0.14175920495286765,-0.07718379886986124,-0.2089110490914738,0.054395271937691406,-0.09534298614360573,-0.08707890816133762,0.10771286072789946,0.1170502342736867,0.014273530999404954,-0.014228851820881079,-0.02479941993751912,-0.060806068527349495,0.11087386229191908,0.15363085069115803,-0.004406985421667106,-0.038971917669444564,-0.09039048324621161,-0.17098115483743662,-0.047874817618558066,-0.04407757545511881,0.03165208993908662,0.049224522076355505,0.07225855294918293,-0.05079837531720441,-0.06297403522359876,0.008290696619989142,-0.03868896404391521,0.07252603120219604,-0.04230565923989512,0.06979910904508194,-0.04926385373559842,-0.06793711874180464,0.07045811811733374,0.025682224718266398,-0.015973422987023433,0.020159704026456348,0.03677756128183258,0.04761678028581072,0.02992323146966724,-0.0178259749007343,-0.015549741085565156,0.03667278811539897,-0.013985802236975669,-0.004089417787892627,0.005932916266964721,0.06403003810534497,0.1398528596734838,-0.004992575463033888,-0.03768325360549059,0.06407984217248458,0.007511456052484995,0.034643398001080454,0.012442548304585617,0.005911326646596886,-0.018022231186838322,0.020515596083102425,-0.07349795356921207,-0.001384740452682626,-0.0752582610042395,-0.011821127023105673,0.030655467185329906,-0.01992201880199447,0.0219672201936373,-0.011765946236928022,0.05402388497128521,-0.050123867138942894,0.0352616097192654,0.03452141756345514,0.06442814825626789,-0.07311282157033902,-0.031753154033324675,-0.030868591372180433,-0.04118369549883422,0.1037308838790158,0.09936216337772177,0.02213008594231261,-0.028433691645275008,0.04222124394873369,0.025897313733538423,-0.06841899003489722,0,1,sport
53,0.13142119793732435,0.09599890738573476,0.21468564930854506,0.11032345638936482,-0.0013119060043143653,0.08349049137784004,-0.038196858397213304,0.592784204805103,-0.47683507541570225,-0.1777846988818875,-0.034959895819922746,0.013326415270347478,-0.1000509127463607,0.00603679326242048,-0.006700829305947153,-0.05996061161596198,-0.020662194872125283,0.020668170467189193,0.03248029848435866,0.0672248111602205,0.06174399212373153,0.19936203346667147,0.07576155937678518,0.0033249855027355957,0.021584263094378237,-0.017672780401298677,0.17662310722003857,0.039054383723977584,-0.05686580137087055,-0.1122514371149223,-0.02773426733276458,0.08556509452736916,-0.1976237076253525,0.06342228777526318,0.03258100452253259,-0.018781677439017135,0.0033862427731891137,0.011202162760774924,0.03014130426225362,-0.034187192870090866,-0.020181681076205795,-0.0057415931837850745,-0.006832365376958444,0.021969915208008794,0.005295578872894809,0.009213349809183115,0.008301463828642806,-0.009135855199659435,-0.010426122548192127,0.0026345659125399843,6.983398361689508e-05,0.03151459582769247,-0.005166248669443855,-0.00174005221809514,-0.019440847745288356,0.013415342526842764,0.003196743782450187,0.004481811006633552,0.002617467916973204,0.020082225030859893,0.00755073991498355,0.0003471452582124178,-0.009612928150758815,-0.0024707089755906723,0.015135425406366906,-0.009527520485644366,-0.019620920528324506,-0.006508064163212197,0.006025148736318149,0.005788173464425173,0.04438591801312658,-0.01685669660041112,0.011612813867564608,0.02143438698517248,0.00010040371451084209,0.004335427732135957,0.01519732869649621,-0.004238850906057633,0.0036739055717188223,-0.012225984155115392,-0.025415727869938752,-0.005185209354004053,-0.005846457795434803,0.017371254456491167,-0.015297280174972469,0.012626614797989683,0.00015378092618729966,-0.008330792946502472,-0.002076357156279859,0.030265283656281807,-0.006324073244772832,-0.008697060870680243,0.007547222657807349,0.006186290886506928,-6.664429787970293e-05,-0.011170209798159731,0.017176145353734306,0.010168931738329789,0.0039387574740875125,-0.020757813546049438,0.014175442899998206,0.010078903101300616,-0.01220562045268535,0.010670836414906654,-0.0030862569718440574,0,1,sport
54,0.19813568192333283,-0.05968870445666837,0.07178585059326689,-0.10182821013730575,-0.08718086074082722,-0.021095440593907566,-0.008418519372245005,-0.08460485116374375,-0.04083941255704286,-0.12902891296301433,0.007011561681753182,0.01901545389783443,-0.13401166740704404,0.024591721715495087,0.06087250008223909,-0.07099707757992414,0.027420462916960778,-0.030983763762196845,-0.12859316032659446,-0.027196404500910508,-0.03334859096453933,-0.05566229597067494,0.14888087309353018,-0.03857544211883295,-0.0468623069520033,-0.13966674709791513,0.010668984598969809,0.07722722273244453,0.02690300434336038,0.008658141238452544,-0.13891654273473034,0.12455487356075143,0.15703461506935404,0.04511189975346914,0.055567134621130006,-0.1330590450178144,-0.12546923101326904,0.07143073484887462,0.25688809863690415,0.022653376367993732,-0.05615701830139881,-0.14507160927582513,-0.19137143901754314,-0.1437414648351842,0.16028774983520372,0.020018606953588584,-0.06709004821153187,0.07600889579737141,0.08287071459841146,0.0134238810091971,0.3056802555332675,-0.028744935840960013,0.03349034089752304,-0.05144822060224815,-7.413525362292548e-05,0.026592550924542793,0.020116791371783484,0.06577384610942018,-0.06878420010975345,0.09038772270787268,-0.051088047984282715,0.13379541288596813,-0.14547270879969543,-0.0628163003297795,-0.05620191109058216,-0.031311446697076056,0.05736237317015947,-0.0382951003941271,-0.06878845103399044,0.00783234547869438,0.020821575183365634,-0.07008592208802816,0.12480316746558308,-0.09048378719632999,-0.110002015520366,-0.12807942538099368,-0.039115955299111715,-0.14215456249237,-0.07080950772905681,-0.01639568248078739,0.06258045888020576,0.024932439694672875,-0.09477645176142674,0.07832377284566618,0.047868918930725486,0.07627628465509381,-0.035304651662696175,-0.01710670055358102,0.13133238184440316,0.08682666467455004,-0.06272039720574485,0.029937309303524583,0.04843431077301667,0.08354327432383124,-0.03954745263853678,-0.04472283304755685,0.07480227657099037,0.10884731133361798,-0.014460889964198816,-0.042067981189055054,-0.0062276668036095745,-0.16174847373122492,0.013499607292628087,-0.044824643781206056,0.04446176795486072,0,1,sport
55,0.3855289028569974,0.44154603712867424,-0.249909932165576,-0.048779988093670866,0.016367584254818147,0.012616789715958759,-0.027727614418913908,-0.03092227118563112,0.003116483103479257,-0.013466042237273441,-0.09577201874609176,0.030127940258078807,0.01537404833328136,-0.0502734225280281,-0.004305100517672869,-0.010962751110827578,0.006715403965434584,0.03334002106299139,-0.006743176128068244,0.012011017654304075,-0.02771343615357205,0.049264355573508015,-0.039591995360576074,-0.10097294787027032,-0.07380190726994657,0.04143281192557134,0.09157293348361949,0.13286897044992022,0.10900969527616707,0.04766374123093888,-0.02100980548317613,-0.08418267090358662,-0.006689634435227377,0.010736210039514905,-0.05664017864646706,0.25302425771990317,0.06267771597808419,0.0836426533444402,0.1940445456534919,0.03816359961747737,-0.07350808534074822,0.03778736804068974,0.04907310798976527,-0.14881799374867774,-0.025640765780903726,0.14773992085122062,-0.03752015444394812,-0.07506412696916517,0.014875027331375778,0.028770789233285216,-0.060719520148949255,-0.006613228529495671,0.0006659344056787343,0.04259790525151035,-0.0034772694939947907,-0.03559787028476633,-0.016288151782577455,-0.056331093248506305,-0.036678773330019745,0.03434940348719241,0.14745597695297644,0.03057963801989222,0.0364864717256246,-0.02197867797763908,0.02032182449556491,0.016262725758483015,0.047548996021310456,0.06164900924020449,-0.012665976887426303,-0.023320072895115063,0.006443166316729927,-0.026248696843149184,-0.039246983952297324,0.006873881640655338,-0.09042004138734255,-0.06287761163970353,-0.03486752929616773,0.06992452555874876,0.0661793657838632,0.05213634710854198,0.029048863050688593,0.006147611450726027,-0.09028816484370167,0.02663785870608955,-0.007548796951584642,-0.0035208442358974435,-0.007905387358581305,-0.029912310492866096,0.011015294012048133,0.08015324674004426,0.03296293512169394,0.05389549409601313,0.00173258212671499,0.018962544026832083,-0.0058187139028550655,-0.038698332619875056,0.012174478220179275,0.04450136309593455,-0.002578987208101778,0.04012512418661658,0.02199882763136819,0.0076446233857271825,-0.09506066357261381,0.009127405306586326,0.03998961272258406,0,1,sport
56,0.37363678536120914,0.3975827258686425,-0.24423848159385103,-0.042412022987965495,-0.013406964311233633,-0.018920423576659875,0.015665072168948184,-0.03278823132683534,-0.0005966369989406454,0.008191965238828048,-0.1772510701849605,0.04372269475945546,-0.0029573591043401165,-0.020604884743801833,0.007712288252619107,0.032872127977109034,-0.0027911374043888353,0.09120956685755355,0.05589479239491086,-0.026547479403590386,-0.0319616448098562,-0.04592588239873844,-0.03700846117315392,-0.05222353488888509,-0.046313998541574065,0.09804571865275989,-0.05315767948728024,0.03994401992514238,0.047083626052620245,-0.030404648955082523,0.03772041332146766,0.05666350066242882,-0.058010009981340975,0.06440791166973564,0.11827865606413987,-0.26521179716878607,0.017404092695983652,-0.009337232921908013,-0.10491793926815543,0.06913403596013006,-0.21855831155194466,-0.01340747035879925,-0.06632958394612602,-0.039736870952611955,0.08422191596976364,0.1213934040028295,-0.015582612780510695,-0.09319448318329727,0.009831854241982494,0.08633368765526622,-0.04510285124428109,0.030691811866238775,0.07657310894874951,0.024069795305776236,0.027153136565035207,0.04170587059075916,-0.0387649063898477,0.038435717736076784,0.006408675210348277,-0.04592873698639253,0.020584366982437943,0.057916368582107594,0.07769594962788282,-0.08229551806573646,-0.09368635997749442,-0.023813428248679994,-0.026247707320130743,-0.018505783297742343,0.12042150195508945,0.03868218418093389,-0.07403968223120075,0.07459406514065899,0.014323482023211452,-0.017934251769939735,-0.042253218519934826,-0.05231374084465578,-0.020680021164868955,0.003919538955571125,-0.005968768113150177,0.008674434921882484,0.03925196751102861,-0.03497072372618349,-0.0046930615907207224,-0.010744154137186997,0.046188987613359794,0.013102272778175135,-0.06732179977148005,-0.06742411959015192,0.012563745552395984,-0.03726015548605148,-0.09016772939562771,-0.09427146916384288,0.007956236910007622,-0.04655762126077957,0.026541768696650123,0.028737466132266798,-0.0759316021098627,-0.03537907889015172,-0.09421750880838832,-0.0018340761564297986,-0.004778964256528792,0.07139328786773191,0.034469838504721406,-0.015244334102957651,0.018199357708893093,0,1,sport
57,0.16285928596938842,0.09886199427840874,0.181068699117515,0.0925843867503928,-0.011991494176425505,0.042896629825978395,-0.013303791902780887,0.37462476987789045,-0.2871998655614926,-0.10757640841394941,-0.0030668747800879316,-0.009251151478180914,-0.055222234447073304,0.017799928754866915,-0.006987627035625564,-0.013518738416014565,0.01537052905720718,-0.03998617093847697,-0.010024906706470783,0.020279635273676447,-0.0004297209917887482,-0.08341235716814388,-0.0581887409360854,0.0005184165159513686,-0.03403725932069281,-0.0006547848869862681,-0.22462513574154575,-0.019831025902040028,0.1449254664260253,0.16746375365248647,0.08228169430885436,-0.16365715714530094,0.41924614183111647,-0.16927192456444587,-0.058417995076058,0.047490799903316824,-0.03512194680000672,-0.07315483637661918,-0.09355237113313765,-0.03053515959653421,-0.09587811287672016,-0.11047565079051005,0.06563914855072003,-0.06383035549933237,0.04840756593985993,-0.03466732574571331,0.004229230054346974,-0.011546488587856799,-0.09863984690350769,0.004243631421819597,0.005579033035037811,0.1997297389161735,-0.03764906672687973,0.034585472837931105,-0.09245368462728172,0.016971876930835423,-0.09441332529921105,0.02506916185786442,0.05593121699332511,0.03297034880479886,0.05679582329366989,-0.014000110882835617,0.00718837245477851,-0.0326664515119054,-0.000650403774380015,0.000501610770209196,-0.019748032082258157,-0.014391395719389742,0.020599834069218562,0.07257072602001095,0.08925487940682553,-0.10746206617589055,0.011761801406744389,0.07682602025866601,0.06498254586636555,-0.08074051993031102,0.012686339831927513,0.011274567213909521,0.008016059978086633,-0.06850830424906773,-0.05689001755414214,0.021819034771376495,0.040918202675334844,0.03725486261093981,-0.04943228540555849,0.040147769457442944,0.014588609306681662,0.022404881717853205,0.012453845681651102,0.027544516807830665,-0.00749473684011167,-0.0006154705253218795,0.023505155272711634,0.004189371757616193,-0.010712869799471926,-0.006058489971298468,0.0660706962053937,0.024171822740831538,0.009566777893366404,-0.029664562578113226,-0.013599461483456391,0.0068499337591328355,-0.008657858775158485,0.013459190764463539,0.0073314994891542085,0,1,sport
58,0.4338955010233039,-0.14988041060397478,0.1442353686390615,-0.2250915544521671,-0.2358306896953033,0.04807083685043533,0.014115169365699442,-0.15572961670300278,-0.0748237078938938,-0.13029967334572629,-0.10848562980842835,0.07452238849244167,-0.032858534049992935,0.1064709447805191,-0.06803185654276761,-0.21918411050752662,-0.06033452022405544,0.03991582163147666,0.09732542594240211,0.13694889065485458,0.07719791595881574,-0.12997145945430058,-0.054280095370478926,0.032146960231777606,0.031367940763326954,0.050172204905836695,0.07628982238634728,0.012262051620571106,0.05283365743969731,-0.167796662815775,0.10766586505833216,0.07043862213223091,0.02981313373979521,-0.2091602997753889,-0.03475904248199992,0.018593241919425386,0.026680107799687148,-0.051746748218642565,0.031851953706716174,-0.0057798807531399005,0.04403084258431671,0.03785857870118381,0.08501418829757623,0.016290147140374075,-0.062284625435341835,-0.03720796142359092,0.05959265916671532,-0.04082378073104571,-0.016702305591161985,-0.05839396039346903,-0.12699304366528943,-0.05247683313614154,0.028264760801476708,-0.017582521016584213,0.11471564960648963,0.0008699716471106682,-0.08946871482760956,0.08424036666777229,-0.030388447905461476,-0.020333903877947156,0.03171820728168759,-0.01171211804595503,0.008449935175081257,0.009444219008516382,-0.003751371784195124,0.02499076926102794,-0.05736318017320306,0.08888579841475844,0.033705794113564516,-0.04558516609936308,-0.0435416297337916,0.043422247005827905,0.025808715491118375,0.014270460659053213,-0.0035966535178117015,0.037901049005492723,-0.02624939911149631,-0.008196275473756042,-0.05099495386379498,-0.0029346518515375565,-0.033732952584877345,0.03585577243010566,-0.01290132231877262,-0.0032943132683621924,-0.02280258482544538,0.06389604691404817,-0.05540656035653172,0.017803396827615472,-0.005793491646623589,-0.046987133010380044,-0.00856073287586271,-0.04214732602298686,0.06415850198412856,-0.046538366754408984,-0.006431699945819453,0.01742654598438092,0.023088346055630836,0.038592389242652084,-0.05215318752417309,0.0322609907808324,-0.034514103291475855,0.03223339258039347,-0.010666747886445982,0.001043913024797053,0.04975011827048764,0,1,sport
59,0.20008543813406288,0.10077717356034045,0.026499056842787902,0.010252404705627546,0.06956708440271915,0.05214072223717509,-0.02390292102181122,0.0258511302397969,0.023790941950527316,-0.005291349655529668,0.09021767819063839,-0.05012590985633524,-0.05880008868239009,0.012073956248309358,-0.02848136952118718,0.011016992480145217,0.018460638966259726,0.6732655573105103,-0.17127174742506776,-0.24920538999075192,-0.029216566139632444,-0.0784968492391791,0.09436557063920017,0.04033920958490109,0.07146996474984271,0.03322572249527549,-0.02423734489471249,-0.06658812572155759,-0.07402650358461618,-0.026253302909848994,-0.0016817615536302826,-0.04562546235702976,0.02178294250932249,-0.09221877606023268,-0.08789516079578029,0.02817988176583175,-0.03053155320748538,0.00623934073005046,0.0021048116450778746,-0.004317960336491684,-0.009873006875770092,0.01735436631714839,-0.0021069398089238445,0.0022874038591807985,-0.06345379425590505,0.02761526530206272,0.04980737287036403,-0.015262941535881244,0.02224498668004341,0.0030668412170695666,-0.0003479993057556044,0.0006901581000695634,0.04122763761073938,0.00678251210421285,0.005603304459241397,0.023486458208043594,-0.008062308351803051,-0.0071859755769978235,-0.013347841933890154,-0.029601510005927915,-0.03981927078143198,0.00683103113348482,-0.0004786295886500259,0.02478010770284943,-0.04372431046471164,0.005681814444651137,0.033986268120345005,0.014502018013736519,-0.012794265892101421,-0.0024168254970493956,0.036667988435112576,0.04539541290989757,0.02213778485147841,-0.007853787199456914,-0.01736080853796024,0.027250222040036864,0.0728880226977699,0.01801219840414301,-0.02474064332167179,0.045850877102110735,0.0938673857569368,0.0112863462279158,-0.04358339863325643,0.024010448848478697,-0.015293915087045465,0.006398172602156028,-0.04409763656073241,0.07325874557742389,-0.08763779003244533,-0.005013752155198431,-0.001188993943291151,-0.028999825945609153,0.0026509875983444374,-0.00832477267293514,0.07033219922220361,0.07255132827992067,0.10738255708566903,-0.031507635237498166,0.08888768182171794,-0.04694501124775508,0.05785708311953453,0.004096556115647766,-0.028001724676153764,0.028774959741326333,0.03311290289246381,0,1,sport
60,0.22787599818926965,0.107918249622135,0.27681803787018106,0.09277600534976896,-0.002079704057118199,0.09315889790347302,-0.02881235829395314,0.3762064129045582,-0.20897422994435091,-0.046332576164791396,-0.04581699693233655,0.014093078490201286,-0.009012453381345606,-0.012978052847858313,-0.003795937840132667,0.03353262091948318,0.01723602383234575,-0.019240506370668386,0.0021111393759840206,-0.07621305266027434,-0.05457030485297054,-0.1830984580348237,-0.0442961942159352,0.004607569983209532,-0.035893893894847,0.025638319861655774,-0.13356882331115705,-0.009664656200066093,0.037590584988574066,0.10953827181009636,0.033522231287084314,-0.10286221171647045,0.08082276180816207,-0.039331163277987025,-0.030236655978715887,-0.032632358291511544,-0.020363489778711094,0.002111331383347368,0.04330344825161466,0.06380368991800553,-0.0014493440958204817,0.053731840847549624,-0.005216688060742091,0.01320503500230588,-0.03138636318516334,0.054032342556900606,0.017784240737434766,-0.02604883620332448,0.05594261634887306,0.01517139619231139,-0.03961356030630651,-0.2242955198142593,0.016899188419437508,-0.030108474979935327,0.14136406910338678,-0.0339678952242295,0.10098793133106228,-0.05398242245707562,-0.04121254346358591,-0.07608048522805179,-0.04215842277695062,0.04187537730633824,0.05325734194037343,0.09217020433777441,-0.06355477773360839,-0.03196114740287567,0.031126787880504832,-0.03179213607808458,0.0012673534096254635,0.034313186498862225,-0.16586082500162985,0.14957435886476153,0.003861599960563984,-0.0650569418709735,-0.10392578468580749,0.057042735497082886,-0.052610358529285695,-0.04079887374171295,-0.006182300231050757,0.06593111219150515,0.15011142533128843,-0.0346061095728804,-0.08897347506179001,-0.09892485775993007,0.0911573260156375,-0.10145862982712299,-0.024698221093158307,-0.0025698434952157612,-0.016347195570192163,-0.032764683273889636,0.015966143625553892,0.03415597211874032,0.06697586776323797,0.04415715419958033,0.0067762007216042,0.048509281575481254,-0.1352203694769344,0.04444921130216557,0.0014899795354858252,0.04593735975665634,0.06758749936299066,0.00123284332412383,0.07444442846321016,-0.08621262979697045,-0.023694806366917072,0,1,sport
61,0.38003444483970567,-0.11311113825979682,0.10359999316047275,-0.18254272300632027,-0.20639235545411735,-0.08071686574579652,0.005668792037590218,-0.18150891932684762,-0.1407148898202225,-0.20898070317421752,0.03001814249158551,0.045254277496174805,-0.11260685484292667,-0.02425805606213322,0.04418671157868968,0.0005473447162092358,0.017499409813516803,-0.036090155671889584,-0.034607891287675045,-0.03347326754800279,-0.008191950086061158,0.16230130617413582,0.0012826294372496748,-0.008958553212464486,-0.08253821027687042,0.12284113260468639,-0.06933651663990945,-0.16028578949883085,0.03579740139879212,-0.009500680315584972,0.052233560279311385,-0.0011624599030530755,0.01925626841340427,0.04292312630313853,-0.0012847775646029668,0.06653823504916212,0.011354195917733628,0.03637589712081651,-0.032390390383729636,-0.01941159246584062,0.008196172724537237,0.019688387206562095,-0.08317151296763921,-0.02993299510477902,-0.018141076229759075,0.030367141670051438,0.07756146327054303,0.06450911137619468,-0.036360760342552145,-0.06371773682393912,0.07272898738534811,-0.036326441062613214,0.037455784833930895,-0.050323671856805634,-0.03878123850361753,-0.0007331884797497659,0.025988083390285972,-0.027458091097524295,-0.01810168227163676,-0.0009359827173551006,0.01745999545498041,-0.003104627377674974,0.08165286129638903,0.09190880317817793,0.00933755001816209,0.04360946282808115,0.07055979219005312,-0.06968207834866946,0.003236111756625943,0.0023407537323772414,0.019153984891474095,-0.0055226206819426115,-0.02242284386227863,-0.03647939245940834,-0.0019370954882882243,-0.05490650386317328,-0.11722681054436812,0.012164681011664093,0.07970821728858052,-0.05329764137642791,0.03200538997337389,-0.03798312514745261,0.04485874190462645,-0.04238533055413446,0.020625606478804116,-0.054313697361945856,-0.08446940784049944,-0.0023840320942836593,-0.04769619796220806,0.09526891906749248,0.12256988218919648,-0.015346228344334743,0.12535967095741393,-0.11077744582828339,0.05912414870119158,0.02950516169652444,-0.12662637659878487,0.1489915303117529,0.03569803644263284,-0.10786226858480567,-0.07024899371198781,-0.06266946103698808,0.16355121142586618,0.2109844870033036,0.06180228992490813,0,1,sport
62,0.3082362671047508,0.20299460171906142,0.4627994939947727,0.30839004792045904,0.2421042804107538,-0.11686419803808722,0.033623885539014235,-0.14232748962001873,0.02496174634776543,-0.01508471271372892,-0.09489732753754833,-0.004810839449226296,-0.0016488357415755787,0.006374392382406129,0.010712930538981669,-0.035660964713776576,-0.04079490456643662,0.007371776253964151,-0.0011861548558158702,0.03302136498260068,0.04626356482640504,0.06789003172857627,0.01333861052352943,-0.037765129901135217,0.027509477797057903,0.05518425773233907,-0.033413949085707384,0.009860042382071433,-0.017234589343018438,0.03987573429994568,0.00727660785133551,0.04714599031180423,0.05722076440981969,0.0260181594123348,0.02739440292536293,-0.007355053942349597,0.05446119308740304,-0.01571071180058314,0.01688945154316957,0.12222047376107228,0.044427834174619096,0.021560465476007065,0.0076301614118631,-0.012435224784704317,0.03370277768151065,-0.024445545347568834,0.03950813646990019,-0.013278718252066465,0.027851887928829852,-0.044832593811387524,-0.08048458129468823,-0.06965467449384499,-0.016444552353301434,0.0409009530687135,0.0060427288933508115,-0.037685026160594735,-0.000812352153146224,0.049620509330180404,0.00643882427583301,0.015260092240380921,-0.008087444370057225,-0.012817021240072734,-0.03730387184627346,-0.039824708885468865,-0.0026825098484159226,0.03450029108442556,-0.0031157625211113774,-0.0323418470907239,-0.037905175369120594,0.005322164799800067,0.03876802310804695,-0.016160942777326808,0.049048638926182005,0.026149441140964232,0.010578216028303193,0.05786960100330021,-0.049814179873752765,0.10198639055667542,-0.016159084916542273,0.013334636740241691,-0.0947028048111912,-0.0454914810694617,0.04184441347448502,0.03278109380600422,-0.008644173620946206,-0.040629411655553324,0.018896069592576472,-0.08910237864867178,-0.03899461830884789,0.10634614633196218,-0.1181913365000068,-0.11983192107066522,-0.009282186944982267,0.0716629833999973,-0.005279431878228456,0.018317990660040844,-0.08506498426608847,0.031567135230260654,0.005835004976324494,-0.046247247705723284,0.012481128128062262,-0.00173888172940264,-0.025042428396945118,-0.004355941073529068,-0.009041512395604722,0,1,sport
63,0.3193802540787483,-0.08222292194354242,0.09662505153690715,-0.22092959956437802,-0.1789623447908729,0.023690999424493802,-0.032265734032122954,-0.18565933908930105,-0.12418032026604103,-0.19398342314498365,-0.035311822784192815,0.10142843531177718,-0.12334519613015228,-0.006895415419030507,-0.010125586741175748,-0.18101460288144755,-0.054499172263005165,0.09732997724053945,0.07163995590377598,0.1774619909944523,0.07717608126543232,-0.028918859760742512,-0.12713071483368582,-0.00765731109445574,0.04103323690255883,0.09582650375379148,-0.03738806229573924,0.01174422805721296,0.11327731786482378,-0.08975705302601328,0.08435173536263084,0.01340186450651757,-0.0020380658500713847,-0.16381761107386003,0.09180038144608273,0.02761810243184037,0.0844848193089087,0.050928327121145714,-0.025178135034737006,0.10519580981110507,-0.05205579472973185,0.0690766152800754,0.0354677279326973,0.0664127284751888,-0.022941390391383813,-0.024279932983386304,-0.019786688308065625,0.021322659306334188,0.10991937089586404,0.0013870394627494575,0.17699513400412126,-0.02396775253054772,-0.07142174834550635,0.035535384754634414,-0.14636711293948276,-0.003766819794377949,0.10515682998990432,-0.08932685298877574,-0.02422479520181107,-0.0023456955270647886,-0.0006823653067326341,0.016028607548248617,0.13726193197360181,0.0828341400665337,-0.0060712993746814825,-0.12515051901966914,0.06728610100033959,-0.13305751992983417,-0.030078147467569732,-0.08960684225736715,-0.025707845421208502,-0.02699600736821738,-0.08101276371455188,0.023386487798954952,0.02349254533820995,0.01323871602346305,0.12237882976168624,0.0788199276768875,0.0446929061876655,0.09730700698185071,-0.09470665803093259,-0.05001782665670103,0.06204037116974564,-0.005344358475054751,0.00782989428392924,0.0007580411805499172,0.005855773465824287,0.03181234703307669,-0.06098635739972329,-0.06119189285574974,0.0034631546526794742,0.03128607815172946,-0.04332328019205538,0.10066812396284816,0.10643643942539104,0.001476555299724018,0.03002211077499821,-0.024411996296735163,0.007294046289663994,0.03017803747832945,0.02854388847665873,-0.01923836778963867,0.004058758012684199,-0.026102859616772906,0.005099198774809944,0,1,sport
64,0.4346288946140346,0.09941470888625334,-0.08656831054254972,-0.04811831537557033,-0.10457425148220784,-0.09311696607289208,0.05116953353877116,-0.03318391872308077,-0.01199520583411186,-0.07024352699374325,-0.07369315071146193,0.003361233208196827,0.06141802169244844,0.022556305908918228,0.005660894399828717,-0.02272183496410746,-0.04605320223203985,-0.06429663612944073,0.03616521351862739,-0.02959372548518533,-0.0003148431613709189,0.03111604377591988,-0.02766909191970961,0.023098859217083094,-0.03196471747298166,-0.013816275233146358,0.028242580891412624,0.0006663756510980634,-0.13364188470998198,-0.014152015689854516,-0.015081069973947226,-0.05782255455122518,-0.04764507350176437,-0.010010855615792433,-0.14615840051050227,0.11322333734011404,-0.08837818165821337,-0.08286293827344005,-0.09488714731211641,0.08866521950757587,0.08095002777359313,-0.09695938336113726,-0.013573016976897494,0.0012089273317036318,0.05179276419210955,-0.12933234638520508,0.07644250773806312,-0.05233905186857378,-0.07674391867688353,0.0017115850734052314,0.09412726759354823,-0.056403812749308384,0.03401700348779002,-0.02772785865569823,0.015643663150129623,0.16386592309069808,-0.035297566563861904,0.042748960977350654,0.021134194499343645,-0.11962733758005409,-0.13039614867549487,0.16930109837412682,0.0001374185010974277,-0.03531316842624902,-0.06977678406771526,-0.05279962820003335,-0.14996890136721178,-0.10355446860358095,-0.05826701410164053,-0.12183453417037601,-0.015602803408743053,-0.14201109612365612,0.03127694932230779,-0.04434459493883589,0.08188178250883364,-0.09107099535633385,-0.10721441579464852,0.003123003085603711,0.002783252044810576,0.08006354966972865,0.02157689368577346,-0.04588702767521723,0.13525414727278098,-0.18164249849485853,-0.0083865614456852,-0.23541786683104904,0.1124358194246779,0.02569770735126703,-0.030842449219362623,0.05125975284588288,-0.043247851450461415,0.11581416287410146,-0.006017074965212893,-0.012519158724048442,0.018378003734938406,0.07519984219910902,0.10948532410257525,0.03849257727315898,-0.027230499458130157,0.11066753541215481,0.1801967842917656,-0.013965054938696118,-0.0059579594508909605,0.006252323247694511,-0.07452577212432236,0,1,sport
65,0.3820312818621864,0.5197380263606507,-0.29319906654442174,-0.026405148898990885,-0.06963786976648066,-0.041320784656084485,0.022583307741968803,-0.03235491854397534,-0.06218088199783566,0.03152566712465747,-0.23575197180167318,0.02415785980564937,-0.010091133020409145,-0.017995790583194823,0.023652768517705536,0.03263099612346292,0.022676696716796767,-0.03439768782374307,-0.022949798945599495,0.015563014412953121,0.04259409166856358,-0.03389287690788903,0.03987701723311812,0.08410797533358427,0.05864504036259984,-0.06915561128169961,-0.06493262465329142,-0.13000555076484172,-0.0704711178778234,-0.00909807417352718,0.06163049226303708,0.03667309267774765,-0.029410669543198778,-0.04272081891375459,0.04386461961699769,-0.11176800796241745,-0.022147782245325747,-0.03765681340281957,-0.012000216279993557,-0.006833818199665918,-0.09995409491547269,-0.02241316788097146,-0.018490281296666838,-0.022837649387693386,0.10282497260441456,-0.005499345038887464,0.08389762917330708,-0.006762236274604605,0.02334041167159178,-0.013975473701747877,-0.059879426187509445,0.009401843997806393,0.0049949830206894655,-0.004936104473739977,0.03413871838552723,0.006254748286916911,0.044635624858408295,-0.029063847285850427,-0.017763017099313962,0.0537783232856318,-0.02312560028928866,-0.0571445882479029,0.0018861138667086996,-0.015699024793559283,0.011932772583314257,0.030867613138993027,0.03267182684181317,-0.03289279959606253,-0.01234369838048615,-0.04159386017007146,0.0212428369117057,-0.028803228739343732,0.007215738608717257,0.038086964955858844,0.0371072842772859,0.030085093134855825,-0.02734026355499347,0.04773396189619229,0.07294171057653422,-0.0372426797059203,0.011128483229347307,0.037009346196627484,-0.07840189367988025,-0.04947125989096694,0.006812912822079617,1.7887835855519415e-05,0.011274313293569344,0.04167626496569736,-0.026142707016610752,-0.03031812329032867,-0.05263703814503244,0.01745337070812858,-0.024028738320645796,0.007328189837768051,0.06790142211689727,0.012647049867314115,-0.014330908345637727,0.02324656957568502,-0.012574051285429854,-0.06352607224314166,0.011769394249350279,0.04787745125076723,-0.007010575351255333,0.027663305383823836,0.024796933508236686,0,1,sport
66,0.13808058610317372,0.1202097875852612,0.21694642321649896,0.12100639059428193,0.0097290763797144,0.09321041423378541,-0.04241023960772054,0.5752664244157785,-0.45370867814651566,-0.17608242293230325,-0.01596179529723549,0.015108828609433122,-0.10082708546179173,0.0052709331881709435,0.007139314275892347,-0.06682319396908586,-0.046204685579630964,0.02720122685289479,0.03665053430682427,0.06491008933903686,0.06462121312402097,0.22991125825053838,0.08832099120180276,-0.005502332088454017,0.03489218511361355,-0.025254751179337384,0.21245146707402654,0.0382808178896964,-0.07452187628728399,-0.12678281768684857,-0.044284942783424854,0.09716313469698677,-0.19890897790482093,0.07573442458445032,0.03883444359508065,-0.044065048334243864,0.000939194827285409,0.02065737289280147,0.01269414696797845,-0.024524573460850144,0.014203068260655649,0.02194300875282576,-0.01171571520671093,0.03394659620391634,-0.0069918002143132905,0.018930594388174668,0.010599070212923188,0.007724527139383019,0.0020997465898816192,5.1689944287881964e-05,0.0016639124051450811,0.019424933495970385,0.010399662027712071,0.0018844703800519978,0.0031351324013032607,-0.0013616512888080757,0.0012263214395391055,-0.008943149348865895,0.0016105451960767114,-0.008040568692213295,-0.010347493803884123,-0.0018822640910265377,-0.0004092371829282599,-0.0032913410736730266,0.0034754000774214616,-0.002356608597557933,0.01035058128893744,0.01255740851927557,-0.008427874497552425,0.003562864495076483,0.02086607444737237,-0.009602789485177296,0.002900460561133332,0.0015638675787379183,0.0013855780443423464,0.0020750840348417276,-0.007598918857759537,0.015251440211195405,-0.0012511154935030302,0.0010865487547401056,0.014409586944605184,-0.0013673651310815718,-0.0059697418726984966,-0.005889717036378838,0.007028664171655149,-0.001202472317712785,-0.01137924485490485,0.023651691561688726,-0.007738708652539154,-0.0026936999679403424,0.007933699598758044,0.002042065251867685,0.0011256781899089715,0.005404553134172097,0.01801714720384338,0.0010495902420192373,0.027598357282087947,0.0044267357808617114,0.001154402107387206,0.0010641919303657314,0.008895987643554384,0.0006209877505778202,-0.00705189717719909,0.01880916111561517,0.01316165588970614,0,1,sport
67,0.2965734588695661,0.2756972942091931,-0.1702718004859652,-0.01621693438145261,0.06092419296255455,0.03424959276754702,-0.04617510547341031,-0.02656927855357893,0.015865892191676292,-0.007690144577195234,-0.0496141108129995,0.04450099982551792,-0.008347023932200786,-0.02172759837775933,-0.013215754744069518,0.022115011550946837,0.035976473854550134,0.11618437363200108,0.016967496850709526,-0.04245177539177537,-0.035464568964661596,0.09209021979018249,-0.11454443319784602,-0.18533361803650023,-0.1276245321499556,0.16285136546997292,0.058894657231605196,0.28729798208843327,0.2597017242004174,0.06023568141590119,-0.017498068485373077,-0.02399941787996059,-0.01041019481197769,0.09841310708780523,0.07908283657632158,0.0009373017547823133,-0.04438641551507525,-0.06115989989151804,0.08788924507890997,0.0299872054839979,0.10970217710320271,-0.1360186352911305,-0.02054075197055577,0.07390658493407168,-0.10752295566329635,-0.057593724622287366,0.0646601598989735,-0.06940103229717143,-0.06315057312389422,-0.03333955935332961,-0.07233778914108131,-0.030477324188594196,-0.044040500262337245,-0.18812772651203621,-0.12011952498171878,-0.032342197524555576,0.06501416136612155,0.025291364689293244,0.011341781161025135,0.046296545034592525,-0.054052703949502165,0.02110813107345757,-0.11335505043969615,0.13428629209992984,0.11836668072263797,0.04154284378797506,-0.044653750358842476,-0.05525679941844872,-0.027950223962942708,0.06763931757267944,-0.016146507109965295,0.028765518781765788,-0.031388826572797096,-0.06287380171878969,0.09989276058474728,0.006759041138883938,-0.04973042189318039,0.014386726896465312,-0.009923867051339153,0.037818638286200836,-0.011671489249254683,-0.002707537666883225,0.023757460895676152,-0.05212219656073231,0.005954374092229217,-0.052346000271365364,0.08797013813151752,0.020960907067653068,0.015056804005759705,-0.03764084371261658,-0.0006994507253708558,0.052928869621483805,-0.07143624890542312,0.0723807403601009,-0.07058819598259113,-0.02852653235052674,0.09636364320682499,0.03173696195475559,-0.0016332937888396645,0.0036959020110940185,-0.0399294436835647,-0.03868710647668609,0.014744856706640889,0.08616480788866855,0.056449260200352305,0,1,sport
68,0.27837359956309987,0.006977154527391537,0.19509198551202836,-0.11794395789272996,-0.11055638591253021,0.21586161174795077,-0.061919416494018734,0.20303150036814557,0.09718552655968488,0.14908435658153688,-0.03130673403931166,0.025203342384137677,0.12406398170081953,-0.009632198550279702,0.011556853665696084,0.0864279507559917,0.034668985696029345,-0.11403830093775802,-0.001473670472061173,-0.1172400276617931,-0.07346069000717977,-0.3178025874324402,-0.10987174775393872,-0.010704018070334075,-0.10307780127905908,0.027203948030204452,-0.1411053898842879,-0.04674517528300961,0.05886233614581061,0.0937540947196259,0.02083828884943352,-0.06899540931618654,-0.18519850784958833,0.07742837582350712,-0.07142685592960119,-0.012908814876116042,-0.014885541836716054,-0.0021883628964156124,0.06201304248688228,0.05652559608935657,0.06539796542584585,0.09901522417889301,-0.1539677861288676,0.037612285915460585,-0.04153520233460866,0.0030579446809950884,-0.00676613583171267,0.1298621009684985,0.05167303200280539,0.01043230187251174,0.059664725491534606,-0.00936350109315069,0.029404382890378958,0.02335602922553643,0.05971704657593482,-0.03992998444729066,0.0030726269282270796,-0.00837457895826113,-0.09579716202241001,-0.025247975862182224,-0.0240254427448114,0.03379961744198744,-0.029426918505844023,-0.019991830867135088,0.08332902656332558,0.00870336337202043,-0.04604909030844733,0.06997179637908325,-0.01597336264183772,-0.1544271518059374,0.12947088302955498,-0.04385024106874383,-0.007305229486386231,-0.02815558798552749,0.01972709874435544,0.1047341989107419,-0.006810369447205775,0.06393644121406661,-0.056194666310277544,-0.038658755417748124,-0.14745961198734817,0.02242016231850371,0.0836736024992248,0.025869682777708704,-0.009896562783164824,0.06202432359032477,-0.010187929898220472,0.053211768633333524,0.005836655655111663,0.05625994533389535,0.05204545197371973,-0.04741780165134216,-0.040696559741644885,0.009030861459779159,0.01112182398152488,-0.03288653602476365,0.10827013897972829,-0.025775300642057856,-0.050905200061473754,-0.0758371957888131,-0.0015259094336970767,-0.012015860156336006,-0.07015898882043138,0.024680956456029492,0.07832133985411173,0,1,sport
69,0.28918299636360156,-0.10680959847873676,0.11287359392049953,-0.19587982810017066,-0.17649460762596883,-0.02392302298529342,0.008067740212330173,-0.17890329151838924,-0.10749605514042034,-0.236358697188412,-0.044185170325411714,0.04098961865129267,-0.18350237902209085,0.03725074719315522,0.07303285175912505,-0.31423142468585846,-0.055112579803710045,0.10243850459233891,-0.06594812742000702,0.07490315619176476,0.0009504018416921802,-0.11421590588142809,0.012441853940728491,0.08931765967277656,0.06866746640083275,-0.2747755011995563,-0.11071983397507712,0.23573917267336034,-0.04016821280917142,0.18802417484437745,-0.055179553395579645,-0.03449907646522223,-0.0014750378069422082,0.23201236577621825,0.07346685043369175,0.008977001552605151,-0.07085311173543415,0.05379949597346362,0.024335914478235313,-0.07880604254598074,0.011337384288989377,-0.05013061627320414,-0.07683910601080769,-0.13962649627611615,0.02054273482754721,-0.005142510032527858,1.1924478357317045e-05,-0.013938113861093573,0.004147978418206718,-0.05534507952149316,-0.002443025256482331,-0.04490995315043631,0.00995420948866531,-0.04122242394140746,0.11786836108158874,-0.007232447677913262,-0.0034959788204279546,-0.006893210326440278,0.0461539875371396,0.05272155398643424,-0.022943976835151255,-0.033321658166174585,0.02095428586889262,-0.04733448825205746,-0.03182546660283187,0.007569772994074623,-0.04670860010794321,0.010531210842863724,0.0012217864843604676,-0.030744133030239682,0.012595339443968907,0.03611059818467891,0.03996104094545707,0.0002722101503687101,0.05603967113212002,-0.005261397456873845,-0.005662433434990967,0.058431272386143755,0.0177765505355475,0.029479933513131763,0.04113026267120671,0.0777543929948678,-0.005522612922621396,0.046586212910707685,-0.007482982019271528,0.0546519090679555,0.013449019084828524,-0.026382685844096754,0.019081719431113538,0.005434639221799052,0.05933006348512096,-0.06730215321185175,-0.01953730381047633,0.000864661172067754,0.015061125821367932,0.03339288770112637,-0.025473452483237798,-0.02925858982100758,-0.03063647760819942,-0.027003452294218105,-0.0376321392164596,-0.0014170844869918278,-0.032185254015867484,-0.007987074940346041,0.016933265716359752,0,1,sport
70,0.23169183055485587,-0.09913091370927284,0.0793786081410125,-0.13431042104926827,-0.1480613928530562,-0.06832664208688424,0.013390546924118354,-0.14493982015029128,-0.1031731737742223,-0.19172717562250588,-0.01965226144298712,0.027079887550144295,-0.13222176597601026,0.02785675918559954,0.055205300827640885,-0.27996379414611655,-0.058565062298434487,0.14973154681743459,-0.053349116920178824,0.03875385469877396,-0.040947005603267424,-0.10211801512172312,0.03438318489465351,0.10157286678516866,0.07945183113129847,-0.3073180910618501,-0.1760701338335867,0.2456250955939743,-0.10371253644973193,0.2562580753141305,-0.08410150693629036,-0.05861207832382322,-0.054484212383746775,0.3255967115912672,0.0834293072908713,0.030957313045341304,-0.059670823647655455,0.028552722354824266,-0.030410225907786997,-0.0804385771676362,0.0177867570538764,-0.04351484211856412,-0.08750756829690985,-0.11561629636142998,-0.018633155913135857,0.018319067657114982,-0.017779857687394287,-0.027433602698946083,-0.03202588765083022,-0.06097898719038259,-0.043654383546163314,0.0047263066612136,-0.006510432115367923,-0.020843487259957095,0.06617940151941777,-0.001497018741741468,0.017570808035381483,-0.033258420132811765,0.10134291758984536,0.02385346247049162,0.018949535260076433,-0.07768084115050271,0.03090025200960384,0.002196771625583122,-0.013331240158935952,0.009905940443197732,-0.027186410010639084,0.00343289347817895,0.03699563079933784,0.0008599997386205165,0.022896803388947583,0.007493539430834681,-0.0037398624488751446,0.006207626747856763,0.11360151282287453,0.02503828091117802,0.0028579431907591836,0.05923233461294764,0.02101456562154606,-0.006925434214623641,0.04699380659334974,0.04024522279042291,0.07350106304329747,0.005041646743115247,0.033569765035637175,0.019417266262171048,-0.007418101460482209,-0.009632659922834352,-0.028297158567605715,0.023382294052305116,0.0333580842568712,-0.020369930506296936,-0.01422420709096105,0.013130538648733963,0.02882034081354617,0.05939529892365635,-0.019604430267761656,-0.06696065156720701,0.0027710672871236715,0.01809506731966194,-0.01606537528458813,0.051957351673178824,-0.01478390253305356,0.031721156512880655,-0.05102240340783178,0,1,sport
71,0.39498228367747695,-0.10366308971327785,0.07441240376635212,-0.056800746504168886,-0.17252609598126348,-0.0716796859884192,-0.019288638426542274,-0.12483744961122935,-0.09852560629771866,-0.08389317821738357,0.09253279015073997,0.014516376481050322,-0.047198301198944685,-0.10335517961989725,-0.01042831435015951,0.15504069182373917,0.032633145678077444,-0.010056385773201015,0.05319333717434067,-0.0781885000065737,-0.06304093386594713,0.09801217683643379,-0.10597984082296938,0.03093560676720527,0.04401031664921563,0.04939735496183106,0.07747448128828323,-0.08525327834133394,0.01138281947484413,0.0006395185640721199,0.04731937500907509,-0.10386032782803259,-0.07535490872256069,0.003935126185463053,-8.694955978468433e-05,0.06551873420659185,0.05868964758540218,-0.07388508914883204,-0.09869945787736102,0.009248819013203955,0.1038896471918669,-0.110033260344248,0.0241439525555739,-0.07231578778416922,0.13100369654940056,0.06471808996512708,-0.09377324742365137,0.01046119286409766,-0.03349934372489939,0.09088885442354681,-0.01761332869943311,-0.05625456693659694,-0.2905399093145311,0.059123486538669355,0.01277206694782517,0.0403986340649767,0.11021240921094413,0.03649774514181705,-0.08423975987102944,0.16320332973354046,-0.060966874515924245,0.1171095747511256,0.03330152352529943,-0.06461150994395619,0.007986427748483578,0.049719180457824766,0.018473788454679525,-0.03406818894277634,0.009380152554813467,0.00679782257223232,-0.05546880944417445,-0.019235194388880942,0.04358482068396644,-0.07181654200532914,0.08665453036172316,-0.04831741501916564,0.02878904599284025,0.09245246645445429,-0.050250532238182724,0.006308487882626186,0.051409555716334,0.05226232450911501,0.021681769427724075,-0.015170820895677162,0.0010278885644259257,0.05018691903509884,-0.045291386563243885,0.07008553230618773,-0.11789314598067502,0.11102937949039998,-0.06362033241104471,0.04302043805909612,0.029747676236980766,-0.005274288267942664,0.060526735156314085,-0.18868266379249166,-0.005390420542902467,-0.056958030169234605,0.004630129102439037,-0.07621969656621164,0.009752852672542604,-0.04420246417059628,0.022070477823741923,0.12524266419487148,-0.06505525112722298,0,1,sport
72,0.2511959159082836,0.19792601058394751,0.44172493673781066,0.2953065331466864,0.23693150659525258,-0.10135058451814973,0.032873109649051796,-0.1351920720136165,0.04380430326217999,0.011573916968684478,-0.08141915738518171,-0.0013696740129637618,-0.010025664434708051,-0.005012705082817408,0.01769130862821532,-0.01651454545717225,-0.0498655600727277,0.005461411267473114,-0.03324175750318829,0.007990245518365502,0.03573287361653276,0.037103465690777965,0.012395685488918054,-0.031146936234529576,0.027329330231323196,0.0160476475316314,-0.01367290957369645,-0.014249532918383778,-0.05563299195987048,0.015642857148304736,-0.026174543688008693,0.11751504401274468,0.10672304247537388,0.0667569127803145,0.12960383877301532,0.0617519605106799,0.10390576935448506,0.007500833015198929,0.017339637945174593,0.15861279546944385,0.1508423068288843,0.01897155248632494,0.032346319046114215,-0.06372392542397144,0.016506676536607742,-0.011787666602298874,-0.002029026905880533,-0.021269161306943854,0.016104998465655912,-0.026235795357914298,-0.08881444836005015,-0.03908941723517833,-0.01839689849532585,0.043774869091933406,-0.05376765411584769,-0.019640888871831456,-0.01306858336386816,0.06791005524414218,-0.049107635576965174,0.024675358087552588,-0.05254508076441676,0.010245203209112177,-0.0322056507633246,-0.035062679728702494,0.006431544626498721,0.021122423798977656,0.02211035612131957,-0.024036654576934192,-0.02785662949139136,-0.048465730534888764,0.015939862930658986,-0.07115722493794824,-0.02584413273469641,-0.0329042907354738,0.03209353290635196,0.06640532647177425,-0.03788884255690625,0.044475876170576835,-0.010357532162799821,0.004922176801459543,-0.1198703965593391,-0.0401131865781311,0.10281845987220573,0.04851738669805298,-0.05632968320850423,-0.017790327725052516,0.07397208937084805,-0.05256051845264087,-0.086744910914852,0.14443677500758065,-0.05072840948327034,-0.14691339861285324,-0.0029384946875577983,0.034687180809802855,-0.004155669540665911,-0.021356228791981582,-0.11037458161924929,0.010958560586972194,-0.03987507019282956,-0.07122153701880164,0.001098880177133023,0.011178213377668661,0.007910305820995098,-0.03472917722264442,0.016535137694350607,0,1,sport
73,0.33401045922971107,0.2289612267970052,-0.09755681749769304,-0.020089076452183975,-0.04582630989143805,-0.03406003235196728,0.024220520404847207,-0.020524694920149647,-0.05203867084126928,-0.010003047813760442,-0.07101419118365064,0.013690924143842025,0.04880922203509362,0.0023745910259987397,-0.01345242367485691,0.028576463774666338,-0.017398016868439305,-0.004083293672714564,-0.012585149345168113,-0.05284426272451353,-0.043794026859076116,-0.07031776332458367,-0.06840267571193054,-0.06234539558238985,-0.027550644994706858,0.05833969630909427,0.12354433491940287,0.1324971665147184,0.03150904014786424,-0.1601829976771443,-0.12664032694843766,0.01441700626031425,0.12060506497563851,0.07392414498874554,-0.07329937516121698,-0.03638596197007346,-0.06223412386146552,-0.010313440972718775,-0.21885148709600577,0.1207678468511084,-0.14707299081895286,0.03492745770116742,-0.0843985173596033,0.0931487560733826,0.0026786191067933235,0.11993551380638914,-0.04385562325749753,0.02200204211042805,-0.029971021065237486,-0.0058431585365270825,0.06394592910168731,-0.006089945893021754,0.15947243642582848,0.01500697541926873,-0.0009008092517965189,0.013866540843211575,0.06934507138228761,-0.060028980441047,0.1616769052971183,0.0417565335657868,-0.0812114024014931,0.06095594919587556,0.03952241890125228,-0.24204256262177842,0.1404159556508845,-0.015485670351847627,-0.05500449010948376,-0.03670584210536465,-0.0426769338809693,0.0294134777155952,-0.18896449935201254,0.08414661510792082,0.0150498216362662,0.03308161646002098,0.1265214749440106,-0.07475123925294311,0.01148971068858537,-0.11623116034649411,-0.10022542260696171,-0.11443116302744837,-0.008349092879250647,-0.07700328081782877,0.033046354433750355,-0.07369942857327158,0.029739718333371648,-0.03242527360216834,0.026870656131971433,-0.07649876716180849,-0.10693359977597766,0.08244101038763163,-0.0777641447683084,-0.06431768597727666,0.004616168797649224,-0.16224794565639652,0.05414356504926948,0.08339998757036633,0.08933135218438079,0.009657240860580354,0.0835792642007513,-0.050908519355385796,-0.1341788524347356,0.08419455193371338,-0.017507521129789885,-0.10861741805098614,0.08540355695614489,0,1,sport
74,0.39914503462706624,0.4134762295998081,-0.17915561869203822,0.014794646493394195,-0.07030764242822153,-0.06685536232565223,0.028811431421731103,-0.00018194368036118002,-0.019923309442237226,-0.019947142063411676,0.04767483113540302,0.013919705373716305,-0.02757078561174373,-0.0027900476097445174,0.027262467640791748,-0.0016267974107950689,-0.020585070752885452,-0.0879713989411644,-0.010855777079953206,-0.006830780308011008,0.015396254622910615,0.012125332895168388,0.01911675003551089,0.0630541427537333,0.06617407343675083,-0.02655073055600396,-0.06195109131908476,-0.11478717921536134,-0.06592656022473363,0.03802246137981508,0.034860100003691885,0.00741813524612648,0.057542937250423254,-0.020457530960374375,0.05408616758855191,-0.07079490381859771,0.0439293085780908,0.015674470878747338,-0.04543682644163189,-0.11331312360541138,0.28925348215953156,0.05351168386798795,-0.0003504713774176596,0.11365412189153151,-0.08417777984377543,-0.10834719870641099,-0.031477591507620764,0.10750443573067614,-0.014278327915784896,-0.04533180978643423,0.020902564869908578,-0.016103213141298117,-0.052449467740555464,0.0007928937588485866,-0.04203041608316458,0.02155983996783992,-0.0240833229225916,-0.019096770649334887,0.02752133150769956,-0.022652138541442615,-0.06436112948492527,-0.04088071992128311,-0.09426230913647494,0.0011644504236720265,-0.08093897103249237,-0.060222538455062445,-0.04819677845485741,0.06165637812510244,0.024295944060928883,0.09452415176726134,0.006954972861531482,0.05983570635079622,0.04995628970178667,0.00570333501464495,-0.10979619519291968,0.022410342329394612,0.03387591996756705,-0.07269414774253946,-0.05099388482089338,0.019174346091801228,-0.016989492997927298,-0.013325254738503559,-0.06286063658312117,0.06211559391350591,-0.04906066171905366,-0.030814463809945382,0.010608597384189776,-0.05508966239495512,-0.030662344025234708,0.08346017087749917,0.020377056999434644,-0.08317540101707667,-0.0507568571131521,-0.030407210643713274,0.09270432833130143,-0.07296728009183095,0.041825489647474554,-0.01201302747592597,0.07237073055684148,0.08759317378645577,0.028822200272827492,-0.11868743444653808,0.007086475140751864,-0.08030039434856949,0.08364089288153748,0,1,sport
75,0.32902322739199213,0.34160088732327487,-0.12591471213975164,0.016527123535778777,0.032681710300678214,0.014640130191622518,-0.02052044757028391,-0.015130269280107767,0.010449245038387513,-0.017758320420558905,0.06445957996904149,0.006014759062624209,-0.007487736578735232,0.0026032395649396383,-0.011148931966383311,-0.022960520272656916,0.00788366724219024,0.02965341630352561,-0.003016927466968436,0.010461686237335184,-0.01477662877424447,0.06909831610677185,-0.023136446145230187,-0.07303787386908253,-0.05860685114292,0.0793165523004126,0.02338657459203658,0.15153509432905543,0.15664647292952413,0.08565359664918312,0.019794753034373905,-0.058088707454387135,0.032190340664790006,-0.01210793529498317,0.03370549097726001,0.05021316442644234,0.06528000121550975,0.02808546755460803,0.1251830309574485,-0.19782411361587607,0.25444546103721444,-0.05055039592873122,-0.04985734035355001,0.11337854003855541,-0.08740058846047917,-0.04745144777807927,0.023105038002030204,-0.051753474562182974,0.012062977782371127,-0.012959080189029745,0.06132914298129144,0.04739628915794689,0.1070238264382049,0.10898664133325546,-0.0638715946128132,0.029421745388035957,-0.008688506488012155,-0.026178590039928,-0.0027121024120548556,0.019711616184187996,0.068222390734441,0.0581920721894371,0.09288204241521741,-0.09523950122008179,-0.10326620089663299,-0.10713738431924047,0.024658273745600093,0.03573132931916839,0.06843802110892976,0.045719774147474884,-0.03625745241071725,-0.014811557434846447,-0.14910404886690112,0.15468364052399863,-0.12407584087734613,-0.046290647642362986,0.012669969389502867,0.02495257444626168,-0.09047766925707747,0.05855306276971066,0.03397856497877653,0.01993058583172371,0.04559469244055511,0.000751136555071202,-0.01243169136452369,0.07054623678511047,-0.07074107836819264,-0.017146161068698516,-0.19991120333231438,0.10259761689690983,0.05351985471630017,0.024328449358506747,-0.032702088757701864,0.013161915511271625,-0.09726954893037826,0.05651284817143959,-0.1258177232636499,-0.0354324534678395,-0.029329916050845443,-0.01849426214107629,0.01003767973814923,0.06101573081405348,0.04246677775131238,0.03575732080970321,-0.06796385005715018,0,1,sport
76,0.3245250379220405,0.5569500289691888,-0.312756374596109,-0.01763926749276608,-0.08811015405758113,-0.055273502608183644,0.018229128352251992,-0.03480376280773873,-0.04642289535898178,0.005157300751388028,-0.23182817183570262,0.050582086143161245,-0.006382801063841073,-0.007121392056218221,0.02079071427286348,0.015408763237325125,0.01016718273620537,-0.06201425490906453,-0.024477702674221592,0.010194775044187867,0.03668771685101922,-0.054709378243874916,0.09313481791100009,0.10764064367611423,0.058822171744769544,-0.08568117138527959,-0.07678652204299141,-0.16923135026957636,-0.10888915046568191,-0.0018340892339160128,0.03366733741367041,0.03139639569254069,-0.04564833113498998,-0.04681515097404257,0.018075366360228474,-0.05774397222582403,-0.0007950313014377486,-0.01514970373902681,0.01673995242039756,-0.003091265019589408,-0.08494215416164382,-0.0088884312934084,0.008973133716337204,-0.024192570324541557,0.09169849835727162,0.024477378762327917,0.06641250578982953,0.010010364114286421,-0.009675073524922825,-0.013309851657278823,-0.07183856635825078,0.00021679742880898497,-0.03185739268948984,-0.040786640693034705,0.004557499072608391,0.01944160587987893,0.07539661569677378,0.004648784754681263,0.02143490237634903,0.034358711830568434,-0.03466633486705054,-0.009416409597218562,-0.033310279970633384,0.05367272128812251,0.05944685244027788,0.03200516549264051,0.024458510882807143,-0.004777926652847021,-0.0461485284376673,-0.018325365536315703,0.029027344514021926,-0.06775879559080049,0.012202619535688618,0.021959567800467535,-0.010540848994288601,0.022054242209284338,-0.0966567694556885,0.06278016801997231,0.031862607065940546,-0.05310118452318759,0.000889186649178816,0.02027357300207359,-0.08984655557246604,-0.05581249384928214,0.03808266200315572,0.03041606608418632,0.007421587972099705,0.08146854226615889,-0.027270258150989823,-0.019328241056771996,-0.029115126437160285,0.02228613573876715,-0.06571676966744815,0.0484344915055485,-0.021074887956675357,-0.05811345614879087,-0.026332099908916527,0.02259611398354048,-0.02631405475974147,0.005595759629692737,-0.0355502996001424,0.028536264086134192,-0.007944446510923782,0.021929702845682915,0.03368059570046379,0,1,sport
77,0.15391165997258358,0.13386075464961178,0.2158470024424599,0.1334344033297746,0.03916315472297516,0.0682824655523537,-0.01361619252770242,0.38105633636277736,-0.27270808206451436,-0.08763958830265947,-0.027738202948031483,-0.002830673635142812,-0.048174037312019705,-0.0008417684621637818,0.010801457726644939,-0.004458145517106725,0.014957071069273119,-0.04761038220953544,-0.015771282854963622,0.01620961743421427,-0.005191507091606651,-0.0858776207114974,-0.062458691349434436,-0.000589113780727792,-0.026689463368726976,-0.0050740089479607495,-0.23001813341245428,-0.028340202054474073,0.14700633016271036,0.19273373515104644,0.08461200953107853,-0.16859229193197797,0.44659020447079967,-0.18965513412785603,-0.07188017196814843,0.029433223794387387,-0.040645881876443996,-0.07628245364745047,-0.0936429213712056,-0.012839868475521838,-0.0850493846649566,-0.1112264268976504,0.07830364247544243,-0.03859187050108312,0.03707153133775988,-0.03664047272896417,0.021416050104159225,-0.011991904363794185,-0.07203339724291284,0.00476873908990369,-0.03447782337805848,0.13272216695445366,-0.03516834899786722,0.029957236054662877,-0.06455509681484393,0.011044916826982562,-0.10042859121020531,-0.005524977271045475,0.04361024010724999,0.016561620538965736,0.030587438623680005,-0.03741651966299526,-0.0029431902378658395,-0.015354123340372092,-0.043067586853909365,0.020043645239131568,-0.008728341497366962,0.012545784328365842,-0.0008256870561658813,0.05430905992563716,0.04414894499149675,-0.03950664716669454,0.010510868461302215,0.022914916962502578,0.0548331869445109,-0.04699613783128133,0.013367128612876264,0.03223610195389204,0.010953141150929777,-0.023332625482600632,0.011560601210731034,0.009904296667122984,0.033140979896259,0.014600035838412455,-0.03547698873343497,0.01049728919150405,0.01197742381775411,0.010275377255243252,0.027677275043099133,-0.015257483644285122,-0.008233522134914113,-0.013745730674927273,0.00882236873815308,0.016128135114734606,-0.002950507827141946,-0.013248393118984897,0.012784151144979881,-0.021521549556435243,-0.011969757740007258,0.01714359501602205,0.011525312585976309,-0.03031938113504192,0.006579317651946727,-0.010134329961852742,0.009744206981915715,0,1,sport
78,0.2876082524929909,0.2297351300831142,-0.14082879214313423,-0.03602193755704412,-0.01859502882084702,0.0018319806917212718,0.0014018045710857835,-0.019146331274935487,0.014274684381223667,0.0058296934647893775,-0.07952235481726097,0.027733899549440725,-0.0004460918883489982,0.007069370323005793,-0.03209593930828491,0.0018568271237237586,0.008071406316114239,0.0778533863423245,0.08141497354978572,-0.051081795652253854,-0.0656073808188753,0.04426028998090987,-0.11019288831367417,-0.12866497554631443,-0.08468006453360971,0.10433455646072538,0.02248519977896712,0.18506486503857075,0.19662472268758172,0.021893028026856626,-0.00251135432238854,0.07142631670191044,0.01231857978229056,0.07980799085389985,0.14918189085841366,-0.18328608156665094,-0.07390499738496033,-0.14594723838294515,-0.01900289356489261,0.02902749666614654,0.014367282681565043,-0.16977205616202468,-0.0745332065975075,0.17974204086420872,-0.03662772382649473,-0.15790567834314181,0.13016048461070925,-0.07485712899285747,-0.06319153866786896,0.022880010436428424,-0.03668708110897656,-0.045575499720767444,-0.09214994810043442,-0.18367016932168242,-0.11775365463740302,-0.12090643880528495,0.025880244788511204,-0.03574787147786753,-0.0423398657546177,0.06442362515636506,-0.007532536316502178,-0.022971198352548735,-0.16729755370158458,0.15993723299417764,0.172483401199245,0.11853357012602994,-0.00648664693177726,-0.10340724018242375,0.01631011167360126,0.022806690104142782,0.016788922310424857,0.05964992126966456,0.10379511223078303,-0.08871566395281566,0.16569814797680968,0.11709405273259266,0.04937242929313711,0.013406482347111637,-0.00123368244943584,-0.08567558704961636,0.0013576713525996075,0.021838450181982716,0.006813825060568717,0.06618330408351461,0.036394445124004325,0.0071254310697645455,0.04787229582850754,0.06033639100074298,0.03362128887530775,-0.0356178750536823,0.04462842165198544,0.027501869569527104,0.08663341025422422,0.02747960249892495,-0.06257536089471549,0.07938409211297608,-0.03261154581918794,-0.023318985099776007,-0.007333952856708486,0.04152288396435408,0.019083020327755933,0.016030114629352412,0.011500009173465683,-0.07786583975669335,-0.0351337299817866,0,1,sport
79,0.4158628031267083,-0.11176614759974894,0.07295032360741768,-0.18080090095241147,-0.08723912907638177,0.02504402657306811,-0.028652889319509146,-0.10666561136496086,-0.059662896206024295,-0.07387055703239785,-0.09555836878568917,0.012363831817128676,-0.016973345968417416,0.05183031809260491,-0.04622216235222243,-0.12953042802612,-0.0650434026616053,0.07009841845566485,0.09652659042196103,0.09225454219207176,0.03137964221565812,-0.06985440972660918,-0.10887558787972831,0.0006515295972431075,0.008188400575240076,0.05728046260340446,0.07588107368286481,0.005273432260649849,0.02967431421632459,-0.1139726751873217,0.13336518291480035,0.03604682969440386,0.00851100200103236,-0.14231669609258943,-0.06873434904465607,-0.010778368261312038,-0.002466732818772121,0.005977348758827765,0.0022181767662128554,0.08231771528495978,0.06798079338448572,-0.0017275892531578244,0.014494020316989731,-0.02806596020589772,-0.06863568414609646,-0.03735371430903446,-0.03855740536555125,-0.04197919215389902,-0.018577217657091263,3.856669778445855e-05,-0.04559725231858936,-0.02458780047462979,-0.0006949595600875462,0.09216208717331907,0.07811500289658564,0.05263352269214385,0.024328331353035963,-0.058114559168475986,0.09965341980244458,-0.0695224995065681,0.03376051068541064,-0.06100777153854248,-0.10522360022202285,0.0730594000378852,-0.06930813849976451,-0.12201195813723588,0.07642776490064816,0.0725417482959816,-0.04760204929029585,-0.1408677194388987,0.040571341434761855,0.013862554489534575,0.15933691336043992,-0.08832829811147301,0.09756426663576029,0.0013690039538033737,-0.03586086772022329,0.05621631174222616,-0.02103448037518953,-0.14163077001938973,0.1753973436040351,0.04690060394443634,-0.06116620819317026,-0.043548938777546085,-0.08230685687601075,0.020883059158528963,-0.06041234577608862,-0.1512679488788749,0.07149151749161647,0.020898548959185685,-0.009558109889978949,-0.17037746242880816,-0.029759678959259458,-0.05436222895662321,-0.2139370104050363,-0.004113103390553802,0.12674152178819334,-0.09936251646811503,-0.03891075819973266,0.03372922922858292,0.07861962116030782,-0.12263490654019198,-0.029462048428769403,0.005250583474447978,0.06259743692898644,0,1,sport
80,0.25354632322190246,0.06635945007372396,0.015179562901936903,0.0018631518908037374,0.04929184708830895,0.0170465229549069,-0.028977200906484705,0.015828453685836928,0.017218900323085807,-0.00896734154436893,0.07570166748119937,-0.04418157579554681,-0.04179077765080682,0.008297350536941007,-0.025642546341637387,0.01601616627223926,0.01725966114252209,0.5842758171912055,-0.12298621320952796,-0.22868020652188262,-0.02388169653367341,-0.049706398580183726,0.09917350647894749,0.05347887814294151,0.033916358178455175,0.08938464670121762,-0.017289527867594356,-0.07853476064990322,-0.06503159087623563,-0.004165471701487226,0.07659761895528563,-0.028877520596018072,-0.06334854485342471,-0.08751589155490737,-0.06894752261773288,0.02703726514651427,0.014655149221265651,-0.07088560794772691,0.08095147494942848,-0.053640504014930354,-0.01157485366041731,-0.02588186523019987,-0.0017232581441180444,0.04317843521402489,0.029187237015091544,-0.04227463635685057,-0.028930397733831555,-0.011567734710820322,-0.033706662804210405,0.020046160591866015,0.008597923744782084,-0.010820890423002688,-0.009727112793624952,0.001447200960538466,-0.04606355675952759,-0.020747055621784933,0.012381993441906535,-0.008446393721937031,0.029048192149636675,0.025190204031988222,0.027634378442310814,-0.011223940155230386,-0.01258058430215621,-0.04782535833895998,0.0661512686169017,0.03072944230732577,-0.024336007304606874,-0.036754901064545396,-0.047426366787530205,-0.0009590650983138509,-0.03515796333395574,-0.06844313574284916,0.0034017736616639587,0.009754895587826507,0.02154608013754162,-0.038573921647834054,-0.08651812302328368,-0.05818065837451789,0.016783731405575177,-0.03342794986497679,-0.09146886402338086,-0.034502391724341976,0.09274859166778586,-0.016115417536599858,0.015221423712585598,-0.03600723063536316,0.030205149637406257,-0.08433758838223426,0.12940008257149668,0.008231544214311529,-0.033599858567676874,0.05217598841631379,-0.03138716674683337,0.0029825985470068148,-0.07836477190782745,-0.09742166325454127,-0.16058618111864872,0.05947200849623296,-0.11027408442792533,0.04942152426693197,-0.07846652514781854,-0.010140486984666257,0.01168507502606489,-0.06612802417289529,-0.02202736848706341,0,1,sport
81,0.16985191177780182,0.08317046778154591,0.03908356318923182,0.025351173093171826,0.04136227636467037,0.017427503615296658,-0.013822526538367073,0.02272261676108015,0.011743221505632718,-0.03185830697606222,0.11474545729171425,-0.04555609024391564,-0.0667876505253051,0.02860292281548231,-0.012193235484925494,-0.02075918026532564,0.0025135748480220894,0.7130131348577976,-0.15587854402208143,-0.2881060045421021,-0.031035048418178442,-0.10361297583537286,0.13411268185839467,0.10242339287657384,0.07980876390201362,0.029721092935518188,-0.022570692542374787,-0.12531407313088985,-0.12291237266746269,-0.026544832402870026,0.025989140172939858,-0.025847234643694414,-0.05906040011227362,-0.096313583123536,-0.08306050342748987,0.034204172272975356,-0.014418826281702704,-0.0512994385057759,0.04518321017068608,-0.00472371859171691,-0.02998976040745597,-0.021747929782577873,-0.0164515767939136,0.06041270994146075,-0.04565943134216269,-0.009251502302545383,0.02880875851988692,-1.5142829284523537e-06,-0.022281430999267608,0.01973407950356158,0.03155657092412955,0.0124528332324448,0.014343176044773451,-0.02936430344907889,-0.035021372386916126,0.006994933116374093,-0.013494609402289538,-0.009842888797614645,-0.014199856756719014,-0.017198757342627463,-0.01385281962799109,0.004066553562037263,-0.0053266032310112475,-0.0353780786285839,0.02578840538792298,0.02456560850397785,0.008812677144140595,-0.04136919044637067,0.029336186925904704,0.010192998154517447,-0.012234618650138336,-0.028305923442537257,-0.0072360548899699385,-0.0035220400613901,0.01923768831006371,0.024640419536277585,-0.0068424291186325445,-0.0019010961666155947,-0.0006656658925683192,-0.0009097569484158048,-0.01567738087506214,0.00034776517204415365,-0.0017250576314813216,0.028958893593505338,-0.018907150089034635,0.032222044777895587,0.004624210677986036,0.016188206454386768,-0.04616696038694488,0.010838777952961448,0.021882921113571735,-0.012800445055743041,0.013314787504537818,0.0016038299804160148,0.0004784905557810078,-0.019684592808055134,0.040182376489527986,-0.01441779024491496,0.015294689911641198,-0.012995636054773638,0.015008243382635624,-0.013915415072273651,0.021300877608191354,0.017971814996322905,0.03270020396441158,0,1,sport
82,0.21834025816176653,0.08452756920091287,0.24052072639307043,0.0873754455156657,0.00791831645311772,0.08359432752768589,-0.02473514487501994,0.36993586401625583,-0.21565800734325136,-0.041123728902600645,-0.03064765923916797,0.009510371152495322,0.00045271406537324783,-0.008427600908156278,-0.0001389251475611931,0.03697530365559973,0.02490233627103034,-0.0552695328581196,-0.00621089051459907,-0.05883945453462615,-0.06665717974082899,-0.2140843719242176,-0.10724858701090048,-0.025146176356147305,-0.06398835476323124,0.032488260092750604,-0.15339918903400904,-0.047692908448801814,0.07862509395741919,0.12152581712969936,0.04839529189552683,-0.09768495460223392,0.04251217733665076,-0.006418965008389057,-0.018789585420789196,-0.002460262236607981,-0.016867160454901817,-0.01950501876878525,0.009909230808021596,0.07084399663799454,0.007832382066113787,0.01638670760051055,-0.03821325905661523,-0.020620456636192053,-0.02109426817906511,0.02871015721530005,-0.02173096105966515,0.027708836369262684,0.061441864306514916,-0.011271068828450213,0.030016194790414893,-0.2231214604389739,0.049659932523442855,-0.06444869450707703,0.07358836261081503,-0.03485297443835019,0.10984988198738574,-0.0015220599902076807,-0.12439007324507334,-0.07277607727769966,-0.13363694119488206,0.027468503468511863,-0.029433261873469625,0.016178137406497706,0.06542154694041383,0.015280174266781363,-0.03261411031585248,0.11918676612749507,0.04963803072003081,-0.17867511611016998,-0.1330184002354515,0.033845047840591086,-0.06087112989081989,-0.11861780959692524,-0.07826053828745795,0.1203807684177949,-0.0036845827408859633,-0.035800593675207666,-0.0526223701100796,0.04799718761020623,0.08707887517691984,0.0061681196942320075,-0.03183992044829404,-0.023367467557844884,0.10507025460377417,0.011823740292766213,-0.006203007145332865,-0.009591668887723975,-0.01675297696421688,-0.06996287988545982,0.042957280412611584,0.036221145802214326,-0.06966211280363879,-0.08923836485806656,-0.00296697463639541,-0.03680102987969046,-0.04478824965788735,-0.05539995941610926,-0.04511032952455371,0.005711887402308605,-0.08993584649833068,0.066304659853477,-0.00308310605356712,0.06325885903584749,-0.026639817514460214,0,1,sport
83,0.3759396453673503,0.12257969743331047,0.1265660788379194,-0.0352139627989267,-0.13048809761645766,0.023959532324591817,-0.007670417491235339,-0.026514972695774845,-0.014384035834469684,0.03012032612303311,0.06324027351524164,-0.0073219018683802345,0.02492410717609552,-0.03145874424930891,-0.05128075852545037,0.06103403091911053,0.009723832068654329,-0.07154882564720694,-0.09210526167864372,-0.06705300862104101,-0.06354129613120861,-0.07646900651692812,-0.06958903558958619,-0.008936421244391509,0.07706219793535901,-0.06953019622616027,0.16470953008583225,0.08760441104014721,-0.018771887013082043,-0.15251539830049143,-0.16460492972261667,0.08663128655886586,0.17073677761339176,-8.745524650745561e-05,-0.06637347108883834,0.019606947748527295,-0.0757525729382826,-0.03366285195794976,-0.1591784468543506,-0.039631620172315515,-0.07494098443946437,0.06676693705659,-0.044598002193179845,0.12362396760431402,-0.04901553558914404,0.05143444530905344,0.046021375747946756,-0.04434000802361174,0.16718753215875226,-0.06575051755473472,-0.024714843767967083,0.14455410321384443,0.0834289362084716,0.04875971150008864,0.08694510780781053,-0.057968087349826995,0.028773142240459078,-0.20688684383502612,0.006939767709128624,0.18119378611824455,-0.10811761827381794,-0.06196728585738012,0.0718466296233536,-0.052125867216363204,-0.08378004320530871,0.04868171000621424,0.0689330124576118,0.043982873730272806,0.010742868774458207,0.13113717644188755,-0.18330652450291648,0.0091263711489058,0.03160956772234681,-0.020358328755135498,0.10768742383792305,-0.003395758881652173,0.03900030814924775,-0.0994891712973975,0.16000206864628672,0.085619907755506,-0.06125348125518967,-0.007463544242965138,-0.0028227882058016727,-0.009418184605881747,-0.04276054795819748,-0.016192164625114008,-0.017455261519951814,0.008828839410620267,0.02264907689621979,0.02641697316980917,0.0007359780587264142,0.0560682480592003,-0.0703505305369656,0.15880182696940393,-0.04045763933317045,-0.09120575193785274,-0.0007003714614535227,-0.07223939743516136,-0.005170551078592656,0.04682865198519181,0.04633356096383664,-0.09916207914190445,-0.05426206663150218,0.09526133136695675,-0.044929476748163624,0,1,sport
84,0.35128071556810253,0.5166304073223187,-0.26938525565037114,-0.012756597015335411,-0.074568088090755,-0.05163513554576961,0.013206832352132238,-0.030347472297941186,-0.036654166650271665,-0.0018095509035524018,-0.10530892230340404,0.030926598113499886,0.028189530871677623,0.0012762609516694496,0.014806342777531631,-0.0032132315872527894,0.028568712062024056,-0.0945172840624931,-0.036802772686497225,0.03532022769139593,0.04356914916754323,-0.05744248117617615,0.049282369827256645,0.048146952924311044,0.03410062647542421,-0.08027874651456207,0.014856070217054075,-0.07055752321686448,-0.06965391192568092,-0.021188780013611613,-0.03901052285847435,-0.029111298514397796,-0.04764065617468785,-0.027919635577681817,-0.11923659799725571,0.1115449350187235,-0.014431945104681716,0.047601157582326054,0.02535968232803976,0.054275058837018955,0.001798757943467241,0.036644359502821765,0.05219550881329125,-0.10281724145683872,0.01727906914932016,-0.07285816164723131,0.03158558014330054,0.05118408554346931,-0.0400658765092071,-0.013376270035314957,0.08552215890251036,-0.04493141661572858,0.006189989671999635,0.029719900909856396,-0.020051066874257145,-0.013957832513656699,-0.03782312476772116,0.02829611972594651,-0.06763139552366676,-0.09293301967060377,-0.02331243789850932,-0.03909696981843496,-0.0008143849502434642,0.004823037392295392,-0.06759902384481341,-0.019364785292982765,-0.08965361225075681,-0.01973063533063482,0.060087956260241,0.031977869606670685,-0.021155753959029404,0.007768986593233153,-0.01171035019476497,0.038137720481075214,0.08427062828381335,-0.056372624032949924,0.05654688990393619,-0.018167232026488192,-0.014027738597816482,0.022929621488387654,0.05778220368454777,-0.010811962251128472,0.09388283204005202,0.00027698904736522074,-0.05739036799868286,-0.08041078030204286,0.05215480356534463,0.07636850422845498,0.00805510782647615,0.006256653184570424,-0.03074559977090319,-0.036247805861602436,0.03390821602865055,0.011608028774563794,-0.017707134555997223,-0.0006418790185844706,0.07610103622633209,0.0018484956323923676,0.02354892282375082,-0.06619084947544332,-0.04204800270236808,0.036999137621858816,-0.001338338494141446,0.005799434077730505,-0.00022323494051037693,0,1,sport
85,0.2895213912890849,-0.0580095229865267,0.09207743804553116,-0.10503494433077998,-0.12199811327744775,-0.021451881409599204,0.005426245249234532,-0.09984185810070054,-0.050209316073152696,-0.09925030105806103,0.08667041328463476,0.012428573734789023,-0.12308891706856871,-0.036303543326107066,0.009057923440356129,0.11767848724758916,0.09112864199198636,-0.09881879822409534,-0.12057781407037468,-0.04292115682831373,-0.013182279626203348,-0.09432378191397589,0.14335038225614596,-0.05129486986646157,-0.0676746926430508,-0.009736445215661005,0.06553540597496665,-0.04187811391418425,0.0658378839846919,-0.04548732050234179,-0.24703104526761382,-0.1344163267089124,-0.07865255419928292,-0.08322316625481592,-0.18195788595273918,-0.25698455501496187,-0.03359165570429231,0.028683774889182695,0.10987364252026091,0.06547518082570032,0.106384418463712,-0.05254072869403195,0.19103379664698322,-0.07276746529752466,0.03294773955472267,-0.027847715810412545,0.029258014298932922,-0.14756449160402918,0.05470784649752895,-0.002281459578658513,-0.11842577519347128,-0.007463200470222731,-0.15498588963821824,0.010211472212237813,0.022324894614090273,-0.0004524302004095214,-0.04738255917318501,-0.09158299236938548,0.02702371649550589,-0.12971863070229078,-0.10908407731417745,-0.009415066448617929,-0.06395009579317357,0.009752067768000864,-0.007268585136850398,0.002259777181866338,-0.005161068878703184,-0.12669038687181003,-0.015662304403191257,-0.02023141187351894,0.0021605272265290184,-0.06275201128312578,-0.06280713523706825,0.0984906013316336,-0.11371145865073144,-0.021750011883692685,-0.05460649294167237,0.04310788498111766,-0.025399466100634222,-0.019947979239721667,-0.07005913239814351,-0.0308105119081775,-0.03019691623164004,0.09158167581453404,-0.08642337926907076,0.03544137388326309,0.09162851433352347,-0.1066059350531655,-0.02161761323418249,0.011686566486688891,0.030924269208708614,-0.01354376522062289,-0.010752250841338568,-0.0386208119655987,0.0028112519810839713,0.06862717779973561,0.06074705313926855,-0.03873712628500469,-0.013999113581818993,-0.04692270007596234,0.018962962655534633,0.09089373225511808,0.14086299755791887,-0.03636226690269163,-0.015008856210310893,0,1,sport
86,0.31140569479990293,0.19603077903859606,0.4731382899362678,0.2928448251762787,0.2210194951745865,-0.10524802116169955,0.028519249260747986,-0.1676195605384599,0.07117036461347061,-0.008558604560074703,-0.09449015831516805,0.0238233797523776,0.002812242745166834,0.008577988359633602,0.0003161769266456212,-0.04153229537462587,0.007093805090523705,-0.026386758354649716,0.03777731124129135,0.005024265765859664,0.011965817569226576,0.010444680469342849,0.014888087459003201,0.016552359592128682,0.030342265812873255,0.01580344101528065,-0.024971694980563768,0.015013076642033425,0.021100161010664115,0.043416559672083514,0.02292779461054725,-0.007375303129004109,-0.030434374184602847,0.035172786827412296,0.030657086689747273,0.0023331425534236397,0.025622923844827256,-0.00477291972189459,0.058747371191295,0.09012589531509699,0.050394713852662656,0.04089840118477097,0.010513074168236148,0.05174621775402134,-0.058390366308921776,0.03204703288839213,0.03410706788463155,0.02521496317387463,0.005837146137949645,-0.03202403804327845,-0.05255129213524737,-0.17966051513525885,0.04235794851437225,0.03090732169098647,0.029969536808534012,-0.019175277911203572,0.03185777176222508,0.07087369231328337,0.03935030023534996,-0.07697915138658552,-0.09128210848154539,0.07726270598132645,-0.03660676857107102,-0.09719788423728172,-0.13330639486562942,0.03646536096343839,0.12414431217873317,-0.012196087667761294,-0.05188148448199835,0.11644721580385609,-0.06280592489665493,-0.09769582103712823,0.016532861308016095,-0.007389115375491965,0.10357803260018221,0.010899042197900213,0.03626164902655195,0.10628258639141783,0.12748499712913014,-0.0510423076460416,-0.07922541640103363,-0.06886932900960753,0.03984149338115139,0.023560569795854497,0.008052281045963462,0.033064229219418456,0.0012331794111893836,-0.020209418874342678,0.046814216142170684,0.0022342730833185874,-0.057973248922001674,-0.05234653416711409,0.029534538053425353,0.019334231877135594,0.021713939766499036,-0.0036610548123661435,-0.008952231336696068,-0.0027632263253608027,0.0034039255303577242,-0.01776794135695989,0.02323320110098549,-0.0056431242489925326,-0.017762352221547092,-0.023046953883398544,0.05467286090240862,0,1,sport
87,0.3164596604601708,0.2293444082868388,0.004875863495272803,0.028505020767853922,-0.028508423041844363,-0.008768851303097895,0.012412883924974832,0.013655197813708221,0.0637209044007859,0.0017462044354828491,0.4436904790421337,-0.09669022623277214,0.028538962371174554,0.07468270084224563,-0.0017664974793481611,-0.09807249523231615,-0.039146831325054116,-0.07838884571175407,0.03619054539275612,0.021940328042112957,-0.035632492610294504,-0.006417816017994411,-0.0012949202955563302,-0.010279412343460602,0.018903680909730436,0.020095488434330917,-0.0373563850127601,-0.03278853262513315,-0.024181098275207775,0.035840588568180044,0.037765024550528645,-0.006866415520878498,-0.08936856738605975,0.019285734379024626,0.00046518109481111415,0.010043427131242875,0.009683547517411057,-0.013711364859149398,0.08607003539747467,-0.013299738047088592,0.12829447257044824,0.01201682487180109,0.03061086735911997,-0.014607253715351964,-0.030464816662249566,-0.041751967244737606,-0.0738134591712417,-0.031420434042483215,0.08424943031483116,0.03612240769620552,0.16715314341271578,-0.017355777229225,0.027303379021683224,0.10746123418140617,-0.013158154524261495,0.002644792871010845,-0.08470321562111911,-0.06821688450518522,-0.11884322829486031,-0.14138632671319554,-0.026910267528151816,-0.06413141809422727,-0.009346629931695973,-0.07670826703956363,-0.030603369129314988,0.023936422756780724,-0.057117553185718754,-0.0981879291037035,0.08640943042511381,0.06704787771811441,-0.0631499363295485,-0.006071606448934908,-0.02552845050761047,-0.028079527687822518,0.12409544872987983,-0.09687856932238761,-0.02431441513589716,0.09035622169741706,-0.05349486220694023,-0.04008376543572363,0.09498646074668927,0.04063484315707791,0.05912618435995718,-0.01416907313149794,0.037575404598909824,-0.08325736467405774,0.04076664077026609,0.08140358228554813,0.05388887693992619,-0.025855068840980475,-0.01395326507311031,-0.03751259756642682,0.12859411922343686,0.07651648091685584,-0.19128073013002977,-0.0824505868930067,0.00644166074721777,-0.06153158887830505,-0.0710816928974945,0.044801078010436354,-0.10937566774482307,0.09469475614659394,-0.05942142037885097,0.041612508627203254,-0.06306621685007152,0,1,sport
88,0.2488939397968084,0.01566824636177197,0.17989425041724158,-0.06621727516964408,-0.08000579038288179,0.06282464893162842,-0.012895053866517904,-0.026686875085411357,0.025918338552144492,-0.017938248375425618,0.03037568134300094,0.035803761511823885,-0.04274097019382859,-0.011206686001455054,0.031656171166215094,0.06819630131942038,0.06788889308659614,-0.09048778016333564,-0.12389391163890563,-0.03248208308947044,-0.0897635064957302,-0.1906180695261741,0.14080564908871196,-0.10968839509265253,-0.07228090125882981,-0.09346930956267312,0.128943089987439,0.024565069888916227,0.04094893110582599,-0.06082937525590541,-0.2774573408258942,-0.11916184359615743,-0.06311562071689862,-0.09551890298653776,-0.20552355180151327,-0.27026322697419203,0.039864636307630805,0.05903366186124958,0.017745503172813207,0.08425415686835555,0.11779813260466566,0.001314692575343555,0.10070897687089812,-0.06955368429889229,0.0291197460264646,-0.044971778352331175,0.010755866147366878,-0.1628443557973084,0.06103049698475881,-0.01188659822838383,-0.13441908644168904,0.13070920227932892,-0.085542778803257,0.04187308383348275,-0.017184222339422565,-0.002473405716454199,-0.005520563339791859,-0.1678563822208066,0.17965607977159967,-0.07061635038060506,0.0077259290378773725,-0.08142800975570007,-6.21534621940974e-05,0.13402357764836065,0.026950638823486243,0.03551149254706043,0.07433591146541783,-0.10688653729111049,0.010674338134872825,-0.05607957629631825,-0.08515198637516838,-0.024035764663158946,-0.10679343052473066,0.07669429308107363,-0.015059879602795378,0.0446379197548734,-0.05413372732207544,0.012137097147243122,0.029227670453638364,-0.027711111470551827,0.1101721181199692,-0.009579211329030652,0.02655158475570118,0.07257173982758397,0.07499851162467934,0.011726169128809878,-0.0015962377531218513,-0.027366069599847838,0.044824525283918566,-0.017100804068428673,-0.009073552611044568,-0.021659717794742017,0.06623476137608104,0.05839680273575865,0.04853589020219856,-0.00880079294358624,-0.0809359429291384,-0.01858477826934105,0.02134056949694957,-0.0009370246701473562,-0.08918846059918306,-0.07270534031064262,-0.038398943874020985,0.051244120741777026,-0.030944138999691877,0,1,sport
89,0.3407738544373632,0.3455125372864454,-0.2050783854924881,0.016131532203642898,-0.0440948420123206,-0.05560820812085531,0.03609925535240343,0.0060489057470471935,-0.015350175059050031,0.004439883400496939,-0.11221218058314196,0.032293992105869904,-0.0232517615488557,-0.0006598311866530571,0.020946546577537247,0.01104899962566726,-0.006088295279844888,-0.025712991603197323,0.022215881066490816,0.019011678086269374,0.007763192833797467,-0.03620164207878974,0.053639723642725144,0.06643417067380303,0.038711557524889924,-0.007748575251559394,-0.10115286618189165,-0.14904678692513398,-0.09505418893321982,0.012265041931286231,0.06162847970548621,0.02739117154290214,-0.01391720719990298,-0.04750986076292755,0.06865115691581153,-0.10671779037979989,0.07593060694984574,0.02041348018508202,0.054729148632015584,-0.013058523522748111,-0.05092836472800341,0.08925474277236424,0.0380413082141807,-0.12363683577115922,0.04797374002977352,0.09382082601574562,-0.09804673755648316,0.018272457827394475,-0.0010294094164773812,0.05530784841611017,-0.06939031731263474,0.007143476269355498,0.035848068468123155,0.005116284858470095,0.017974092671479713,-0.04922053906827289,0.003969464426075276,0.04957261107075077,-0.018516804389508996,0.09827087186454384,-0.050787792188895224,-0.09776438585829353,-0.13756478828083432,0.162555949118658,0.11657583660610231,-0.04020377358576486,0.022584439881047677,0.08229681727591218,-0.16274977153692266,0.15287088720469488,0.01180948755092915,0.07571766770217299,-0.07088918762100592,-0.028890735107324778,0.1112944061668801,0.022323536732653894,0.15469946731875656,-0.07934080283280649,-0.14136262954357587,0.007894279752176252,-0.04729534374112513,-0.012667882831257683,0.13427319559121706,-0.005342142144570813,-0.06372532698320169,0.04738005455013685,0.04238358052977127,-0.11373591266836013,0.03345429441505337,-0.013027420235844089,0.11389482857003835,0.06893024632982017,0.13697691790343608,-0.09306673527372523,-0.037832983577779325,0.11643192265570956,-0.0039891302284119955,-0.07556739580461821,0.05855386265864958,-0.02090855584448475,0.04108091008419668,-0.07287574946946515,-0.012084930813484555,0.0006782784236646194,-0.135810830789376,0,1,sport
90,0.33332126558014397,0.017711153639957025,0.2450718568909674,-0.11164683423180857,-0.1032808352000987,0.25893881413113506,-0.06491676314487749,0.33073830029387,0.02125018834217627,0.13950917269799007,-0.07120702820763856,0.019835534366122058,0.12526041455937847,-0.017885581776212953,0.002158568768861704,0.09427946891310092,0.04676450826086578,-0.08458699560303516,0.03339338129511624,-0.09135112124659027,-0.05926056204856939,-0.2365526562367781,-0.08273050739384388,0.018938420937824,-0.06458001013423001,0.037875817399429045,-0.11428381488813388,-0.07474993378723144,0.0018718640469887265,0.06718911818079902,0.06722867835488425,-0.014510082092516282,-0.13262312453912556,0.11759725313663376,-0.011334831613267798,0.04432699024728348,-0.01412323974502118,-0.0010217135366104196,0.05925319805596947,-0.04097066175628094,0.013462284519489671,0.017068269325651832,-0.06453081613235846,-0.025693082271375203,-0.029526209401419534,-0.030695970488401236,-0.05109358349818705,0.03633916025806195,0.033659121017948455,-0.02037134408938939,0.021227219740442047,-0.13336997076303417,-0.018286158645021935,-0.024662716820912093,-0.009091178632533083,0.0893835346482206,0.037480459530063626,0.024965014394821686,0.06885060021978089,0.045390547131919874,0.038401644734404404,-0.022896377085259313,0.04724778980755511,-0.05543553266334071,-0.002327857728715019,0.019931087357421714,0.10016782310009455,-0.13208225958398323,-0.023651288889439733,0.0024263680617872528,-0.05704775214828501,0.054061331693515687,-0.004372100509850156,0.03063747910193938,-0.022899585058422954,0.03846072491991363,-0.008299149375647541,-0.09688783057491605,0.03631275805380881,0.10118553148736359,-0.02380707121173533,0.0750064395707867,-0.04642683662818066,0.022802391454234277,-0.017534335184272686,-0.052459298676482656,0.05171641615423328,-0.006435995120990322,-0.0008455589301701202,0.06344191692882348,-0.005427557153650671,-0.0538141474865762,0.02040950680624554,-0.04179077998167322,-0.023264075307082653,-0.04184903174810622,-0.005913855122428999,0.013727051972974838,0.026358304770457922,-0.021179880765042205,0.028285315149323413,-0.055878408144421916,-0.06438678760946674,-0.003318997151837486,-0.00914335933057547,0,1,sport
91,0.28264726328605405,-0.0580085770470511,0.14322761322261857,-0.15407144646499957,-0.18658060548603983,0.010904488778448622,-0.012647329792304216,-0.1004031468092223,-0.029423531342329005,-0.16399202588814066,0.040125616391886644,0.07517765023395957,-0.1416693893095257,-0.01159822128544429,0.03848280017265211,-0.03792761547361015,0.0323827486417087,-0.0678784656363825,-0.09565087253541887,0.025394264570645083,-0.004183811232566968,-0.08937549897960029,0.14079498061540013,-0.028450081602044985,-0.026522741143277448,-0.03214868388296981,0.005778640432367282,0.056646659867292136,0.07441402125133408,-0.0610388759214457,-0.10389724634234308,0.10697662212861386,0.0904091715869645,-0.15218820807097866,0.035998951017396225,-0.13321565412763037,-0.0483470149075867,-0.03616952057584457,0.2730216585907345,-0.0010977629988659077,-0.0565501530203617,-0.13252343132642427,-0.03686304075722141,0.06097333133783351,0.05117343450577656,0.04805060648624319,-0.0596448813963274,0.07443247387608785,0.0633202988330902,0.12201115893630081,0.14952502520058747,-0.03081860845615054,-0.011036648525976505,-0.019182309785799906,-0.035486080048035454,-0.033955826801541966,-0.00732793387316669,0.09758590419885955,-0.09124094594738778,0.0709645116781666,-0.010011862739412635,0.06090070116746726,-0.04890073936309393,-0.038985627174354616,0.008024223959605692,0.0001233608772536537,-0.07724523730566242,0.04591168937323695,-0.10121030315200578,0.10559670700022113,-0.09389519168520073,-0.07618044737268809,0.014677211087428773,0.03124322578871972,-0.12188136968565154,0.04667762147099357,-0.003214118644382258,0.040202706647658286,-0.03997415043906281,0.09745904437738967,-0.20606584173011888,-0.03408493431059455,-0.04238999348995313,0.0658215273880282,-0.10281118052091116,-0.05798788000995786,0.023915661619364256,0.06071639256583106,-0.10145416494223303,-0.15258775192088414,-0.05000191253551251,-0.0370254282468386,-0.037779430222163526,-0.09477296553821805,-0.050860970599775956,0.026096619332386644,0.04074688623686303,0.0025919879534653544,-0.009603560475023783,0.04404435380688731,0.07988401798736702,0.19743801936241417,-0.04940403143918118,0.0032977366470628433,0.02181942564204991,0,1,sport
92,0.4038452953203149,0.4315036914072308,-0.22751947370708966,-0.04086267339494779,0.042970330991638564,0.026766330480809702,-0.037608756739015606,-0.037274918672929584,0.007720676926129521,-0.01869222905282053,-0.03174494708956252,0.03882700929904968,-0.009390276876109353,-0.023977196059048786,-0.01960951474058332,-0.009208709292356057,-0.0024010700016467634,0.08705441354729146,0.008171301035942099,0.008085601439186128,-0.02932906399101727,0.07648520801056287,-0.05807252694718091,-0.15131262563873607,-0.07357611931319183,0.12598970425652106,0.06630970032636807,0.1949296379506059,0.2100390464273561,0.06183800842299702,0.01424686304785591,-0.07404215247713136,0.021840724548577446,0.04614398928720232,0.013891160704702914,0.13641215345988572,0.08755172102652736,0.05519994130971266,0.18678538359606842,-0.04346510264272455,0.07840773106149361,-0.02481636149733355,-0.021429009240981782,0.0010842885354458455,-0.08267003826153163,0.07849458093192518,0.009692066127425198,-0.09971507761597284,0.009512087399156856,0.013063609566606908,-0.03313728000439329,0.03325610213868585,0.04459233247743569,0.0591594153790899,-0.00023314186249310138,0.038622817940121866,-0.00583745684209856,-0.031040775588619705,-0.0196963119118863,-0.018596057726082034,0.07018301366353509,0.02886509974192798,0.02442509967002579,-0.06453362370634709,-0.002841431409646008,-0.02521938985026496,0.041859813315594074,0.09891758147076503,-0.005078423053016907,-0.014376210272781263,0.02762269242141549,-0.05162712928272289,-0.045450809222784334,0.048806252001995065,-0.10323198887769658,-0.03736827620645711,0.009798355551834953,0.06164260706380243,0.00330595242169523,0.07261660967926926,0.056001166780279,-0.009007651534854902,-0.05084744965185404,-0.0035895569966100287,-0.05721640282554227,0.016816651160068048,-0.03476964896609923,-0.05121174761258999,0.037020397707336616,0.054050656453148264,0.021238409126199224,0.030734267359568444,0.001858389634256117,-0.0686968474858775,0.002186121722905353,0.01816654047025456,0.012814643051702688,-0.0473898673176347,0.005963076607681649,0.041780834430968916,0.04222478107430785,-0.07902717848400885,-0.04882819741328704,-0.038894079024176666,-0.016067206944912694,0,1,sport
93,0.32504588647279126,0.33488931396229593,-0.14490986747601134,-0.002043614112318318,-0.06884201349549683,-0.022719488104715614,0.03572070704329702,-0.006347071092785772,-0.011395532199304607,0.03135769376600188,-0.02839743648157271,-0.029585008067818074,0.006855876708576971,0.012650056784809472,-0.01830192651672175,-0.009941364568648964,0.0011901493751492786,-0.04548793066125565,-0.0038379753930033638,-0.009823570665395987,-0.014289450536693676,0.019822051753995634,-0.004976956622825253,0.04527584259414847,0.04146689675123146,-0.029296553460963125,-0.0032005350461330436,-0.04065198497888001,-0.038756321533538814,0.008169999298962932,0.03248452971404389,0.04122698308192754,0.05847330119201886,0.027096257325892308,-0.005653417054938903,-0.046482278320049926,-0.0671086798773956,-0.08075373163217847,-0.09039850117006913,-0.1677515848090373,0.15385839100756377,-0.13789596319399774,-0.096254987840088,0.27393258114315266,0.03470098763788462,-0.1671713772972989,0.10389423292486404,0.03140882695038195,0.05798040769380722,-0.14979962379291356,0.058219740434039706,-0.00047199639377258217,-0.05890033315510637,0.07260323440133701,-0.0018328328528693942,0.03730615938671627,0.03421328977305653,-0.07475039750185576,0.08438285237543544,-0.007365158400234533,-0.030352236403033653,0.09671011112858738,0.07298022600738635,-0.18917777534911132,-0.07007816559389676,0.04247617482504725,0.029215945151845595,0.018787546593461497,-0.06283145101979447,-0.19035189831554405,0.08570534625619243,-0.0022325809070819296,0.017872533164607494,-0.050613017539629025,-0.12184459472842007,0.04916720460268646,-0.05275569445386365,-0.01982649148681353,0.02822253362150294,0.07522005772316992,-0.0509017348570719,-0.04610350458685978,0.03421023542030482,0.013455356065728617,0.012683955140872326,0.11563259328399274,-0.14065475654563414,-0.06985901484514244,0.1381828259787129,-0.08124687046538186,0.0023383433539311753,-0.011606432980688688,0.0494589364425599,-0.03875275356040851,-0.127954480598257,0.06924180813476348,-0.004231241001554279,-0.04776635386652302,-0.04011219801632398,-0.03706161632697522,-0.11169966191212509,0.03228875524972675,0.037412656245069245,0.06816412798188491,-0.06397986935392665,0,1,sport
94,0.3153647141703673,0.4657379814018571,-0.23823526100664105,-0.007359984678925614,-0.09212954536499329,-0.04384073774948508,0.023650152925409805,-0.036445186653839536,-0.03716157058082696,0.027983012970332392,-0.1006425320496076,0.012549787181507082,-0.011956288992317071,-0.016771990637046087,0.017470870895019565,0.004185586585903433,0.00418251297782249,-0.09389642783834387,-0.01606486461564417,0.0017397374923840037,0.0025311628677363,0.016073337006390635,0.06004360859507508,0.10773576613325538,0.07481455161924137,-0.03398506904861854,-0.07055116704095485,-0.14323422927714458,-0.0761493519324417,0.04021693152498247,0.09533503577088025,0.04432952983432384,0.007914800679815412,-0.04909738034715386,0.08706667615781008,-0.1665269671857422,0.02317611615949087,-0.053405232708362275,-0.008110284487919665,-0.20384992527022897,0.17766396312138102,-0.043414335035306374,-0.07337854250925586,0.15343568793891696,0.06462574100828922,-0.11243857192406716,0.11461568718700968,0.027960215879751203,0.029884372879793404,-0.06805855238253046,-0.029265856747067148,0.003986372954367679,0.0001697823875378184,0.06051359115724025,-0.002281609315602844,0.02860344534518787,0.045545465301242385,-0.11168771845772825,0.0019626026503791094,0.07944718127613218,-0.09028049290718285,-0.06147415603228472,0.017212468860411573,-0.06859275737564541,-0.011320649516979735,-0.0015163234519690555,0.05433086189169357,0.03136952633179193,-0.030906176909537876,-0.0108386584803261,0.03421355991785659,-0.04008494028442221,-0.024160184078965717,0.004115395306782636,-0.013037673580697223,0.01667965961969932,0.006492754080280858,-0.03574144255535469,0.028847321364350954,-0.017898603721719964,0.024766565328669575,0.008077651901164907,-0.03858343956905799,-0.055327591637199254,-0.044262415956266295,-0.002649450252070414,-0.0268174994957539,0.014217424285816698,0.019234737691523552,0.02160599709235876,-0.03466911434596877,-0.005575210873564904,0.0005407196690414307,-0.0037302659615774557,0.05580216947869473,-0.002231844089127774,0.039683194899580235,-0.006942070978221701,0.06650913025677326,0.019789570399836306,-0.004435951742899437,-0.0029120293478711676,0.013376206151599462,-0.06039054719523963,0.034415032560022325,0,1,sport
95,0.28842582540084283,0.5172910187297225,-0.29548809500808376,-0.006944161281551354,-0.01218682863184551,-0.01952027656319483,-0.01208090819896137,-0.03124255212863294,-0.02292862668377568,-0.02463370587111254,-0.14559041309581447,0.052597798257788715,-0.027289185861026827,-0.014933240794391319,0.014587400334792106,-0.021445785237887753,0.023610023897302306,-0.016508024949869193,0.01757107058158764,0.036107314901465154,-0.0026397960420302155,-0.015647418030857067,0.05651204611933936,0.03446676187194818,0.025651603571851075,-0.011257640591762546,-0.08158675683593813,-0.11309273280336317,-0.013467070912006211,0.06365493858340679,0.08424597261024525,-0.01964868119137064,-0.06030988311319817,-0.08992062838523769,0.11817169767397795,-0.13296584997835986,0.10667405856238442,0.0734332422031243,0.14119144965288843,-0.1103481069807878,0.06105502423445522,0.11807533625775216,0.015598095436095513,-0.14354742670255166,0.05972745319726215,0.11887068460368172,-0.029716985699160713,-0.03784355502580136,0.007734228545876987,0.03855358998089754,-0.04514510380694039,0.013482272374766647,0.06537778817458734,0.04308020927377877,0.016376909098419875,-0.01585257179142608,0.033875621251699795,-0.03314117682502145,-0.0596226228388645,0.0644694065293364,-0.03817741519833265,-0.06490236854231252,-0.03121417482485454,0.08585520923026634,0.05241728058765216,-0.010634063965912837,0.025965827990789524,0.007966073752001533,-0.01594898070897358,0.09568633650921403,-0.04796264765224356,0.003501556114989366,-0.05438577242187956,0.012957273472473546,0.06841871160276244,-0.029766930562369353,0.029766059376843634,0.010436134950672646,-0.025356261294227158,-0.013867602078560458,0.10079902564765666,-0.003374418320755191,-0.004513600201260353,-0.03495238468208138,0.00954193033135153,-0.03959991917394822,0.03008332037666431,0.014513711440526947,-0.06643479418380062,-0.017823753003875148,-0.021221663104127795,-0.007025757594219482,-0.016872070241674177,0.07911983002593054,0.04206850827917468,-0.02252971919583176,0.019910187767618995,0.09639935821532057,-0.03339206487686207,-0.026430188445122408,0.03325114592211441,0.02214689336741881,-0.07661648018555989,0.046105132990564485,0.04637519019689446,0,1,sport
96,0.2997412536599393,0.15973836178976766,0.3996467972787383,0.26175999259042204,0.19614750220169727,-0.10395733050688223,0.03255438144958329,-0.15211915417151042,0.04935287425401516,-0.010777947451499981,-0.046892994401524266,0.025180116115178838,-0.005044710514197548,-0.003433864183021566,0.0019135636283481028,-0.009456759631113885,0.028749211460686482,-0.027522828849978472,0.03414473871682792,0.030484284013090897,0.010228076180172322,0.0223150384370608,0.02643993237686419,0.023568376308921505,-0.0014218535402636698,0.006822436132822962,0.014966981616122218,0.003976997833044899,0.04143763431965402,0.038715323339177425,0.022756175950949867,-0.07776630073312178,-0.051611558988538066,-0.035165768091758504,-0.061524408452349647,-0.02391582666353042,-0.0022196542518512392,-0.013123411891741328,0.06310223414571087,0.004713221047752848,0.034907530172525666,0.059113957361567236,0.03924292491913225,0.06384137499728708,-0.029229093063507648,0.03592795592454377,-0.015419987267035147,0.042013023967698813,-0.005619516862489391,-0.019009973558112084,-0.0401101382185338,-0.14778737429590388,0.09104445690061205,-0.031075899925625483,0.036214662778348894,0.016354562762092472,0.012185044067676001,0.07660401927011697,0.09230100666153725,-0.09512742287947609,-0.08055422998523519,0.07383093545561713,-0.0722460239759796,-0.10030434514101777,-0.14370948783073412,0.026204735956511266,0.08860687129629609,0.030094249097778303,-0.050450073895187623,0.1879355701127067,-0.014501164476352572,-0.07140360664427747,0.048484178280243685,0.026787796507624397,0.10286870611265096,-0.0591242257284257,0.08733514145554329,0.11333336181944975,0.16025612835464745,-0.08230044139524928,-0.000761724401894064,-0.04908940159908867,-0.022779044518136483,0.04446628157290233,0.07472613507564123,0.033928191108378546,-0.05147162844677483,-0.0015914372196407442,0.14095447794144414,-0.15615663474306174,0.045338074218692404,0.12667370533951144,0.023626080393129318,-0.014007164953684164,0.07976423943224746,-0.028345283196742243,0.049436037900333615,-0.024538193116879277,0.00509994293074,0.08198696231439048,0.011381279919338667,-0.039835789118409605,-0.018133740621980074,0.02031347092830048,0.08954594732639938,0,1,sport
97,0.36247458544700045,-0.11665729523370981,0.11667319121815987,-0.1601576400903385,-0.16277874251856742,-0.05187124943489339,0.002407486049895834,-0.10790323071921343,-0.06016064909750709,-0.07796570097186854,-0.06271310080198365,0.04059329804528973,-0.06345615468011089,0.07788438285111934,-0.049876217412170555,-0.18430055036935722,-0.06690038825345083,0.01097770914779678,0.057072818338407334,0.051376577085471095,0.0756652365211957,-0.13450573485788006,-0.06840186015620225,0.039812215777143105,-0.0038386670549169235,0.06313673699040631,0.09751596256800062,0.01654956276752508,0.04589568738300214,-0.14364687405335475,0.11307031481732849,0.07661614605972289,0.02604191782304576,-0.1555848061245505,-0.011169568364920399,0.05393040184599911,-0.0012295190971975858,-0.121370727805546,0.11505824414482728,-0.09536187006577043,0.01402521915783478,0.028019892338350606,0.18489011317606685,0.049848995758879626,-0.017905063429099397,-0.03287802749793032,0.1032609597066585,-0.06479799830168782,0.027289976872854324,-0.08909036353438664,-0.1444345312254371,-0.15990211644691088,0.02367519870495896,-0.014351012188143605,0.23024059224418378,-0.009642555444516032,-0.14343986463062264,0.10467473429471215,-0.037359300192237425,0.00610191190597795,0.06240222754647789,0.0268970890021149,0.01804761024875196,0.007294259793983072,0.012025787440686362,0.023982465541012864,-0.12178499279691438,0.03901402842388469,0.08120126074530057,-0.02885094252041712,0.017538699348073235,0.0662896196369426,-0.07215859139059749,0.00031925038788614414,-0.018855715254143784,-0.04668194817573032,0.05598152766309628,-0.08396928621835884,-0.05397529751652019,-0.0591775504006361,-0.11149973621211788,0.09337662872965828,-0.03325443842433882,-0.06889946871653804,0.04172986101634681,0.11014974399480722,-0.0355838388413211,0.03836828319014033,-0.045762519694716064,0.060373667707234166,-0.07202229126147221,0.09500883602911225,0.08146136820927265,0.11129519362072804,-0.049264925396252615,0.07751850701937063,-0.011542231483348276,0.042243101241379,0.022596905731807636,-0.019938234688570266,-0.0390006985622738,0.07524276042128565,0.022566262398277085,0.003393988131134854,0.059478535684641995,0,1,sport
98,0.31429321154846557,-0.1130927585930763,0.09469549285920552,-0.14359626890402283,-0.15196832574446711,-0.08238316309687274,0.009909164784688222,-0.11690587934290174,-0.08451104782391647,-0.10347088415729268,0.021222731031625967,0.05034405680709173,-0.07148814807321906,-0.004733381413122681,-0.007491006573338896,0.05567429114983921,0.04662940206327721,-0.01905930428703432,-0.03537409663283719,0.03308826616817109,0.08397982512795184,-0.1204950953083259,0.052603099257625414,-0.026314932464585532,-0.07322979491893865,0.0014992376117441953,0.05921973278604521,0.010882483938665095,0.02369874751434306,-0.11618236546323023,0.028264010116934753,0.17677778246433132,0.052990968759169386,-0.12350948560920814,0.039136494704398,0.00319743909216396,0.03521049968579288,-0.01962766290594041,0.19134167090583348,-0.016624862755476855,0.00044837794052756514,-0.09235478880941768,-0.016980763780243394,0.022714675326711436,0.03313143560321742,-0.09901652407195352,-0.10509033718620629,0.0636816001196711,-0.14853116353582493,0.09464737027639568,-0.018193629487075043,0.022344013834550713,-0.02026940913602552,0.021945302055003283,-0.03956160814199299,-0.047939046863256236,-0.07027032620620338,-0.012709266508319661,0.19770254189116326,-0.0568571702308378,0.13644461470376212,-0.06368868182294256,0.04752611234546879,-0.06462702000535804,0.060009157440787754,0.020906640821494266,-0.015640439030870975,0.2026579543188351,-0.01828530790691652,0.03885235567732803,-0.047454434178463845,0.013588971870884155,0.014227992975484742,-0.11180575297608032,-0.04250844196626438,0.19286952453038145,-0.026042545303195053,0.03639666415590809,-0.0012542708712223254,-0.08196077019529725,0.15861909754829612,-0.10652554889673119,0.22244269046172677,-0.1475361607662734,0.12500672932266815,-0.1442413138635858,-0.02325232906654791,0.05685429139439532,0.0505264997582663,0.052893413747236204,0.01149907042459332,-0.008059918484762164,-0.1772557860438457,0.07642775642856449,0.1146912884296769,-0.13544848598830975,-0.01047976930621744,-0.04079744694811583,0.06300074308006136,-0.14129794282777072,-0.064107292181747,0.005693287637083376,-0.09305712414754228,-0.018288029271059648,-0.07707323972781287,0,1,sport
99,0.3133061849379745,-0.06825913937412081,0.05311112012203602,-0.10452717376097813,-0.13556143597312498,-0.0859367623490771,0.02028968248015338,-0.09210197315245543,-0.06596927298579332,-0.09816204837436501,0.07083963283174531,0.013184157002937874,-0.06334354031338807,-0.05342402298252524,0.011219885718063703,0.09151275291051397,-0.015909542049289974,-0.02201942359317284,0.03601796069886941,-0.02393182853903512,-0.029371430749910478,0.09606545781641908,-0.086004707054441,0.017875143146645036,-0.02618679051134548,0.10390964257139897,-0.03941194931524488,-0.06727114142535506,0.0012296451010848485,0.012834621935901713,0.05943466864808491,0.014029872572770037,-0.05095203528279547,0.07216068435323593,-0.040382760568231646,0.07391498721584754,-0.0007068969851244427,-0.09880598172143666,-0.08211289526975617,0.01860189919577215,0.009733108421668963,0.0405075626910335,0.07962262150578507,0.10390117451920435,-0.016435647402386636,0.08513382656593468,-0.08515922209909615,0.049828454399648024,0.0462595421304515,0.24788290658219106,-0.011146097224606398,0.06037419761498508,-0.09969023364909797,0.1762303065368658,-0.05309480339987082,0.03935637930667192,-0.00876891090990236,0.003267021954334892,-0.18114489267492298,0.02652823148657481,0.01767672740011451,-0.07220143739095204,-0.20589376536450968,-0.11692315783257375,-0.09739737744571628,0.10227703806531156,-0.1386750117092262,0.02060088167815488,-0.12329532709082767,0.004186041910605559,-0.0743910565484403,-0.12261073517172574,0.031880302862082516,0.02817888846291465,0.11857421232248924,0.027972695957950253,-0.14192355099621548,-0.042125073503537724,-0.07033884321845477,0.09999335159449158,0.23204569986530302,0.03337455557172075,-0.13533342873095675,0.06288952373123721,0.20817257531865713,0.2130966056936704,0.070206860958113,0.0558429822086851,-0.001547314525284754,-0.011002576094438755,-0.016280138632945553,-0.07980137556909186,-0.06888326648030824,0.18037107421048762,0.04584501758522183,0.1845238683384708,-0.043075804356657595,-0.06227395095956006,0.037132095892209976,0.011233333658919096,0.03557958354926626,0.0345615917398852,-0.027800730896179356,-0.03515706550468539,0.004665989290768193,0,1,sport
100,0.3343127652702562,0.02331737481822265,0.13640740167570786,-0.061122649715893984,-0.11632776523959162,0.029497626333985845,0.0005819332790362982,-0.029692834078802965,-0.015664506390056582,-0.0184503631824843,0.03432059203480808,0.010843167469224731,-0.02716746661333837,-0.009724972254349531,-0.019823042130699464,0.0142887330030817,0.035654903547821755,0.003993533634176156,-0.09659078955751661,-0.03665972776694583,-0.07655585968436956,-0.19651136357656193,-0.13845362412168755,-0.015990453321901923,-0.061109401907564344,-0.0013070575130339226,0.009937980604039009,-0.010304308282505323,0.026740507960435395,-0.1604314912382247,-0.11331871934040474,0.05876049838296147,0.0009504072537848919,-0.003001354152729859,0.02983769587738636,0.04980749734593768,0.04064770206758343,0.0657036067227897,-0.14688885405469765,-0.09058019393652036,-0.0375578565269966,0.08034088229998333,-0.003300325608112304,-0.009817005063662062,-0.0019405442326058554,0.03407864225624789,0.0610662326026288,-0.07937762887468679,0.07581682400057248,-0.06655902339036969,0.11444860288714885,0.17025891110309568,0.1303846054299453,0.051242304782766736,0.0672027200675292,-0.0525330518348743,0.09933131833481919,-0.10635747862082504,-0.2728205803248802,-0.08669887334273865,-0.17192121969732932,0.1428834273388426,-0.11438283925340217,0.07916669953930043,-0.044105366922003876,-0.024167527877246246,-0.09749435668046244,-0.0016757040060322737,0.030913051470041416,0.22028795442489466,0.14191456087469534,0.0058313241622227575,-0.09486236854639273,-0.009486343517281984,0.003514311157982194,-0.013542593467481677,0.03438719233235981,0.18259626765504014,-0.02402124379307898,-0.12382303886431358,-0.06320344632316188,0.023985337050351285,0.05135070856149109,-0.10253517940218201,0.01861009138594259,-0.0008278425500537459,-0.015053534360150353,0.09740419635619028,0.11865861673985341,0.17485934841408163,0.03426972695077525,0.1055169414260458,-0.10882614673824813,-0.09023726540281879,0.024082801749241392,0.07161451386705127,-0.09370164387363607,-0.03965151258140243,-0.10956463951160793,-0.05497891673610268,-0.014283342562247657,-0.02703899456711525,-0.03690117396160815,-0.04163012642933507,-0.0203288055865647,0,1,sport
101,0.2566213932976748,-0.17029271022852158,-0.09505876704663663,0.269500901310207,-0.17843055195993002,-0.034819727034951474,-0.21016571064859454,-0.036802765537621504,-0.017558561623165683,0.056622602522664225,-0.0853812045098274,-0.07673628801852218,0.09280644532502678,0.02158364872151923,-0.08919740946933669,0.032604836692052594,-0.3200808249586872,0.04468130469860326,-0.0972976431754959,0.007185403820216901,0.017815442242444163,-0.010190872151552273,0.06597222541216383,0.03084687194046566,-0.1343177155465052,-0.1657198636555105,0.19749995951883823,-0.23123713252497416,0.23984896013628468,0.056592243452077765,0.06732672679188874,-0.10025245328606638,-0.007287410037001344,0.09744164056392048,0.152106225729471,0.03891323073116705,-0.08282601019189564,-0.11946149361696357,0.07119128758524904,0.05791219094807195,-0.005405405447389587,0.039870238110017275,0.014153139870569185,-0.00773938224447082,-0.007315827850457119,-0.05546318655267327,-0.07706339509306186,-0.018916283067258084,0.011548214798032693,0.06292491046576915,0.00892796703769844,0.07209752590874259,-0.007395948030403415,-0.02340593617316547,0.02091152127832015,-0.017265091467477935,0.009426149950398987,-0.09496287556012177,0.05061418677611638,0.018039317195140635,-0.07023123931764566,-0.016308239459825544,-0.053795761462415714,-0.02474270059744116,-0.05433763799541674,0.07652250586010097,-0.04356681504759614,-0.08293787789490382,0.06886907765572699,-0.023425347637300108,0.025363146537512513,0.09327557225338265,0.047675574057663705,0.078145283117402,-0.07569673316399042,-0.03742475663890181,0.08666464074798332,0.020885170256939346,0.01311721282565785,0.01375946526982903,-0.02756023466879759,-0.044751845824364124,0.031054995529180916,-0.040184136344815644,0.0155740528424726,0.057879576971803286,0.039420833105190296,-0.011463492323075718,0.01848467322555471,-0.04303060813944787,0.019443473775915564,0.012203987851998367,-0.028505512050417927,-0.006087204373048415,-0.026148587005967706,-0.05748777828315677,-0.032153639767729454,0.04649742046489784,-0.04798068658990337,-0.06614478495451802,0.10952702281489679,0.020967562601094097,-0.03380867618958915,0.03110085906496719,0.02994381498601507,1,0,finance
102,0.3033681553897402,-0.10140152434890388,-0.03627261355485317,-0.04802943643979325,0.056898212726534836,-0.12814247819314678,0.01408226671809531,0.09708759834587372,0.0723594727953565,0.06696182040513027,-0.06512826383283579,-0.09815194501221804,-0.17261225981947195,0.4470073385750939,-0.12050140938643866,0.14481517002018598,-0.009837852364296198,-0.04581437777241494,0.023064000080965763,-0.0666352011023151,-0.00804248362009719,0.09840998412286045,2.111698063829849e-05,0.043066674360977726,-0.06916932547541255,-0.009542353173674462,-0.1663052819373915,0.13894336764635046,0.025542411641056934,0.025812769176189188,-0.12746094291574014,0.06250990717816253,-0.12204069920424156,-0.1397791624938211,-0.014337467873244858,0.04052268043411555,0.09765742425653585,-0.17632140891738435,-0.02016256919446101,-0.04451855423248449,0.014475309277848966,0.0898153861232418,0.07815188091505626,-0.15252081309082036,-0.058617580215403954,-0.12914322804220252,0.05298023294194868,-0.035977323672334985,0.04972300857064587,0.005822249542966819,0.04660267412992558,0.056026381477347974,0.1110378061467793,0.031713599158165726,-0.001817748115141562,-0.13602374430145073,0.10081553492540146,0.0769255004862623,0.05536438806560644,0.1343118653394847,-0.047126376156956834,0.014659923200892001,0.007038731801115338,-0.023344964122953876,-0.0475212266220533,-0.0626139527663411,0.012692396591340818,-0.058721018253666636,0.01993166209463932,-0.02660391533996888,0.026900691050368804,-0.0392549365652419,0.0902478222945226,-0.07114246071852755,-0.011514753923321783,-0.012476498364340071,-0.0813834508606804,-0.02594154706683418,-0.07064158378842836,-0.026101667586998174,0.03430189491787015,-0.028294493085727197,-0.05728266572266926,-0.03419786298343716,-0.05703563797834623,0.043371791145317674,-0.015576406229959249,-0.026782178905556068,-0.05352509840207738,-0.03281015774004999,0.05088725729243128,0.030990073814968933,0.020666980009980632,-0.027482690746494936,0.06099685009689056,-0.08858362332761562,0.0017698786948499325,-0.0464394779734423,-0.02133033864772813,-0.01953824444846634,-0.021757792936339757,0.06074055872295874,0.004842530940398853,-0.030412959156374465,0.04864974677447265,1,0,finance
103,0.2751651995686633,-0.13512500572144845,-0.0630260560383463,0.07142915304826769,-0.022862431893007108,-0.11355293709514827,-0.05121727245393287,0.021846968174012896,-0.04133601878609951,0.07379371910203601,0.001201690953682816,-0.011711903075605445,0.16726446376642007,0.037094014258998324,-0.18787247077873426,0.10308037421743899,-0.17725299896743302,0.05025363357954177,0.0699093398925101,-0.014896303603194628,-0.0735409113349062,0.07438692103940762,0.2165201331726174,0.056183350314080956,-0.093038388759751,-0.23440346823323557,-0.14524756742933537,0.12099395282404703,0.21193794402701593,0.11397636604480449,0.05794967763949172,0.2913999164706409,-0.09124128382958233,-0.14221291892451982,-0.12442551881049886,-0.0020611258186737738,0.1650939393735438,0.16832113639171942,-0.16930169739620518,0.08412410641071603,0.019924011736893132,-0.1248293378251396,0.006300816394777527,0.034522565398766136,-0.035052212605982,0.09556522404750566,0.028916153774245883,0.012279573173353191,-0.05402765607286752,-0.0627431157790279,0.04411239001345943,-0.12376960277877543,-0.016251789534337313,0.03804693945949772,0.037760415882783935,0.09338196871777488,-0.08743259395382229,-0.12191264928074573,-0.06644006815657962,0.012726609082210051,0.02067372820566251,-0.017525950579696036,-0.08251712072156264,-0.020529579442098374,0.048149303437558445,0.04438988699803355,-0.011158891221181246,-0.037041211960769004,-0.019840661495651585,0.030839450795617524,-0.013807077351215858,0.0049148338976763,-0.03278199019360893,-0.024732696478589406,-0.04470240106963162,-0.019028586114239784,0.013047549671241075,-0.025866425339514675,0.019448619959876765,0.03219518192763251,-0.009253101888258439,0.017520128028325473,0.035817901044838646,-0.006971040403148763,-0.018109010743297533,0.014274732194085383,-0.010582060437449739,0.00713574604613229,0.013596895025633056,0.02181749420869465,0.018156707335399,-0.0012341113435570144,0.003436176716132423,0.04119238705155673,0.035482491533919594,-0.019043033592670434,0.05099969800269901,-0.027421746310459245,0.0124874503534443,0.004382045919664775,-0.006181519346685927,-0.020348626400366988,-0.0078441760911295,0.042805321805422444,0.03544298370868186,1,0,finance
104,0.22140936916275436,-0.09685267293467077,-0.05392362597478317,0.02020642494233031,0.021866359801117934,-0.08083119462934459,-0.003870638492335323,0.006025097673760156,-0.04324404927357945,0.10875697834839917,0.0296521891232794,0.027609525023450182,-0.06716070676976689,0.05581559207226853,0.0242071981617888,0.02999861427093147,0.3275444509158786,0.010959809323291613,-0.08574802914316884,0.2783272557967249,-0.12838830041227323,-0.1506202992674805,0.4023242694188034,-0.3323772812743231,0.09789343065412176,0.11344821592392047,0.1229185006494204,-0.043816585413040246,0.00790695296403302,0.11843489464230933,0.1085229930960318,0.029702393750269663,-0.0022827262098905577,-0.02827774216275711,0.14310313089841745,0.14296651725324225,-0.010901484529514954,-0.027126250928391,-0.20110733259514088,-0.012818582437876843,-0.05008106331262374,0.06672530300929544,-0.08651107988492511,0.0054509974464362326,-0.07612622948334766,-0.07078130174316184,0.009203954515511103,0.07945487325033682,-0.042226719263465974,0.08713209262441092,-0.04575293848165912,-0.0583808695819575,0.009640846955212149,-0.09835753258040134,0.1024559593043356,0.019425886155944105,0.006290750188454272,-0.09276943496955334,-0.06069400329315504,0.04189353720536885,0.02103695053410901,-0.01656810892932819,-0.013137663468577587,-0.04798296307032715,-0.03377893860901555,-0.09861560411181154,-0.0020317629222717823,-0.029129195763139992,0.006892934603475514,-0.030119645570298136,0.03332396007963238,-0.03539618080670547,0.002111029213869311,-0.016381836495792595,0.05553794196923843,-0.03558344502051371,-0.016243241592989646,0.024279672424138064,-0.03446994068818658,0.007791073206417091,0.005780612314582279,0.01865841364532057,-0.022672935600279748,0.026715274701673893,-0.005729965307251143,0.01167766000805101,-0.0021752352985879297,0.019301942079362214,0.005054506580707476,0.01911057806089184,-0.013042180043630253,-0.004599927671796957,0.018904144606172464,-0.010950458321505869,-0.01402809504356602,0.01667590616170225,0.013869088863994102,0.005024324442000471,0.0024981658536611506,0.006604397480832414,0.004117755526451443,0.025653896032013835,-0.01386403373210062,-0.016837194298611597,-0.02106304607224381,1,0,finance
105,0.30709501057411426,-0.11263907779956538,-0.0980694920501399,0.11972409206281617,3.763031767545569e-05,0.05613645467772183,0.08367501184345265,-0.002005609545920113,0.004452450768300972,-0.06200476410188183,-0.01903475501934181,0.04526205092683353,0.03783023597578214,-0.04717261211335676,0.03309657832447242,0.025347840342310256,-0.0400642203624945,0.06869737906597488,0.13475055974182715,0.03085575680127748,-0.12530659056660626,-0.02183139143276875,-0.07282060270631106,-0.0863052861032923,-0.06449398256047144,0.0022776598939327542,-0.05501708219236967,-0.005284080761709623,-0.11665321066512967,0.07354869991528024,-0.11682361541745193,0.10238572030303303,-0.06091992234281167,-0.005382944795202061,0.02313663286165353,-0.0007301534533734157,-0.21943561656537047,-0.12295375695817198,0.08192027993054007,0.052837894195310604,-0.07853752800557266,0.022858895850488906,0.08903959758494484,0.12966169978291556,-0.12286699580515015,0.01821926746621961,-0.10995257852508943,0.17566509732485527,0.017672374163133185,-0.1597930523047116,-0.12003927220095548,0.06260016910938235,-0.0325217155276191,0.1261292225124005,-0.09221285600681635,0.12226835456069143,-0.23227451007063352,0.03488167868553615,-0.000565707050903604,0.11369065770713883,-0.11485995795197834,0.06386544295241152,-0.027043719847746856,0.0024457248227161155,0.07307971151759858,-0.19576730906970102,0.11517637099978523,-0.05820345279759879,0.07085453665987297,0.0418203081633041,-0.09803834064214202,0.08283835630606914,-0.10241099382433978,-0.04929395280853345,0.012941675342497546,-0.06364496060943933,-0.014786278190076965,0.11560067180762779,-0.12539167418498653,-0.06679755512497786,-0.038489374309159365,0.10376742948924517,-0.059005573377137986,-0.04441701112707018,0.005069951735263131,0.01132560266225494,-0.0722219019701537,-0.008295698125727466,0.07887774692181372,-0.038991779637844316,0.04861371948781672,-0.104323941426507,-0.047084134195799356,0.035700306892245855,0.05694606322677036,-0.05942736217797526,-0.03708572723872184,0.11040581491493713,-0.06177270885580504,-0.01038074799255221,0.09153802245034794,-0.03126380658402808,0.052397895144056544,0.08555251082181906,-0.13182035063449124,1,0,finance
106,0.21302666629790346,-0.11137411984838615,-0.025083055093870286,-0.015136951554301128,0.018143778353964548,-0.12429081005393892,0.021130546633967132,0.023998333245450074,-0.027957498995199295,0.08867829614367458,0.029924264682642372,0.07565646513128758,-0.11422488770393896,0.05491751459956089,0.05434862770164518,0.010013864335636564,0.2986182800120836,-0.031797005714182494,-0.10851166402648092,0.2184074430887426,-0.1145347922998058,-0.19011528951093812,0.4641355260418063,-0.3457137689870609,0.033518937631412664,0.07381117435560475,0.16480795760330597,-0.04022615262025363,-0.00489215509121594,0.13316883363534035,0.08502341444688517,0.026218032813477714,-0.009921524240775685,-0.04525395388997121,0.09544040075950914,0.11005216938301395,-0.028650289701476275,-0.060608128197690465,-0.16098636535275945,-0.009220436831486212,-0.003543587692159504,0.025302356783091076,-0.05403142830695242,-0.002365026420158268,-0.08340581500207708,-0.08133086318111768,0.003155516841749069,0.03755537282226713,-0.037888171086640846,0.1329609681898337,-0.10501444558352256,-0.017684239489778673,0.028155616249149674,-0.06587264722754552,0.06244145052704391,0.023669476336075485,0.04357857855002624,-0.07548154963121743,-0.04694600209080598,0.002291691544983206,0.008619667242662011,-0.014974805174330672,0.015660531970950985,-0.03831510725148622,0.004633274405471367,-0.07465185482409199,0.033034950135360036,-0.045638345852329947,0.02447804534768298,0.0044163544831570985,0.041550137483790495,-0.04490194992519099,-0.056766825046830324,-0.0602991069072026,-0.003098614326118668,-0.03350641792259616,-0.02182425681726881,0.011939205300473531,-0.03531101122762703,-0.014846315382096357,-0.00011528001736172894,-0.012068646046117055,0.005733156176553008,0.027105024977845393,-0.009197129734035789,0.002597383170505892,0.01519301304475061,-0.041856378538180916,0.0019558021767072955,-0.007836495024176944,-0.0012710192919416262,-0.0027506181810072285,-0.005358282735353553,-0.0014259294207542301,0.0019389843196130085,0.010643073452688164,-0.0038394196236570715,0.021291441247773567,-0.0006720150883685258,0.005500791628683052,0.005473452254474874,-0.02331671065964331,-0.0326803924320893,0.03565283119162801,0.027400635823391212,1,0,finance
107,0.2506310332634963,-0.09577169224355107,-0.03434428926293393,0.02024708320666599,-0.016871887872621873,-0.10396037618057342,-0.029927172271574036,0.035758979679480364,-0.0039449523742995235,0.0411132371303499,0.002962287829888527,-0.0013888233595566982,0.11996913881721984,0.04868617615038915,-0.16303624606324485,0.08123593848700672,-0.1102955686213848,0.026328096785407696,0.02670456362104724,-0.03646671362075941,-0.04559942746751251,0.07983589889251588,0.2616161193373642,0.08062355313574117,-0.11483333855287867,-0.23865672782906466,-0.18579985725393103,0.1548209831266966,0.20744063650255828,0.11643000415877293,0.05957355217061529,0.33134336591653946,-0.09829091943773563,-0.1796795862725474,-0.12365047084037238,-0.025456228085713115,0.13048735922487745,0.16383445203517014,-0.22369269098880223,0.08466301213808684,0.042590090861406235,-0.11461867546268158,0.026503713512746732,0.017817238751806092,-0.12275517854642096,0.14552199336694502,0.07765742464900474,-0.014820765889724799,-0.018805718755333774,-0.07210570271894652,0.040972677981178714,-0.08938318945198183,-0.05044420617901176,0.05743295111952675,0.029371836547847956,0.1274054608808992,-0.06552113551959775,-0.017100122757011605,-0.07400722012506505,0.03176325867054426,0.028175209824748623,-0.03776222241237931,-0.010590093187818455,0.0035536311148686123,0.05758771593408957,0.015411802070358948,-0.012370488190486034,0.02758351243368286,-0.055090884957314776,0.043716059619454066,-0.03292772156516262,0.012202702704247472,-0.024985815879102827,-0.00030033277852551006,-0.03755158199469167,-0.016774802923909364,0.03273943365829516,-0.002985363650519206,0.01820632504881659,0.013730737168101446,0.0007620189530190201,-0.01971134687139843,-0.000706316636096339,-0.00016749643888042186,-0.0034814756912095075,-0.024713995848742974,0.027543025457846145,0.0018447414874291715,0.047582553758347614,-0.01410723466090738,-0.0016104887507700665,0.004214563414317843,0.0015151620847649286,-0.004120688031639862,0.005695879418650296,-0.02117334836620169,-0.009237213484983416,0.007096179436109092,-0.044553196162855954,-0.0119617852789396,-0.03359983865896457,0.025620822726943642,0.032783147870375985,-0.00472583411519896,-0.04658961100395371,1,0,finance
108,0.28523710335389735,-0.10807732263850174,-0.0102303266510788,-0.007178551639795225,-0.06526916220105886,-0.2594884633229066,0.10926788607627658,0.22870423226102296,0.277584007129306,-0.08831093999301244,-0.07980398644709084,0.051762590751329045,0.006476643936608668,-0.0481408108869913,-0.09159042694517584,-0.02001334888442512,-0.024889079041009687,-0.002246771158851776,0.009944527208155817,-0.033342160602665025,-0.0034339982160755964,0.023342995188953358,-0.04225542851277193,0.0216917905870015,-0.013516069562964122,0.03342297775498316,0.01934959883980352,0.010003568855272368,0.0025235133178393423,-0.03529555067030765,-0.008244948340357543,0.03213627555620456,0.022605156923223846,-0.013328356711378296,-0.027779836953727346,0.007411081715665246,-0.009581098387226879,-0.06849392251947241,-0.006579534334625478,-0.06058964011010477,-0.03652743473613206,0.024698600998029695,-0.029097460208553475,0.0021376054592370936,-0.022166900806181757,-0.005939791802385794,-0.13808391790643465,0.032206931711750396,0.03458340516448096,-0.028872472740567392,-0.029865757336325915,-0.05853351604544694,0.029560967290463192,0.038378840005123406,0.020908448324202453,-0.05189456184637513,0.07383872487950743,-0.028939397007064518,0.1222502967426251,0.038060959235117764,0.019971266016934608,-0.048400164909662494,0.002098469425300518,-0.04073188038607327,0.00912844096489111,-0.00910381273705031,0.011262945393748518,0.03592360438611197,0.07259696967765508,-0.02899321600574252,-0.012318318638265258,-0.055719024447590616,-0.00726246648064714,0.05690992930802152,0.05342207938346172,0.12877145977893076,0.0391425167312583,0.017622906772623133,-0.14943033398582964,0.1473683963743534,0.030305989599035,-0.09521976956804581,0.006892640051248486,0.1406539161477141,-0.1936799280974924,0.021937593203069965,-0.005570468563350865,0.1843432355876969,0.3063961275543163,0.08576941042908685,-0.04443632018958615,0.11230192449201942,0.04799995204228407,0.0827204515459622,0.1319530699015009,0.11259835174238489,-0.10776274374939508,0.2240568759503641,-0.01715991135256545,0.10373898567965127,-0.08181748330751387,0.059858167916661674,0.027270334988594092,0.05833774087896302,-0.029259124551255747,1,0,finance
109,0.3196842200305861,-0.1400915348177377,-0.02873052981826329,-0.03820595027295845,-0.02517643783773438,-0.17908266420558466,0.1080919075695914,0.08991078215181723,0.08653904452158687,-0.06055211586139101,-0.07093043018160848,-0.14737962674170998,0.1329061247880042,0.03743152741737177,0.3225053167386361,-0.051906541252590976,-0.021703988607508648,-0.028165979909316484,0.03188765711111337,-0.15894417181019724,0.013971623021579319,-0.019207893639574865,0.04381091309577379,-0.0041459209287834095,-0.08268743307143504,-0.044003096672557404,0.10510186617577755,0.06683511893358084,-0.013630430797667542,-0.03835025679180889,0.1597082170513693,-0.015563157412342548,0.051177686056064875,0.1438370073862286,-0.0635096877193538,0.003861121003120168,0.18420719373936503,-0.17334938319488044,-0.030923845718653302,-0.14057771336351207,-0.05478298037619629,-0.045142469092813074,0.06855676769569324,-0.03815158686875195,0.06348579005848452,-0.012704239522526166,0.02872780867599799,0.0307353507816293,0.05410687343043726,-0.019351408955829586,0.012056813300266162,-0.034181318499939294,0.05156744552883321,0.02638970568294599,0.024377730193795397,-0.08134502028044846,-0.10569541716464641,-0.006783495561005102,-0.08133273491596467,0.10909536377391664,-0.031040384175422885,0.03836892997653627,0.05207487951412734,0.08453904532244157,0.032107151928056035,0.053070230355014895,0.07993301114991505,-0.028153827585289126,-0.048133660981714614,-0.027654122078276205,0.023731297040460023,0.0028928442009310217,-0.0631747735059945,0.030718780905111293,-0.06112838436739811,-0.011303066795153324,-0.03138672467698995,0.09328923252096945,-0.007447442193811641,-0.015756601949314924,-0.011950332890537922,-0.06369386148022094,-0.004042794888934773,0.06053831807818983,0.13206343789264663,-0.06355187608924541,0.06325728020787166,0.017593871858068728,-0.038277904335485016,0.008053393245516884,-0.005742618010745819,-0.00885129444899912,-0.06294134727790694,-0.02227757662372173,0.06532557929725917,-0.06015801216706477,0.16938918887916968,0.016959913482891602,-0.07959790215247739,0.1150201932386703,-0.04606064013342801,-0.09523294005249852,0.1058974092311483,-0.029346923367322367,0.016295675101502354,1,0,finance
110,0.21162534178023093,-0.10266747784279912,-0.03804827756027635,-0.014945600731128439,0.07182268507947981,-0.0452896679570448,-0.005552061083263605,-0.011396617582010313,-0.042859195126567606,-0.034217137406365464,0.01650254385789254,-0.01597501534990404,0.05013795511823486,0.0013754056246790649,-0.009274519127594995,-0.004277914313907607,0.0028433183996742013,-0.04389555976733663,-0.07901134381476067,0.038176853089737395,0.00797185245401795,-0.10808941049628586,0.017484813862330858,0.3947512447706192,-0.0295458782639931,0.3324671031725035,0.21785494285029108,0.07787883676298825,-0.02498545704221772,0.32177476585924597,-0.09525263964755284,0.11189295492166931,-0.005944867081085441,-0.0023265912983564292,0.01441434790728843,-0.055011600641370985,-0.011859276051227696,-0.016476520192441675,-0.0020560758545903677,-0.014952522736324437,-0.03269052211988225,0.0719917134201548,0.0854642113620382,-0.016963588120944628,0.03541958233140487,0.010688788181930964,0.07474902975227597,-0.018369387621686443,-0.12861727048013025,-0.09349175745083084,0.07041592847788905,0.03530431324991369,0.03879423273698341,-0.0479140999662205,-0.04953940154230682,-0.017229997682913882,-0.019857953644573583,0.03328682081203612,0.00666486806423981,-0.02747979533261964,-0.06946168096830606,-0.0322917521761578,0.025423545782928703,0.016434105309161597,0.02836315535530402,0.017740162197998698,-0.12395265326044914,-0.017370242693691855,-0.03729785418720482,-0.05547019256071256,-0.02411024644887732,-0.05157162614551821,0.02602262399161903,-0.08030882248605054,-0.10611273100253636,-0.021442542570636144,0.030769170309958096,0.008895996896710124,0.001267552551488025,0.05672739710055873,-0.030050583496977496,-0.018002949057599194,0.04619674497103992,-0.005461860466137016,-0.038445442113631344,-0.018471470870836983,-0.01934125689497232,0.0386065478105221,0.021340304079430883,-0.04825837888148592,0.0384773792755266,-0.10132820024554604,0.06708250826214059,0.08193844507751852,0.09282011610291437,0.10468227572294059,-0.0809272627715043,-0.06442290546493672,-0.012849792133535322,0.14526797992104346,-0.013853038632347828,-0.1387786908104372,-0.21472616093725932,0.07599679346144549,-0.011781113378289496,1,0,finance
111,0.3032876756410782,-0.1430749318907793,-0.04403741709912862,0.15941934128289897,-0.13133011399031638,-0.07473543775813009,-0.11751319010418246,-0.031933985842139516,-0.054307934304577164,0.030243068614861805,-0.03613695173053472,-0.07033646335165639,0.13498992849578004,0.038326436551415946,-0.05231224240994337,0.0020902663318612224,-0.1883038823582845,0.03902144113801164,-0.0531474468868051,0.06670878544424061,-0.02137513947517216,0.02076542821464228,0.04221803289847616,0.05543450957911352,-0.035984266645818344,-0.12650957069998417,0.045407755854989615,-0.13973434743279112,0.09694821306584467,0.030946690204790954,0.013718831809635035,-0.06209207844858018,0.022019565034699855,0.036994947453412905,0.05838182273833665,0.030503908328387133,-0.01958226239688768,-0.13640093179859605,0.005919154130325508,0.028864284034052688,0.07885367401227591,0.0029951669281885417,-0.04184526851123728,-0.005157892589782815,0.02282636442208798,0.030219551012513543,0.06606186822424787,-0.08299349614852157,-0.10695157376063688,0.015582801004427884,0.006383785597382605,0.0927215749764097,-0.03949876365592013,-0.018702625346359286,0.08988800857588188,0.055094569632476345,0.1517032518303949,0.04919237933551909,-0.013662429163534169,-0.17797615003922113,0.020600715215689954,0.10276328372470225,0.1405515823218287,0.09497808260570584,0.12813347007142664,-0.11781681656428271,0.11255411938782847,0.08184764332044882,-0.058715201688170945,0.13071700443495451,-0.0637626180268852,0.002472177273337076,-0.02491923327761416,-0.05026601172374802,0.0711935481497508,-0.07704923747857155,-0.20391890465329446,0.01037239954604219,-0.055319460678579825,0.0429670128187809,-0.1764933960410233,-0.04123382352679691,-0.19344843012833546,0.07732347291196595,0.01929142780750885,-0.03847660188773818,-0.13308534638805175,0.1288300582905032,-0.008928497719798907,0.00893368283990906,0.02291045338361832,-0.14096697649171505,-0.07279705325400712,0.10204633975519076,-0.012626841222840978,-0.02667940371248463,0.023677218623673797,-0.07442042095856129,0.16160161459437777,0.06126042060370902,-0.12937932403318936,0.004382717444469898,-0.032096957544577795,-0.17217836602635,-0.19990516227773694,1,0,finance
112,0.3465435549993468,-0.07514938747638791,-0.03458080705383589,0.06696028292735673,0.03430496478329108,-0.055130339061970075,0.007996702162335282,0.00982952528694734,-0.047922776292943864,0.016313322851194863,0.10315870458209304,-0.025407049677046167,0.12568614519469387,-0.004151958986266016,-0.06166920985759814,0.009345591691008778,0.09282010513068352,0.0688465716440919,0.2052467704340123,0.06761229635883167,-0.08836338648046749,-0.02605159691253238,0.038808971570534125,0.00978850387494445,0.04553858077900502,0.06916039765459407,-0.023658219489045902,-0.09257094937983529,0.03200415854449803,0.028042965965192755,-0.06055189448507343,-0.038343548931008886,-0.06437096118623635,0.07917173914410046,0.056954638852961405,0.04534120387851012,0.05152377267684214,0.06460366643319941,-0.03521376950029911,0.07802057281697992,-0.07545933138262813,-0.17148874046402943,0.04336912283489822,0.005854884091665516,0.2246781239016861,-0.14054271263335094,-0.009572445575909187,0.020556050265820913,0.16782187040701402,-0.1622139261177315,0.08733298786264329,-0.04279002004359913,0.10772154532220782,0.13269193451394815,-0.03374184481161505,-0.12697750540577168,-0.036022869019826396,0.010105537331556742,0.09189246366837252,-0.13049421585278864,0.08358474204883556,-0.06277549694869947,0.045498342191249,-0.08279142119775655,0.08243675741007825,0.13513213505625218,-0.051813011728418096,-0.029678810672321265,-0.021047516829207975,0.0981589749910525,-0.018347259977394257,0.15000729556617928,0.047069833749390715,0.01839489987340183,-0.0016882945899846147,-0.0850098784791666,-0.0810709257348287,0.09681882909550746,-0.18494934584488615,-0.15355957760316422,-0.03847560529602919,0.05118772406362948,-0.19161484080610877,-0.0030193654990861903,-0.09852759905984039,-0.04590195513088336,0.09036395180740583,-0.0347966635883318,-0.12672987729816168,-0.09303578766492873,0.029232591852751524,-0.0053176391998750495,-0.05425110805404815,0.07133435561555343,-0.023128333741714042,0.02538371787367965,-0.029133065459325373,0.008113261251057685,0.06005533950503641,0.026513588724619456,-0.04209509400323487,-0.11607589213287225,-0.1405515849696227,0.1893485711725669,0.07343159502463721,1,0,finance
113,0.27643422503674386,-0.1042442643522266,-0.049337345718994285,0.059626949952395064,-0.011203657507986738,-0.10395172252726179,0.0036991792377248306,0.03662640054940641,0.015408580918015169,0.0534715239870481,0.04981925342512368,0.06976367165396673,-0.03631520435872077,0.007432738749772196,0.013440183072306306,0.017830612268973384,0.1919493415144294,0.04525803768514859,0.12989083626668396,0.13298736290333646,-0.03293986400040184,-0.10052985325027806,0.15428559030385544,-0.07667914635387652,0.052163871359251456,0.09628277572336835,0.07929023646555108,-0.07034530362972634,-0.0002430530829090876,0.1058254330387912,0.04276214247290411,0.016215184775755936,-0.0652778155110697,0.03419657907393204,0.04288200056282043,0.03392119267952986,-0.002808247986316993,-0.09537246559002492,-0.16186396493630953,0.015921011485600465,0.056593067954346994,-0.15517638291974556,0.00038909397551735296,-0.03938382454145955,0.13634322691266915,0.05698897252342777,-0.06236625338904903,-0.09026247120697715,0.12448596443515964,-0.1753192022228362,0.10469670104534204,0.00670011211332267,-0.011076943994126693,0.23892511863271054,-0.06778579662865147,-0.12266786473075354,0.009715749387969914,0.07994952038520861,0.1928307497402949,-0.12501054778563073,-0.01713071960990358,0.0682416291214869,0.031253579181126964,0.13281570262681497,0.10833881611313546,0.14559077710639473,-0.13741165015297468,0.20703829878089128,-0.036124420713250095,0.08035952817842341,-0.09210523240127842,0.08675471282115362,0.0850832205958596,0.0018537570788451057,-0.04517384601422269,0.0834194995106298,-0.04987512632807747,0.051827257886396715,0.08653221488525277,0.12261181251360874,0.042289093403647816,-0.003359267545544449,0.0741009809314534,0.02371941129179849,-0.029275920704406024,0.18581905576850305,-0.009841485192088557,0.047284389323893276,-0.0036683112364182136,0.07702299573618947,0.01611009376187619,0.05592729477436339,0.034821480244649164,-0.07288595020044458,0.03082029023667892,-0.01989040578249971,0.04628517632414342,0.049194315219142075,-0.08236085207636733,0.009938987039351714,0.19856071382033366,-0.03080536000219893,0.13228373074852307,-0.10900489675666854,0.020827271719180866,1,0,finance
114,0.4062092339877498,-0.06902880433366869,-0.02682138287518593,0.033010335001895014,-0.011933219334907078,-0.058945189454529104,-0.0019304665016880256,0.0330097942945333,-0.054012856814376856,0.061939110374468705,0.04105521499694886,-0.052764549177900154,0.08124312366971767,-0.058340655176094505,-0.08646004008384607,0.17502955084430427,-0.0026090690370943995,0.08499165827358247,0.11140045831868607,0.007839611563462296,0.016022421848346916,0.011346572373828724,0.0463623138310764,-0.01064040376024546,0.12996379693010682,0.06171065255693103,-0.09780741547420384,0.06685181410125152,0.07102885279262805,0.03249027154117631,0.061327907588632505,0.1340773437403012,0.06743274226556425,0.1363136424435368,-0.05368237888394934,0.022234269962534994,0.01111540649703633,0.20304666895362516,0.03474807758883561,-0.10008804884217858,-0.03314015435329756,0.09116149800842913,0.09594319820696659,0.002552564364109613,0.149320265470981,-0.17746607682490637,-0.12001165494208796,-0.06070060431735059,0.2397686694764039,0.008057987227359956,-0.06620813925532026,0.09283916427780302,-0.12403844270080734,-0.09409515854414044,0.016596340733514174,0.04307698161305799,-0.043717740385548334,0.04284120389667107,0.027270255720907043,-0.011279179455830473,-0.007808739812129158,0.05623802913161679,-0.1111604346093526,0.06000167736130961,-0.1433336076613776,-0.05693741985921077,-0.022506330880158125,-0.04515165271692762,-0.0772728218298324,-0.0224710174224668,0.03774994490813347,0.04123762967833547,0.018190912915621475,-0.06555912660784052,0.006438004569426132,0.006515703483632985,-0.030205494207795686,0.05408500642890195,0.029637908555081284,0.031099490592516994,-0.02495407285922361,0.02225204479443848,0.03280818803140549,-0.06277998186204714,0.04811098160574416,-0.023750359122019744,0.04572217051960292,0.05188021198357926,0.04438684414494951,-0.08210344741720038,-0.09459006578395919,-0.03233584298661551,-0.07548621656945192,-0.15690872503645137,-0.06810662927751232,-0.02666255610976691,-0.12153069223521071,0.015909590403084654,0.1707240026001444,0.050637258371701285,-0.025254323810886388,0.10733380259288926,0.01664878383785125,-0.059267300249298834,-0.0592882828699382,1,0,finance
115,0.3096298403245899,-0.16663073659426747,-0.014925917521705172,-0.03755297274083732,-0.021798720913990443,-0.14914500055152624,0.0122208360583855,-0.03712296326739405,-0.12951829631186856,0.056435729623019154,-0.03671999196387718,0.004196579386429105,0.1385616051038985,-0.0002478748195281638,-0.11137699659600266,0.020930901344364407,-0.07476486716880512,0.011872152199310985,0.18834652295519613,-0.0019002568182892243,0.0034734767213395884,-0.05454519613735834,0.047194167911235804,-0.039704301032326784,0.06710643910770453,0.024632415176557062,0.0730496082007512,0.017318606946263478,-0.05648630250494957,0.021226096896710348,0.11645110622302902,0.08962462732189093,0.10520689194072555,0.09186150992688652,-0.18990703786440663,-0.04776941570966513,-0.20288942864380471,0.0770144378806733,0.07187907875836493,-0.03628333474826355,0.12534594432679833,0.05362187011857342,-0.013369621541404619,-0.14896682789504784,0.00042115750564927215,0.04941973460036988,0.05796288331623016,-0.10330775955429794,-0.010314733827030907,0.15961719657202447,-0.000339683940932642,0.11380556767353818,0.10249646204313718,-0.00915146155467672,-0.10759504558921446,0.14904665597625075,0.1647674635402159,-0.015635737014393983,-0.01707234058951513,0.009605819265400205,-0.010213064000548213,0.013600087829749044,0.008105614718046187,-0.000866056637133856,-0.017033285162827302,0.13783236040831828,0.025101859052456838,-0.02105506090015339,0.0256546853755842,0.025489280601847766,0.05044849804950273,-0.034968346437639256,0.05876086962517962,-0.15640789152457044,0.019955673518234057,0.14484959990475352,-0.025314818938864888,0.027541995219187855,-0.0007681893125288182,-0.10498289289442866,-0.019739541080738887,-0.06327716511937549,0.03468645988700933,0.034718727427612874,-0.09285831518883261,-0.013307823202989129,-0.13389349460978983,-0.11163266776963696,-0.1106599609952832,-0.06683103819529504,0.09309304947880723,0.07011810600138478,0.07886014672168506,-0.06277262719046514,0.10661084272930614,0.020308396952486502,0.06669794050608548,0.005774216319754195,-0.05595485466266708,0.1338190082084366,0.003890975756432899,0.09084317332210348,0.010648655847518554,0.08435284454191269,-0.0968765649814404,1,0,finance
116,0.3378897561868985,-0.04881693983300253,-0.09562819916168643,-0.016957760034032363,0.09129725766013064,0.031218448729343755,-0.024967600967255418,-0.01758116015373571,0.005187945797830498,0.017503909557963975,-0.027952085855266783,-0.007855603991133869,0.007163290901696356,-0.018873167360613462,-0.031204208413648866,0.010810758024249101,0.0751023352648455,0.14409865135094568,0.0063241843594559,0.10674123113078153,-0.08118999989833428,0.09016570107759178,-0.03643412773911127,-0.16669822092290124,-0.0696875158985849,0.07428849706056369,0.042334288174370835,0.04515756400277913,0.131419092094187,0.043949004637335594,-0.00024926978984680676,-0.02553210407977725,0.016266512288656696,0.008933590204685178,0.09592755159459192,0.02537813472992979,0.027981135259285028,0.1283316707097505,0.10666802425767945,-0.07110137603342968,-0.02253054778889372,-0.004460984039257048,0.1223552144697919,-0.08390118666590361,-0.029975736874959098,0.12542204978287186,-0.08007642172706744,0.0654759754001253,0.04451413894970135,-0.12786850408707648,-0.05583942505596069,0.0004636450364951105,0.025987760882261568,0.09326277402878953,-0.02261519804092236,0.008170910329755964,-0.04273602592903197,-0.06784779803470221,0.04082333390281263,-0.021186993296271765,-0.2078083472675108,0.00791229871983402,-0.09775587873084954,0.0015030194585698032,-0.23913890131584603,0.07565147518003977,-0.0669815783780673,0.11729456739633974,-0.10314242863923524,-0.16787837447630996,0.13940909508208948,0.05110413850788343,0.10208088061023758,0.16269802747478238,0.05869659793575845,0.057077613210477135,-0.16635421413743176,-0.28666682367636825,0.02763908576254862,-0.11995234998938197,-0.05183133314181062,0.040965086179452555,-0.01741749508387905,0.01695775042217146,-0.026223236203867562,-0.25983791737192946,-0.053370475834299096,0.14631208917234131,-0.012765869432083432,-0.01375213102788848,0.11969039768617289,-0.018658989742529348,-0.011067732727675157,0.02972619579236625,0.14308243254620223,0.04541557218913123,0.01032744538595441,0.039038367874315236,-0.04317240121275658,-0.05350861943318262,-0.045036963923927566,-0.04033332770533782,0.02607669781098226,-0.08975145976191638,-0.0780731824633589,1,0,finance
117,0.4070267549721892,-0.21448747996275616,-0.07913906159409305,0.046063869009282395,-0.008501944353813764,-0.10148395116523816,0.10244976070500551,-0.015415167600282362,-0.16126623206649873,0.03946519794683675,-0.06643357725303477,-0.09388702122208073,0.31788781994149967,0.02359555424576453,0.043867043095151374,-0.06254783887193203,-0.045395210486507,0.016138797759487372,0.07703294829582917,0.04973060478939449,-0.11480283546518923,0.023109407350675674,-0.03645433260843639,-0.0011570628341817778,0.18453323739855904,0.16277038815829617,-0.07633371062845234,0.05395046906170863,-0.07663118176994708,-0.10428699584716969,-0.22505988329517707,-0.19554636570067582,0.012641475168109123,-0.08378374933888114,0.0888595804476716,-0.02785465840121924,0.10567794691511298,0.04582083660224741,0.013957743940713495,0.040918069253014465,-0.02549976186542227,-0.08114228834012419,-0.08867503348429213,-0.06961246217089984,-0.07544224140174445,-0.04592626501179787,0.11231333547772739,-0.022702696218009105,-0.08941660903629563,0.11639422347996721,0.13309173610812747,-0.13946629732254606,-0.014554187541278496,0.06564811150289483,0.05106421615219997,0.007300616552198337,-0.0034795412106932763,-0.06415104591555422,0.049604097044111777,0.05698821398748967,-0.006453280126579269,-0.1528386480510525,-0.060064629763660116,-0.08252482089744105,0.0746060064021654,0.044397939294802014,0.08473233907378451,0.03733970046438595,0.0513416732387274,0.01926658421706019,-0.002960567014218192,0.005551663476848885,-0.011365998885367544,0.05356447920550739,-0.02330545645708119,-0.002671655022657737,0.031059015000478727,-0.013130347105326323,-0.01882756894959126,0.020502244981250535,-0.05776287851270695,-0.05509312926390049,-0.0007032253772255739,-0.001824112722974204,0.0399327257684568,0.0044354320893756965,-0.06886765099334465,-0.0155772171535575,0.05670043127122988,-0.019366100131036162,-0.013583911182797058,0.010558820543706887,-0.11703679819640635,0.01533702107623877,-0.008766715040865432,0.04441019357812586,-0.006698872796705154,-0.006491888957475493,-0.05717212709562978,-0.053667254202465466,0.09979527691780385,0.019995966746727007,0.024811349156970485,-0.009425955705422434,-0.04300301875259464,1,0,finance
118,0.10756589659270661,-0.10601081034757881,-0.12200184760830565,0.2219247713225583,-0.001926123369144087,0.40974570353944406,0.6458636393011298,-0.06752220516096168,-0.017846800898768434,-0.18483124713646898,0.004028115398767967,0.17353418352983188,0.09755174333871332,0.1529183186535295,-0.1834802811238331,0.03139649851588138,-0.04953410228617464,-0.04598603147684044,-0.13828547961752416,-0.03589648151872883,0.05713278364274587,-0.008194122568131021,0.0454543533988153,-0.0402308340034844,-0.003305503908488002,0.02330488005133217,0.010295556770386736,0.0030731122078501475,-0.02876275161589147,0.026434196710867924,0.08376723809886906,-0.0028126936703588424,-0.0033477020661755704,0.06073945421834952,-0.018089717446995838,0.02237854093986018,0.037926831628313014,-0.022290993173226553,-0.005256340966461638,-0.011147367002299447,0.004876545683509851,-0.003791235177736683,-0.0012114692769320374,0.02242917654888768,0.03575407994284911,0.028990752201991245,0.0025592409755734904,-0.050531882589549694,-0.014103878607839742,0.04447884528162728,0.04250862379388963,0.021495531903522474,-0.03267247571535929,-0.016084156278942847,0.04601991244309362,-0.09802131999836912,0.043514727011119,0.027680800118354727,-0.01940867570649762,-0.025845988583744088,0.02742530764301869,-0.004027700833237329,-0.03909418231507695,-0.026239434297020515,0.005347340958188032,0.020641155579781776,0.04612747744654561,-0.01739443905944274,-0.012548454392569294,-0.009629600309596512,-0.012112469834657108,-0.02416943177685995,0.0016425983232616719,0.05051095413227621,-0.0243995850025205,-0.002475156948534656,0.016024694023204104,-0.021786161482862925,0.042489548367196775,0.013846090875053882,0.02805619863753025,-0.004752664992878317,0.025071569874880222,0.011982392188746367,0.008598761457402933,-0.03953615032252684,-0.021273470307054537,0.0316914553609025,-0.030152575847023376,0.0033946153710078843,-0.0033375012477656458,0.017515155166796244,-0.007595780273538697,0.022015273485111734,-0.005708063622512006,0.006525073640968005,0.03629454562993775,-0.017092980545495903,-0.05004905506412156,0.031908348750001245,0.00304215998226114,-0.036856791204140975,0.005060450635763393,-0.02249442581184572,-0.005753578457765262,1,0,finance
119,0.3334770078420845,-0.10392508943866172,-0.043256933173969364,-0.04579670167370709,0.05152522266516985,-0.14339300189546142,0.012744747273356052,0.08964321745965885,0.0660594758562096,0.07612957235962087,-0.053679383843860985,-0.05141995892243328,-0.19017852884614309,0.43539015322748414,-0.07949937594098166,0.10712057145277061,-0.005398518658563575,-0.06242990365749587,0.009135300369089046,-0.0953442373334677,-0.002255841207574447,0.09601924660722379,-0.027307246404297117,0.022597815307924162,-0.04363112914077852,-0.009283762380217452,-0.1577500094734071,0.119563489797649,0.02161750953868827,0.045923311741217596,-0.15694090125754434,0.001599784544683881,-0.13333092151811962,-0.1142473726561388,0.004696079514830477,0.0468622793753251,0.09014040952031459,-0.13853085197971196,-0.023632021695622323,-0.03750964651617907,0.005216376263245365,0.09062130017582304,0.08233874330895903,-0.0862041482492589,-0.06520142056169875,-0.15752319306314885,-0.020123732415910103,-0.0282284562856432,0.09646935729173393,0.10515340582089516,-0.015367141036772754,0.033783838951962776,0.10391162491596728,0.017432636724248704,-0.03241486791524043,-0.18462652107535413,0.13146487086832764,0.13282988991676106,0.058418036754348646,0.1016828958090206,-0.06934901483965925,0.004443450584925612,0.009634666108247971,-0.016827013010742305,-0.033229698843892874,-0.10403861421058828,-0.01329712802403154,-0.057541172083763095,0.07158235125165496,0.0032953805701603613,0.03242952374663677,0.020928771770788446,0.09549436834721359,-0.05337128066344975,0.0006677376606569712,-0.02180138562170051,-0.10603153480459106,-0.015063857582727911,-0.009745660950416572,-0.0053420506836641245,0.055662595534385705,-0.04546777507479495,-0.03293834695239659,-0.027978043694517122,-0.11554358901380264,0.05842652187597042,-0.03764391784247435,-0.01041334960802121,0.0034712447479583464,0.009674703306191577,0.016422264022499924,0.027528728856242735,-0.00719324668534199,-0.00390292631767903,-0.009568098822140911,-0.09010780174125428,-0.0016020712078561282,-0.04221865821539404,0.03429292341088875,-0.02726377329337026,0.006743739786524004,0.009568896839060438,-0.009295321335179527,-0.0035072483264839143,-0.006359504842655583,1,0,finance
120,0.09339428896896738,-0.05373851743953823,-0.04090011025441733,0.2176063351941305,-0.025720570551557007,0.09111809528821294,-0.028034954505753888,-0.046778318116288665,0.0434374222127979,-0.06910361497077706,0.03169426550158928,0.1106440711852017,-0.07303893905275476,0.032275054023889055,-0.000940656550659362,-0.04860418409682262,0.46947442839330944,0.05591497177471359,0.5180134296347089,-0.1174779063997708,-0.2071297179978598,0.023073916993446138,0.06955092882196995,0.31220436059277457,-0.0800631768666466,-0.19564617110780363,0.08306401654086583,-0.04981987083337055,0.1684629568469747,-0.10850778836046564,-0.043285585579927316,-0.058969358899372125,0.08068719915081167,0.04263415135332125,0.0602320976772225,0.017059338086228552,0.01969891027418905,-0.022518813436704022,0.035228305503367856,0.011559464835500313,-0.004790834481135071,0.09923230847593996,0.0021425781200169604,0.026556346061619353,0.0051097682954719115,-0.006301595485564536,0.03557450186323927,-0.0052618971237894845,-0.07437710104912268,0.036448644023875265,0.014752333748983985,0.01121694506998293,-0.00961554685420056,-0.033533811424793177,0.031199916781689457,-0.002819751024934785,0.00012727368458381372,0.00412483538013514,-0.0406988135408533,0.017964767615238495,0.004939105114789631,-0.012529091383801729,-0.0055899766407220474,-0.006423262691946021,-0.001399065289622145,-0.012583196946891138,0.02020772046398007,-0.01778636364056536,0.013223604496486767,-0.028832247984775367,0.019161664597030392,-0.027577780456900788,0.011144688824766732,0.008605834323155814,-0.025557157658780076,0.004912475080800957,-0.003579552193089563,-0.004106752774858057,0.030601606376690637,0.03545353514033638,0.02401397912327496,-0.026031989658894448,0.03368904721443338,0.010308476549258061,-0.008317140812021619,-0.026205754279748774,0.0031011864907058632,-0.023113975506253,-0.0010014857730176253,0.010731831378336418,-0.012991667416995622,-0.001589240364910239,-0.013261429153343123,0.006899311736013604,-0.02258060597109195,0.018773504102120676,-0.01755676585925058,-0.007105064153813718,0.008304480596849032,-0.005933448000427302,-0.006046417901523603,0.02270829712485507,-0.0013355995615123674,-0.0276633320218881,-0.010077312517092783,1,0,finance
121,0.15283526009593362,-0.12142716151053366,-0.1637205683928719,0.4985150960412324,-0.23215881226487234,0.1715830585522913,-0.2958278546951618,-0.0053692443596809435,0.10678090808407298,-0.055789890222625566,-0.014429134613891975,0.02627162067094696,-0.14932137158677003,0.001030021207449026,0.07081158039323629,-0.0775649442947399,0.1469657988746391,-0.042616635010431184,-0.005521327256491794,-0.07637055044975087,0.08987671017936961,-0.0011392313403313222,-0.05398106644819176,-0.002790573132933012,0.05035911686992408,0.1385633721293775,-0.09616520177924465,0.1545830641638378,-0.14361434201344325,-0.014025497533042136,0.04665213304459806,0.11996482601290068,0.014820783857554405,-0.03854827131178607,-0.09708957423395742,-0.017349761008289694,0.05748543188056028,0.04804659435354861,-0.02436267829429823,0.032553473422210565,0.04608696033526374,-0.05554955127836899,-0.017031856685822137,-0.039962372447062994,0.017518479611546452,0.01689705527109089,-0.01803390879486794,0.014570405652241963,-0.05021031774825887,0.06338056448047376,-0.02022709572794125,-0.005345301254942774,0.023591019218739493,-0.02079961753935557,0.03673669706928142,-0.0005068248852467184,0.02869412218015315,-0.0873777810160149,0.04034659242174718,-0.043426436781638836,-0.04989729117065382,-0.009731026454556861,0.035870952804999565,-0.012057834950123752,-0.05058109147603184,0.07000643799281116,-0.007303548608047711,-0.011067347237823282,0.04213508162430382,0.0024086038490590063,0.10528385512535915,0.08076236644347465,-0.044178020093498686,0.02731498813306313,0.0023749301049733563,-0.04122894935762107,-0.09462204855926555,-0.019554035980156717,-0.04972096759464264,0.0008733665303855892,-0.06128756559411381,-0.021812879150528475,-0.02266762081797055,-0.01815984143189243,0.012640274478965314,0.008004080962792677,0.06780028965213124,-0.011074799377425958,0.03119789400891355,-0.0989896752677951,-0.020722328730790506,-0.022874196324464177,-0.06958720233818522,0.011524101407936102,-0.02751428673611147,-0.039887179614522775,-0.01857356421121332,0.06380347313033125,0.03535036050654,0.03068644944008395,0.10636293674758253,-0.007597807821438844,-0.04982792262074773,0.022803845689765203,-0.06010144091376235,1,0,finance
122,0.22046234573373658,-0.1141671034870713,-0.012056121865509866,-0.00862575866320856,-0.04514370972073304,-0.1065699935827113,0.04820811717138313,-0.0018998455948352347,-0.04892846505764363,-0.05313210782537884,-0.039557125323106575,-0.13034396271021662,0.18492470325676216,0.030954569062297446,0.2566305340855166,-0.08340592279799715,0.03890373903488585,-0.054452112356979686,-0.028725411695661455,-0.20291425001394203,-0.005820182025099302,0.08354183042709747,0.034651356974451215,-0.02873747624820604,0.011023053844206685,0.019669208810523434,-0.05120127088251597,-0.03731754223910367,0.08664782127938322,0.03748754816209181,-0.0807850289669631,0.028223382145876403,-0.08386045153743339,-0.04693337845037458,0.07821506027614902,0.14864187763538217,-0.05017520575482831,-0.09758483694203007,-0.06119923189658993,-0.0208354169043422,0.08009739408983114,0.05222592165198872,0.022746365409811828,-0.008594778608365218,0.15027023167853762,0.03503098314749395,0.1193858528147897,-0.17806837025081187,-0.04136756976281603,0.17112219294186715,0.018212949055698476,0.07605237185638496,0.01449415932363864,0.036715109003053845,-0.0246482675520919,0.004725611214612416,0.030072196754452593,-0.015891956220796442,0.0937887551149087,-0.1706594595827637,-0.04229228191578983,0.1766118751538512,-0.07511230991315497,0.07655417195558296,0.041801409824857215,-0.19209440659292432,0.1528151312829787,0.1367394709478994,-0.09575041118606813,-0.004140710329309137,-0.06498733944070888,0.021123582076205353,0.05879525925214659,-0.026744330515622635,-0.03561596529482023,0.0390515192768495,0.09190778269283534,-0.14629531547847055,0.0257937488102696,-0.004870954308870145,-0.06429006932930192,0.3233144847653748,0.04022987587876709,0.017114065095802537,-0.0441927170101001,-0.08795525242943049,0.02394688897906858,-0.034802049546329775,0.11839997224784102,-0.026176988584834,-0.09056327151243178,-0.051877995044983624,0.022755836023146684,0.10212106560629991,-0.009393593850676642,-0.005487294440139336,-0.008677471886033135,0.0873555850492845,-0.1089454865443084,-0.10647022402171209,0.0035357538588841344,0.10808746856855307,-0.047671778274843105,0.12635566496018016,0.025893462359154146,1,0,finance
123,0.15780823869173016,-0.14046145880784244,-0.11808353757626198,0.16892941104608925,-0.007141438554563445,0.15458438186173704,0.31924975282324775,-0.02271464486684307,-0.03714940914665825,-0.05405705267075896,-0.010174091722488546,-0.049768840515758174,0.05876466134813898,-0.015759842466069828,0.13906510498993607,-0.048940967831731505,-0.029913287392913504,-0.023469787636171364,-0.0058297671725401875,-0.017974041584407068,-0.023316020531951823,-0.012901852163572742,-0.039462557738948405,-0.040643989938814414,0.11241124239212136,0.0396440453516321,-0.06788328316058173,0.008624874453893374,0.047439982224548614,0.004227165413391372,-0.14542228596843187,0.042891733653934096,-0.0492004592036818,-0.1034872306404568,0.08668604007529247,-0.008930972439024968,-0.08234726861937353,0.055501041120848395,0.1099361612952071,-0.012118992144421024,-0.030772674242441362,0.032109252212822716,0.004345620147546108,-0.051454295391199625,-0.1352190526703488,-0.006264781012630454,-0.006610927967237328,0.08592132383555949,-0.027562215451957188,0.023829567729694235,-0.03243650034742965,-0.06345706547361835,-0.03130771456829071,0.0862387769921698,-0.058898171843850614,0.276899168743901,-0.09254899354340643,-0.12059760728388447,0.03208495236780913,-0.00929452633419224,-0.15767107807043695,0.05035002775927474,0.16459909917453638,0.061347922301148106,0.04602250302784702,0.01915310380385985,-0.06919841306386937,0.04628294083828616,0.20690581136724603,0.07897542391951985,0.15971281978185442,-0.07056899586660675,0.0906315549146065,-0.06601684228349891,0.08176560348704508,0.06310675929383869,-0.14576728376707293,-0.026347712198440468,0.03772481531302739,0.1257896811037996,-0.061087686847808784,0.0007240326607980711,-0.039513540761036144,-0.05285884078061009,0.01757435466573015,0.1265564796733324,0.22025040079003042,-0.06259557959970255,0.01266654031748738,0.026896674926966995,0.031621486863063146,0.17122353034037044,0.05597075518459499,0.016187197079055863,-0.023575963073471463,-0.06884258842888796,-0.07530926413831904,-0.034267374469283095,0.1538436197170842,0.005066014214272745,-0.05613319133516663,0.009563497863627366,-0.07119761488281187,-0.07887828445441729,0.1269908208725507,1,0,finance
124,0.33661976697589713,-0.23531763576044495,-0.18716836192782896,0.48925956849460267,-0.22118738733352375,0.10133758159331423,-0.21741344899499207,-0.02142385194644857,0.034448894203733475,-0.023340754951217093,-0.05919091377869862,-0.046864767294844525,0.011723650863443796,-0.007473392753068095,-0.013004112920108796,-0.007269897125174632,-0.10376134927868291,0.006157877415718238,-0.04442781257078353,0.06348138288162836,-0.07783594248038607,-0.02475279200154524,0.029240669381268264,-0.026492353071257586,-0.009769302635912445,-0.007894082683857299,-0.03635072778300057,-0.049974520057938364,-0.021458967696431103,0.0026329106838515214,-0.05865705026975943,-0.051946799345947474,-0.053221887945357274,-0.0188510940982698,0.05622401809690931,0.019011038575971046,0.00747142798519946,0.03947540532836741,0.05135430212785791,0.004019673257224954,-0.07918693472935628,0.0044331810870918845,0.031672691228967674,0.02437439191128748,-0.08960964707190522,-0.04417935818729665,-0.02377077195490056,0.005757251227403522,0.02593233545432387,-0.01922663421308729,0.02635014541817463,0.031117758685862626,-0.022137919132763893,-0.0013859990474815891,-0.04093761988909022,0.05416983156469746,-0.13724008147848119,0.050198623750113414,0.03903413826707366,0.04453186779171191,-0.08888825682195561,0.001111565890427273,-0.028647172732254065,0.02435277751978546,0.022149751412438443,-0.06306679277469612,-0.029682644551522728,0.0507165571846478,-0.013813311361059677,-0.01858627785791899,-0.05051431170359666,-0.07681629196260778,0.01221359379623035,0.0018117782679216545,0.004154449116800922,0.0869849452227992,0.06867832071988739,0.03659250626603093,0.058364246538616014,0.03850875745646317,0.09789291829747289,-0.048157260622920195,-0.06989596063006528,0.007635904619547837,0.009708830319670807,-0.039382731552761605,-0.017999109583051457,0.017098638167200052,-0.062298958684904544,0.05294441817353619,-0.06395166038425171,-0.017417793261802986,0.08085969305530621,-0.10628235045157029,-0.04153983974566462,0.08150817467958812,0.016952117370844778,0.020733232572900686,-0.03624869629511505,0.06136085464189264,-0.09853009472881416,-0.045508936058869014,-0.014022110310029427,0.028050199027515762,-0.03753101421827723,1,0,finance
125,0.2304690757322732,-0.060468777254124334,-0.033498772687125436,0.021613886357815547,-0.03936706429357195,-0.27619598357255276,0.11841128056529678,0.29842123587380814,0.403752118579115,-0.1155290037634692,-0.042085266575880347,0.0954911867876441,-0.043707538494669525,-0.14299858609217422,-0.21683949273652134,-0.11966740346088363,0.11120008637361004,0.052348693117962086,-0.0679072555476564,0.10614374361156617,0.029232437458643717,0.056365620403946465,-0.12374292250889062,0.0062506515380999,0.16658728508109344,0.009802228652443394,-0.008447753830976642,-0.1267865802338627,0.15249160594476122,0.05466443489228552,-0.0676326109198546,0.018200545959068833,-0.07992144758397902,0.006611373283855288,-0.010622056122753909,-0.045929824911916155,-0.09910594492262152,0.014841084781511409,-0.016668172696591384,0.051099164118889095,0.04729925799273322,-0.0970436048366026,0.0040354888487885016,-0.0305427467320375,0.07079069495835838,0.034832630610641964,0.02198259088347123,-0.0023544953519269306,0.0525600433120496,-0.02450610460878113,0.04300262456481692,0.05262903797541581,0.0031932314680925026,-0.04606612075946978,0.0297770435083675,-0.060986638431992826,-0.044710403364350566,-0.025734347561774607,-0.0068088239017402696,-0.037952208363802524,0.03974678224217366,0.04215928803374765,0.04792186623847686,-0.006965096605128776,-0.010950449445833253,0.00790138287230109,0.017027597585475947,0.028553268445747994,-0.01724066150044398,0.041974940960236844,-0.04447673189321784,0.02953411070057538,0.03976927612017537,-0.022378692985500066,0.008860856780842943,0.03888288865022503,-0.03366187721764818,0.017314214880539608,-0.023100560571321795,0.025889139376444183,0.030267969499924805,0.036959534328375676,0.049729167117412966,0.018236538142553306,0.034164567146636106,0.026792749155246126,0.008744804762914971,-0.040440343833678956,-0.046496741644798854,0.026669784542937957,-0.024799452941311573,0.03800839748329144,-0.03341100372245619,-0.08528095866527922,-0.03188720969757351,-0.0004339842774614105,0.03142493925424677,-0.014356033180270025,0.007417985060883118,-0.01685646999439004,0.06461051609171217,-0.008742609953230646,0.04249638270863241,-0.008845531697432615,-0.021064526592833182,1,0,finance
126,0.19048021682847668,-0.09981517660332757,-0.04396313281433601,0.046545406395561296,0.03727361925423488,-0.05598094361881182,0.004258460044442104,0.02401057142498866,-0.042071585569751824,0.028228643071738464,-0.02770748920982034,-0.06038822217185038,0.19117101085688298,0.066237653493814,0.1377301615639449,-0.0776551511552551,0.11987312461417143,0.015807583262373196,-0.10547775323812417,0.04635385651909733,-0.044064643890926354,0.0468460614456724,-0.0025757648687159893,-0.07741003456220791,-0.010612468479517094,-0.020731804064860113,-0.04870257350520134,-0.018287603530734508,0.012206185002116406,0.013862538398503016,-0.001225756477643471,0.10931868884419657,0.049035227635669205,-0.023217730131714746,-0.027718455377579835,-0.0671478229651216,0.019575294742980833,-0.03378253476174033,0.14384896448344803,0.04423203449781252,-0.030666468428493902,0.052279311799952835,0.05050596166495892,0.12894611863214125,-0.11035187358349285,0.08322761223179917,-0.04937599224326966,0.012913982252051271,-0.1360458774905951,-0.2446926468156292,0.09764144668815389,0.2749049839303887,-0.2306141856961591,0.051183356200733804,0.18604473949613268,0.13811629939609826,0.3578381067787084,0.2452629087111504,-0.020484176771483346,-0.125412424212832,0.0060836193201068865,-0.15954725237259842,0.01662640933435637,-0.039016919549259246,-0.0019699257729238083,-0.0773009751444881,-0.014520482100382471,-0.04012998692167727,0.04237284303617955,0.015924352917920246,-0.02340452660052111,0.10906162105636952,-0.017415240776801427,-0.06167920172947571,0.10463048317166922,-0.01210705856300821,-0.10415319471552054,0.019147776048238817,0.007963298296052084,0.012372685395950444,0.0446657338442574,-0.05882058126121456,0.008492101338851546,0.11498288028384399,-0.04461306287836348,-0.026960316932076074,-0.03486585509944943,0.010492861319216853,-0.03738454421398939,-0.02746778414971562,0.010954781099558587,0.10133762167746771,-0.07935833256055319,-0.01757478689390757,-0.017525933418345786,0.10281527059160493,-0.043380608996966066,0.03991044968256209,-0.03985028525490068,-0.013648018401579427,0.06786194415558391,0.029897813162645965,-0.012644283274091143,0.0440477551612009,0.10945002545127666,1,0,finance
127,0.32112725537887676,-0.12398184852818084,-0.09045595201478142,-0.06689746588442942,0.16785126208575873,-0.08361812945694498,-0.01943635825834426,0.07108574716708567,0.06137911327639068,0.11630864757739427,-0.11784053534860857,-0.18928293241716546,-0.36149908856300306,0.5815359404578264,-0.13803374890981318,0.1569564709291662,-0.01525023264567763,-0.05487056743381769,0.03564442074448989,-0.011167389256768532,-0.027366940212519834,-0.011107717391519528,-0.07442757087755023,-0.0488385160163731,0.1544040542420139,0.02188724175951943,0.000345015255090962,-0.05605170111835551,-0.014964453370523906,-0.007396861781630167,-0.07407202201534514,-0.03421653201442183,0.015475542313922477,0.03446340574798723,0.050075733893043275,0.024167989834553337,-0.04378454459197628,-0.028087372307981247,0.066915926602457,-0.02149967499857836,-0.030979112459440655,0.05358450505195862,-0.020922204732748834,0.026998119526441582,0.06652086114002172,0.09805518718637918,0.018236063474264052,0.0022352475837395013,-0.0685173614848576,-0.07674151556939776,0.08397633863048742,-0.0034888947675615987,-0.09923915721639794,-0.09297651899576168,0.00497013444791709,0.16270216646835653,-0.06256163319233857,-0.1041609584630514,-0.0223486511152342,-0.05766376199790896,0.08526316565541513,0.023382652077240825,0.008829850308553147,0.0010363455596388953,-0.014727125412808179,0.12800333534102237,0.010364566108783443,0.06368597808851258,-0.0559291330137738,0.007734802282258426,-0.036882043773957686,0.03237973727809323,-0.09738669996011995,0.045452786835401764,0.012927180364887322,0.024451261620513313,0.05837270360551811,0.037093837414297774,0.01738139715983424,-0.012349445030412957,-0.02906133840058024,0.003882463360203141,0.02508280356123807,0.0001208732608030175,0.07087362577992634,-0.02951469841869385,0.018328008421339206,-0.009528470305496528,-0.0004881584431908519,0.010128728718615731,-0.014380654972378355,-0.05341968149264964,0.0016485584803924936,0.03784638165718097,-0.0028656920993847257,0.03586774840903409,-0.0018227628978767065,0.01750729049995026,-0.011472585000303336,0.022836535070359768,0.013374906739139672,-0.025235147897446478,0.017209514732008456,0.012175594355334725,0.007639612261421885,1,0,finance
128,0.3958018863553829,-0.14395842988425026,-0.04641434410987855,-0.054968671827409714,0.043362224246157835,-0.08515251168862438,0.02039860250171617,0.036479802681771506,-0.023200100145841188,-0.022685919907279785,-0.08199325670130027,-0.09645988264652056,0.1743737409229511,0.11189888006518409,0.17228607347679795,-0.07639135426831167,0.058212347912738584,-0.012506077791925465,0.03825461666497553,-0.13542242273667562,0.032991310971157845,-0.07607694810842525,-0.10131628408172885,-0.039150198872468366,-0.03166313449433801,0.06281524999266286,0.04952449650003226,0.005360138629460783,-0.005120075245659426,0.03500218260475307,0.11172326313331683,0.11448596411370804,-0.016954064527208733,0.10849717062158849,-0.05944240859837095,-0.07359831382189196,-0.14214634202188323,-0.118431879226182,0.03576232945061894,0.01381158685070779,-0.001419348827054401,0.0639424360886912,0.0948046250508372,-0.05281370801234906,-0.09124593058331902,0.015503778657942632,-0.09887291555868735,0.1478613253172219,0.08279951248041406,-0.20771823065277337,-0.06198638640150721,-0.012941161030969048,-0.03348092623776129,-0.08295295924167985,-0.028474846900386194,-0.015879272577570144,-0.07585629922421738,-0.09341490008007683,-0.06742030709291451,0.08188872943351,0.01998916594863522,-0.13270117979131615,-0.07145433796759698,-0.04696288310837221,0.08398734895076808,-0.01993997494887353,0.030923353569403036,-0.0174758109317302,-0.025364946599674292,-0.004401952819573284,-0.015063334922962662,0.0484406422208177,-0.04870275766104784,0.11013972087843545,-0.036189257935876434,-0.0928939145747732,-0.08689301751445966,0.09271793267711848,0.02914533894145682,-0.006797363786867226,0.08730997589473222,-0.093306246087979,0.03082650432992663,0.07714484218103654,-0.06700075769091988,-0.02447198297827523,-0.027733563330648303,0.019188866699381912,0.06946665591010426,0.11368661062736321,-0.04771552715440454,0.01001958265030969,-0.09346129969111495,-0.0673988067462932,-0.02232659562150718,-0.10076096708865905,0.13963377658038878,-0.0003711837850578513,0.020500703675330505,-0.007253780476922964,0.008939024666418294,0.13023176354759777,-0.0187135434198054,-0.018582776913274975,0.03738235872387833,1,0,finance
129,0.3009912116396484,-0.15477547116126933,-0.09607183531236067,0.0625213888685381,0.09243789675516584,-0.13081557338153735,0.10541284930638055,0.02865875148984768,-0.15915837375135336,0.5060052661936658,0.16360986311485928,0.5690497505007325,-0.12426696427534342,-0.04128655689041201,0.14261923718328054,-0.14059745027654588,-0.07029353312241429,-0.012682735193476343,-0.045511816596983334,-0.08090091420744216,0.008466552974028957,0.04097676797346282,-0.08492901401864482,-0.004541399837659129,0.03785211634361112,-0.03260390639562523,-0.01885118935208646,-0.03831457762027002,0.03517798037017124,-0.020907962191985298,-0.023314884926622752,0.04517751399642163,0.019919933490315428,0.028417277686269674,-0.04256372557079108,-0.038836821058608396,-0.006951071737608448,-0.015875047324197804,0.03991993224841375,-0.002743449865546008,-0.047507211546642746,0.06060599507573218,0.013720308305843105,-0.018048694984313853,-0.028818530174456125,-0.05657292040050261,-0.008221260287145853,-0.06015266200754586,-0.06461796132442857,0.018505296660137633,0.022981047413057953,-0.013962737981000275,0.02355127003958353,0.011448910943734583,-0.017886937163004112,0.03159816390765833,-0.013122846490071309,-0.01835600744175032,-0.010649094410371372,0.006653160689931861,-0.012618959771626756,0.014907201888925364,0.007815502622385125,0.011155788307636657,-0.008375557443370154,0.06191110371310221,0.024795515471245262,0.022238545595314248,-0.029913100831136106,-0.019008646722567,-0.004663301102030406,-0.019566894158707097,0.01813043593776311,-0.0028572281541794364,-0.028530131990284723,-0.019895311460942627,0.007985911640172774,0.03694422448662529,-0.03259137833101898,0.010661440517866678,0.01866308479510796,0.012144794341672274,-0.014817266157793134,-0.016640793079539546,-0.003889750272316526,0.008863197775817955,0.015058658143824065,-0.012482038118158095,0.0009223856899680271,0.01945084224886834,0.014368872301398187,-0.04659750693975909,-0.013210050500260575,0.008983781067976085,0.025674396263179716,-0.00792049821491896,0.015206625638351698,0.02082579634381925,0.0040830022256726824,0.03020536165106092,0.0012984739879015907,0.014006809931821549,0.049773940173429586,0.011157033172876777,-0.01695512643669968,1,0,finance
130,0.30275662604387815,-0.14354850760916574,-0.10970946450850884,0.05323999013155106,0.05460142088635997,0.07651755168498175,0.26568341935013035,-0.021973505974891967,-0.09356703914479304,0.26792090458074913,-0.04237099078605533,-0.4705590644323858,-0.33791390602242144,-0.3901930311908951,-0.13211461586230094,-0.19264597848135473,-0.02376606524824096,-0.08757819404887968,0.0714008392563206,-0.1440951317708326,0.0660086656605893,-0.051095931029853416,0.06432108568540644,-0.021460292628210007,0.014079616611791407,0.024087553904928106,-0.011647021737689663,-0.028492148736197705,0.05576211534141466,0.02546341769325033,-0.04836127125606263,0.004934242977353292,-0.02606030670270781,-0.020939525455363477,0.0010042131967807186,-0.013064074309181996,0.06062403096738992,0.010387906398921653,0.017308823626624305,0.04980539878021106,-0.015028701888843216,0.02562319527906753,0.006790768318474434,0.007377110894468065,-0.022474578110222437,-0.0260750507418631,-0.053285727326729516,-0.01224437971879904,-0.044008883136114105,-0.04771562669733598,0.029128452948355008,-0.0015068919114556668,-0.01753731667428741,-0.02846823981780477,-0.007559108431146656,-0.061698654031539076,0.03362148870148073,-0.008618186911729997,0.018950323066830196,-0.007051819778233408,0.020791287774058025,0.021415184282705897,-0.010153558279395396,-0.031546311203853865,0.00476982669834529,-0.008519644903377543,-0.06221551932780963,0.00021828129965366705,-0.01382135994162753,0.014930409897222559,0.03884955636723859,-0.006506051591477083,-0.042078042161534414,0.0016217499412509882,0.06034750982184385,-0.007738608953155793,0.01133425191218131,-0.02976227271178766,0.045228236758812136,0.03243254917259558,0.0022854380432911154,0.015558606448616886,-0.06154614987032351,-0.04719543829320283,-0.041177796589993,-0.004171802428230006,-0.056571880458999496,0.010810632846851988,-0.010024785585617202,0.010313526599152353,0.0015110164406166486,-0.021516281139960052,0.006525349381074432,0.014449822975700253,-0.006592358234867023,-0.011015979562644052,0.006740001521157001,0.016502040757649352,-0.03012649002525111,-0.018149325964906846,0.0002453417040889418,0.011869889949956107,0.010821916304074366,0.013616941696219161,-0.001496738469007946,1,0,finance
131,0.3363384131412316,-0.09647030313054733,-0.13939181022193578,-0.06958736241801021,0.3783890962980554,0.120991622916703,-0.19452102002891877,-0.025426246033786362,0.016055178115159646,-0.23760991565205464,-0.00829107298356433,0.08500559456343995,-0.0060949388264473,-0.14365585535640255,-0.03937039935443055,-0.05299949239672302,-0.14382190509268017,0.02196495786572071,0.17202552809263197,-0.01633741334745912,-0.13711230178807318,0.03882022532735614,-0.14243740458696483,-0.3290200292204711,-0.1713577013934546,-0.10886822095277268,-0.003567951907755094,-0.09528572351791953,-0.1956144440324864,0.1710648069511392,-0.1301668421382021,0.1137377886449885,-0.014605555911110964,-0.08603352264975953,-0.050689577511336896,0.010936724901647089,0.03228527665442732,-0.07215907042689546,0.02170926245399289,-0.08633893756866803,-0.0418799643847754,0.10756644154181845,0.025565656280902245,0.027529136919244367,0.15249364061613127,-0.04804971090953332,0.10038907665740604,0.03201278771277353,-0.0984807980047491,0.0903218682689183,0.03678392449952897,-0.05064710893653694,-0.03941109851602009,0.030422603899254944,0.0955410459480121,-0.07056366552901291,-0.054977660698315126,-0.06453875409685864,0.005619445044917646,-0.019274273721011485,0.005495942943541193,0.053080446810872754,0.04559504195613605,0.00831006920521336,0.0322894026351279,0.05685491497306235,-0.014368540170846333,-0.09010759233574388,-0.008635772124117085,0.022020283196620194,0.00018673145220784583,-0.005637562160398218,0.01146085222582015,-0.002548966707891263,-0.012036349189864128,0.0034226991137683294,0.01845277218365528,0.0022800859486762854,0.05052826055653912,0.0241254373357733,0.030767231044047945,-0.03422140399223848,0.03744264627122295,0.05134477458555499,-0.06150065798384474,0.025420346401642303,-0.08528073896730634,0.027274539636652412,-0.0062351775127589305,-0.025401800534006314,0.030984184608933703,-0.0018693932652986763,-0.03147642980958447,-0.02563837481093669,-0.015130157882632797,0.039449762043457855,-0.012155398775446536,-0.006755017320694804,0.05582457460932436,-0.02673235962671378,-0.0010141130975451977,-0.022430641658215168,-0.023281637637076313,-0.0547144704573358,0.05126415344216383,1,0,finance
132,0.2722451769652772,-0.12248189864919715,-0.15806590100277138,-0.06800778148179387,0.4308615933073467,0.08957968853687527,-0.20372970627250195,-0.0017582900841651154,-0.018454797876929413,-0.11319628236599709,0.04506935564067641,0.10004288092362353,0.028426061671350273,-0.14166636498061044,-0.1319720961480766,0.006257659261825438,-0.019831992943522544,-0.1281134267153675,-0.15739366180602105,-0.030941456557398266,-0.06620250728704447,-0.03437406417321384,0.16591961885128495,0.05608897151753848,0.16267936972520422,0.020267945287279678,-0.26042568404729344,0.14071257256595004,0.12011741880553216,-0.3902281256276369,0.08554036893166513,-0.08571983575803713,-0.05017384084462324,0.10857093463955012,0.028937331658122928,0.08650107770504947,-0.02596259167749806,-0.21114587545903968,0.023954016933651946,0.015099187693029911,0.05728565932137974,-0.029140622938252092,0.0826936944482935,-0.033384546254768194,0.11964300356624825,0.06991765932397101,-0.014330090947819707,0.10822739606539951,-0.07738701199754525,-0.06404692107446687,-0.04021038071540702,0.011274798066706063,0.05830242571957065,-0.005875519861966925,-0.013516798694870751,0.013973076004794263,-0.013214957655984981,-0.09929580588613571,0.03328750663765487,-0.03180284423620575,-0.05073533622758314,-0.01587849415144483,0.00346094123239026,0.0428176054337648,0.009850134026800385,-0.03217730233992234,-0.03519059226723011,-0.05562832240447445,-0.003210214012022733,0.010318854741717613,0.019081783291425354,-0.0004579313694214817,0.004327638206082172,-0.07392102480385881,-0.03639553654942342,-0.03513223476552254,0.0058005637108740115,0.00010211793863012469,0.009556990973055835,0.04730800918624129,0.014634421646014542,-0.006089909945710986,0.025008603654243535,0.047083886169516316,0.0032420215067245467,0.024747677023632113,-0.053489901438055806,0.03459332454783179,-0.025956129444031587,-0.02112489060302814,0.009677557841197471,-0.034561314240259204,0.026132205084172994,0.004094567950780836,0.0026705149450856817,0.02820470397238643,-0.017686840994664173,0.004844696188713379,0.009052404668344744,0.008420252915195676,0.008091278402253259,-0.006836547429073237,-0.019659168356992662,0.00021771071581775663,0.020340242639135954,1,0,finance
133,0.24397052206919712,-0.0913836522595007,-0.018865219474412206,-0.006268309469369622,0.025238855567351004,-0.06042607497056576,-0.032556110633864745,-0.014523186587674673,-0.06620140378640967,0.01594395553627911,0.08660532446598461,-0.016773086946351327,0.11587965290779353,-0.08428764825803403,-0.1432556753585424,0.26961958048966567,-0.023092166580633802,0.04399859787301231,0.15768286107666965,-0.02333087494719096,0.3159173529723384,-0.049518724676844116,0.09035958034831329,-0.031899335595534595,0.09897304074560659,-0.11917122979541307,-0.05001682571730761,0.09567205176385765,0.024827452140617472,0.046433578905685155,0.07665411916681727,0.12965400333014793,0.048341905225543005,0.05700431544277493,-0.08491241475105554,-0.06577008263023258,-0.03963297796334024,0.11532823013262641,0.10420127772597425,-0.02149593278007169,0.015002494924570845,0.11454563126307872,0.060295207854878685,0.027712382954701898,0.057318825204063936,-0.05642745403289918,-0.017484059882659657,0.11677582100279779,-0.106112105159908,0.15316178519445145,0.02084025180610606,0.06563060525915358,0.008859048287987984,-0.043615416642608804,-0.10199095989890744,-0.08619861099704748,0.047070682898464375,-0.10524184625132657,0.0905614420606379,0.0359164047969551,-0.05061141244458895,0.050715516417441354,0.08770773359815441,-0.0392833035731619,-0.048127449877642677,0.008213455501954126,-0.019519607565501366,0.1550276604700761,0.09964081683769999,-0.08214161172889078,-0.11623620055365916,0.0131699498643627,-0.022056688847601362,-0.06682498047448124,-0.0027240457190911525,0.0491311084825253,0.00040308912368156404,0.18972574976795023,0.0030974199958884053,-0.12365354871659383,-0.054082568581214505,0.08604296472423581,-0.10543166680046784,0.014178318636685987,0.03636228789020476,-0.09548702138383147,-0.0009187241757328264,0.08534332209629467,-0.03616469212365179,0.08060935268560493,0.041563719365332666,0.061128749908927915,0.0005903781746667966,0.022068730396095592,-0.1402526751113573,0.08680682854745149,-0.07409679792873108,0.03832078602271835,-0.020054143157670883,-0.06742675536547926,0.1038406915527353,-0.03359754505912069,0.028099768167917087,-0.05511216054079496,0.15305968090742608,1,0,finance
134,0.24794156139926113,-0.10553959451360202,-0.021280295565009537,-0.008173006147121293,-0.030062317562983897,-0.18923396201557804,0.04103907159116626,0.09164934296842096,0.0597171175550418,-0.015023640713735664,-0.04014835706066279,0.012181921248670572,0.06731296823899868,0.015645454837335173,-0.07474784287085855,0.02103884905071881,-0.00961674822484337,-0.03180064782528627,0.010069438650639884,-0.07338799530740624,-0.008356483403377444,0.009782078652606425,0.0972908785245608,0.04907408969122442,-0.1414283749483295,0.011560751864761644,-0.04275255492577066,0.12959138437088136,-0.03669368134508393,-0.07807494513831083,0.017951289270898063,0.09350301573460776,0.0023848601683748904,-0.16364905793603327,0.04533438501813245,0.09440428453496866,-0.12951850107280222,-0.04387011342721571,-0.012024438717267402,-0.060048989926315965,-0.03933377680215837,0.1001307329580373,-0.29028895705115365,-0.013332682377427092,0.0666123420503767,-0.07853799782699067,-0.22737108475235449,-0.17951582212840433,-0.06317296957650423,-0.1415414672606448,-0.12322192039687031,-0.02090146942259789,-0.08906584695036768,0.2091352457787789,-0.04670036744550782,-0.15714458185746505,0.043987128985882626,0.036024859678792064,-0.0592483056793996,-0.07602254893894239,-0.09679120174847859,0.032185969803205976,0.11241245281576272,0.037432689561649954,-0.008367173068057569,0.1620559503417681,0.04450289558301559,-0.05140967933368546,0.00974934550933009,-0.0192204039188209,0.08923801724568935,-0.15258551363550665,-0.03684353901839017,0.07235981172983567,0.016996941583455435,-0.002429917276499485,0.12128622823371385,-0.04426385155691592,0.016994793483125586,-0.016664270503667204,-0.0076303969903435956,0.011715068332835582,-0.051273265948253384,0.006054607523868531,0.19797686039483947,-0.027195872635814432,0.009301619884137984,-0.10350813097735619,-0.015521798133345883,0.02204535339718308,0.051890848278979315,-0.033270945611522953,-0.013448842605348099,-0.1208979375247226,-0.08903309900122229,0.12801581996473804,0.06456841606498587,0.09128538921248927,0.08097402566177204,-0.022416293221170384,-0.002681659725157137,0.08897362547079274,-0.1977726033117036,0.020678301188794615,-0.0343045484922629,1,0,finance
135,0.44103864478684646,-0.116014506735533,-0.08864271486732972,-0.045286689005471725,0.11135466829458454,0.032005212702070136,0.05886157376073255,0.0015789518695965292,-0.037964041710230795,0.15813297793035475,-0.003762525022742693,-0.17213759501727804,-0.036233137487357014,-0.030884934896803003,-0.029664538890817743,0.05027297347633274,0.16699287452871683,0.08048251753028186,-0.1686795048995015,0.1782738863032719,0.02774571471969519,0.1569563834087276,-0.12163372138626719,0.08783041412063035,-0.11858646383003982,-0.08928188532189163,-0.054888878819040005,0.08112963744748049,-0.007566961329218823,-0.049023941561208255,0.02099816678613998,-0.03235084221335743,0.014707104766285548,0.006988503649135018,-0.03765322985067557,-0.0025714658828135993,-0.048443651330124744,-0.0010605399267566483,-0.03077347472101216,0.0071276374894329595,-0.017266433998672916,0.02385303587749341,0.025746361009092476,0.0024956942472377916,0.06201676896388877,-0.06275334994246237,0.058195762999132906,0.03356679405004317,0.14751155830785187,0.13050426758772726,-0.06170413454272771,0.0017167870681183586,0.09783631178101974,0.019842166850587747,0.017922421042301025,0.08674659903738936,0.0016739470382809256,0.014264385745017117,0.014672704765653301,-0.06263204155015623,-0.058372652677198496,-0.09813255978865501,0.06786118361060145,-0.037087795344150035,0.07519123073517751,0.0031096613656335925,0.0006119701594195499,0.0796819203910479,-0.048141666343568104,-0.03101196871924172,-0.01415681200877971,0.03234460251275964,0.05656049728171972,-0.033095787601600785,-0.07628378661218242,0.05718478617131164,0.14128272457258215,0.11149903251696085,0.09774993084277706,0.01948335319139641,-0.0027114490363657853,-0.025047259283848714,-0.07265780697965434,0.05756945476300835,-0.0514223541609414,0.009915331747374854,0.053739352327854276,0.050556377381473165,0.009669538490443285,0.03906572545333951,-0.0954103885636321,0.10193259653575201,0.009378402147362888,-0.021411714550095533,-0.06593673432486655,0.05131249119750996,-0.009039934842727497,-0.00851285733203599,0.01170198746115101,-0.0824236061756197,-0.015253399121137375,-0.09758651734503597,-0.06704876825037182,-0.02969600064890958,-0.06159453199408726,1,0,finance
136,0.268896519640167,-0.06603811514358439,-0.021653828398787642,-0.02486740541292101,0.0028270456300077,-0.06571605920601366,-0.032956390650127176,-0.030036522535094857,-0.06439843241765643,-0.03299259688230732,0.16466177955622932,0.0260054659464627,0.10424345330395185,-0.06603738833051878,-0.05974016817285777,0.2732369589170763,0.15091109831781396,0.04723123106598355,0.0626156316204224,-0.02581127199242144,0.6362478642005541,-0.09997429734639077,-0.04858199356774989,0.002440672157447368,-0.005397484353812793,-0.08462419558931529,0.0003950648071249119,0.05472416690574816,-0.018294737317210017,0.03359750460846099,-0.10757288598147405,-0.09695285146948336,-0.011274377000789306,0.00245368995800198,0.17063492215841358,-0.005271841929387516,0.05239815102465655,-0.06710322651979529,-0.018598872550564593,-0.008292018080081173,-0.07587997202268487,0.0019976312370706883,-0.04999099300115489,0.06688139398794726,-0.03415718282769535,0.01188267184008983,0.0015178774549193185,-0.048027190168779633,-0.09931593076452862,-0.05655880313717396,0.01178527603533702,-0.00702406441994327,0.01942766713922714,0.06403307678452283,0.09997333610086939,0.04723593912269777,-0.064755559803288,-0.01413771560152311,-0.07592848728547993,0.004316874443694742,-0.008990971439159437,0.038694521363441224,-0.07140378938319493,0.01895167531158827,-0.026320021750535025,0.00788124355095173,0.045215843408407765,-0.10617059205798986,-0.05753644696524155,0.0034517721514323407,0.01529501622169228,-0.019787269258168216,-0.037504578701753145,-0.0019271935821139011,0.03257049380302801,-0.004489516554743619,-0.011175132292314626,-0.03314638885840945,0.001438159400586687,0.02482479307937461,0.03569108821091221,-0.02171354818226731,-0.012654079016572119,0.06808117922783605,-0.06100168876452773,0.06000627085813757,0.0059499516873421955,-0.023037969321799377,-0.0059191005035428065,0.02247571316786541,0.03522776865189144,-0.012639023756265829,0.049942786130358977,-0.04024519134692909,0.01595357679565935,0.0030260958966599194,0.04543937378627074,0.020556451459209438,-0.0021731292171421855,0.010065417060906058,0.011901944183272443,0.010158862282248035,-0.01927794074184913,0.020168929406645855,-0.0440550499493795,1,0,finance
137,0.2571384746674831,-0.09652443864010499,-0.014628147712212783,-0.02850444813039413,-0.008833476637100218,-0.07144390728327023,-0.029704590721637367,-0.03754003490355823,-0.07397326095184266,-0.01887544112806384,0.10962820932187262,0.039675650883794884,0.1073395246566492,-0.08482006040151278,-0.074936821025719,0.2834062923006209,0.1396852965850662,0.04384185842551511,0.09861939059328095,0.010935198488649949,0.6572650636455762,-0.109122071498901,-0.03893159280482315,-0.005996837734983669,-0.005203568151023518,-0.07769897551274664,-0.01090143519183753,0.04382040765882769,-0.019016225297667097,0.032748460681197286,-0.1116930971229386,-0.08051856974773361,-0.0043636480327607086,0.0009521456675646732,0.17842845840470634,0.002900932016880624,0.05720703171182023,-0.0732551756268454,0.02149833940729555,-0.02480728039122928,-0.07650956148300252,-0.0034819590491961517,-0.033177071626796874,0.053334023042955016,-0.03421696539207115,-0.005686201209496255,-0.010213749991336353,-0.05973040767559066,-0.10357309326119318,-0.03738717700582095,0.01851335984903954,-0.01431980943374984,0.07956012975321079,0.019158325590669326,0.10792612203970102,0.04672006684435983,-0.09876670954235646,-0.026392709358391102,-0.011838435409850172,-0.02056204012666309,0.004843346015371973,0.0046326088185472715,-0.031073828383721087,-0.021245995259443998,-0.008998694758063818,-0.013682615116593114,0.04138523919301728,-0.09041304197677658,-0.042541121371210716,0.007041268250140352,0.027873210207674175,0.01548183737569966,-0.04299192639913699,-0.05689366393460385,-0.004113284302988881,0.017774119428599983,-0.04760915663116954,-0.0037187310423710644,-0.025358545608443927,0.027900891596543617,0.05638179374782579,-0.010447975091366975,0.013249572206450188,0.0374695353342559,-0.05605907074307521,-0.0069634989158814204,-0.020361389784770718,0.004505502135793793,0.005945584357608762,-0.01725338756062723,-0.01454923017915042,0.00904994131270627,0.00392970145871868,0.00838998070359961,0.021171946845247994,-0.018100496200962345,-0.011909584548626916,0.020861024182104733,-0.019768649989308253,0.01169395936955298,-0.004146174346434349,-0.007293628540600927,0.02085718985321612,0.004937550893769122,-0.020940579346781413,1,0,finance
138,0.317349276580989,-0.1002667384237259,-0.13773361793961297,-0.10120560307923765,0.414017853029921,0.09791217632397661,-0.19681054773106446,-0.005193783008738328,0.01199397172492389,-0.14101192450371497,0.019351833841194453,0.0437643129140969,0.02017613544367149,-0.061942052474652814,-0.09366642218810273,-0.04889964276858316,0.01798446550068848,-0.11103640987661485,-0.18796773175190196,0.02293733995218778,-0.021568288893073016,-0.08759212976302104,0.04687170250950635,0.37966160796468446,-0.04877114766179556,0.25492012574246964,0.17347085829128225,0.04990064384222033,-0.02298597588995944,0.22205120756140256,-0.050121187398297434,0.0593449095038823,0.010194221872921714,0.019329077172696933,0.029121165788063643,-0.03576433534552398,0.0412181491171159,0.044611580926566315,-0.030490920389212826,-0.006772873168891671,-0.0819957476360454,0.11727950973764256,0.07758126850754009,0.02939054670519538,-0.02171416626849493,-0.0415869877664323,0.02536010793555502,-0.053022854903559395,-0.04080228477491853,-0.014541853652211655,0.056285378589761334,-0.008867065230029364,-0.046860443450749266,-0.020256447014353054,-0.016676062558105102,-0.002698642375502105,-0.025802364824404296,-0.012881424702098588,-0.0019990044681223343,0.014800794570045222,-0.040112243338350964,-0.014814539846723991,0.02028669651265326,-0.020856282185804927,-0.00438806403227036,-0.022594213065888,0.041623468317464704,0.033912297339415635,-0.007122243585538906,0.0195024827376608,-0.0025116897875655667,-0.007410601168506142,0.006417968183833057,-0.034753463329143586,0.01549952265329546,-0.02342598042292585,-0.020189298642331117,-0.00019623212272330823,-0.027055046435867727,-0.03648465942960567,0.012107560117284845,0.04644778938655995,0.004129340921338206,-0.011637955825920447,0.04948441526712207,0.04560372542209604,-0.013810338506880921,-0.008463362489607834,-0.013477486714124399,0.03521063179008351,-0.018467808022756552,0.07366222210707599,-0.015660604153525395,0.0018642215732811288,-0.044944674609388696,-0.04833334314479522,0.04526188903957874,0.054541431175918066,0.023792113951403092,-0.04956060882678164,0.0011454597046279664,0.043945172970276995,0.07382377403270537,-0.03985615514687705,-0.033643319419574554,1,0,finance
139,0.24493578813749334,-0.16319369448541785,-0.12713973169775078,-0.08149533606925692,0.356121116877841,0.051645795765179615,-0.1834732222028224,-0.0073867611312951695,-0.029020566580696024,-0.11339295332411485,0.00411424443088096,0.0428508251890503,0.0454791167866174,-0.06518696647562963,-0.05093422463114169,-0.05925151675415868,-0.03640250705738446,-0.11062114000958237,-0.07312104935780397,-0.06238224230467793,0.04887786911918395,-0.045088807342670706,0.06711628013420375,0.09773025216377106,-0.017131285200518993,-0.08580334408314443,-0.010158095202852584,-0.08481700643477554,-0.03268082460780999,-0.041902271353798454,0.06591104359621462,0.04693811990791439,-0.004036148962499216,-0.022080939679431748,-0.022403929613454644,0.012564295983922912,-0.061969120603298136,-0.12421856522575357,-0.08697232443888508,0.02412649137494636,0.02664863182528428,-0.0030216092339229693,-0.0510876956955492,-0.010804377627313887,-0.1251488616407256,-0.035596873035211724,0.010603775699053929,-0.18321186480958565,0.15175394644240875,0.10246792929783972,0.12413272892106508,-0.08899456422984611,-0.09134511225017221,0.021347907961924747,-0.06575433468890733,0.058621455320230866,0.005774892109080075,0.07284755889302134,-0.06408622811986008,0.09749545696442294,0.09514571362002308,0.10450044438502677,-0.024625838158747967,-0.0074194515881598954,0.015502827310570635,0.03434091777315465,0.10289738848917176,0.13279276315525512,0.12027944832245632,0.014388684852635638,0.08607008332743482,0.11852524318397506,-0.049520555917646474,0.20731768502145048,0.11125812492316585,0.08677347673807666,-0.127860908205086,0.020841835636656852,0.0632585085449117,-0.06133730395892535,0.04254686211888185,-0.06916260203489175,-0.06175430029673911,0.10253374234230064,-0.08151799119644153,-0.13546747420494368,0.06081580005311837,-0.017504910999307993,0.024843060477882553,-0.026834474722916963,-0.0006088197215201812,0.011731196867231663,0.018773935728224278,-0.08080240959665706,0.01328139481906669,0.042068708272462084,-0.037659498981679855,-0.013277608824754735,-0.05479441810542833,-0.049723725129923145,0.02069660002986211,-0.02623642340544019,-0.07351750359733364,0.04033366795576026,-0.009127261986154815,1,0,finance
140,0.29265161857428523,-0.10625184458892864,-0.12244874668652816,-0.06105261556656203,0.2710331221275299,0.09132075290817192,-0.1205803943520395,-0.028204586581079275,0.004649774415927222,-0.10707640493511929,0.014352833774851755,0.05781885291840121,0.02587241133843794,-0.04480905151536658,-0.056312728006507475,0.04894184734713295,0.07529817711027537,0.005276902716410398,0.014454812659361528,-0.04650136338192656,0.2544588467850333,0.04642024611481356,-0.02265039055083562,-0.09700694947199656,-0.10142176548950077,-0.10006128373792395,0.025358790181301976,-0.06769937759783401,0.00541235333647778,0.06918074686181079,-0.04061119824535522,-0.10146021594033793,-0.004419857542740033,-0.05925245144769449,0.11679810099570322,0.028550952609926565,0.03485782043548559,0.05213764734335936,-0.003920098012308252,-0.020738102023469433,-0.005671155794201866,-0.03349184263335382,-0.05072842323277218,-0.06407229482698922,-0.1340590807866013,-0.007765555404640322,0.03748877611596933,0.026870749596940004,0.22749791930557495,-0.07582506352073559,-0.06733618302213198,0.017403301718449043,0.07123368308052977,-0.06722722209272586,-0.07256384420698547,0.16313821280654628,0.12697042421409624,-0.011178645964100715,0.047069980219463604,-0.07094269628976832,-0.07530559197809686,0.00721992877385347,0.22192288133354426,0.056110443788760594,0.10168749071221442,0.06789683272245967,-0.06821449453413073,0.052386847533441694,-0.0713099014997696,0.042220083276665904,0.06959298529894503,-0.06588786736110619,0.07112772812311927,-0.024353900788267848,0.024702333273503387,0.0024902870403358777,0.05613134283957845,-0.07943400825172582,-0.14180555968678443,0.05311179831939979,-0.01877974920433645,0.03426124370011902,-0.048010624544665745,0.056245240221828634,0.14193139303926708,-0.011449552406812263,0.047726558577962465,-0.059990936072232284,0.047973440671114226,-0.051275950721623983,-0.07297362160884117,-0.04147696525842209,-0.026704328618937585,0.04882212320136274,0.041835341716339354,-0.023294658053284657,0.05360733302120784,-0.10012866232491931,-0.08694447568710607,-0.049839946400867585,-0.004059404651361536,0.001161753427117206,0.05064218548027214,0.016827852763580554,0.07911523303460856,1,0,finance
141,0.34940079415812797,-0.11476236663957744,0.027871472174036262,-0.00738028979331484,-0.07714350772199417,-0.11637053252740111,0.03389376652547343,0.08332460630922568,-0.10138912242552468,0.06664744918873743,-0.0038845842519157118,0.03173936397167372,0.12821541484498236,-0.05354418866471338,-0.061353376630753305,0.0929711955868973,-0.02371981224326,0.006094213072550966,0.12659398030317026,-0.014197357268175524,-0.03609833526328271,-0.1010956327403585,0.05178583083798192,-0.03222063393540455,0.06230702245889078,0.14649569588266334,-0.10442293348569187,0.02590923694730956,-0.012925301337872818,-0.0028462979200944974,0.10018032890950836,0.07797833845941035,0.024600170317514564,0.17124975388652758,-0.09144778332313044,0.07161429601357129,-0.015587478349454535,0.06141108596937635,0.115509615154754,-0.06346406938342461,-0.0007671600279693731,0.10195586607618536,0.09347170203000774,0.011592927069025642,0.06388103892700983,-0.17436452420623313,-0.043350910228425354,-0.15244764218840523,0.09076826166031671,0.08114461657298837,0.03459474413177524,-0.11026093989437694,0.02918466711428459,0.02593237251491498,0.12884865992690478,0.21530365926265288,0.09369448083703177,0.08433227075513948,0.14263712338372705,0.13648918963389564,0.11505089609290534,0.03988830885551003,-0.014024002180738829,0.048579852277026526,0.010843826149701136,0.012213258742251917,-0.08975902266780285,-0.1764419383748719,-0.027117519267971943,0.06200793632887531,0.03942882545904672,0.07319679472022787,-0.11992277028029298,0.06041528655221543,-0.001061572089074514,-0.024559709714924084,0.09952314950046343,-0.1628490520502972,0.021452394344804587,-0.04243584659861142,-0.0016648078417267455,0.06561374301902849,0.06394298902322378,0.07024041793619266,-0.07251931622236019,-0.0014590300321267765,0.0050777868058152955,-0.03519140390848232,0.005018800402516311,0.06792793377519049,-0.1781253412441241,0.09439455364875014,-0.1346267450651453,0.10898556346306591,0.0034627481972451767,0.06833984220314289,0.05326479821829776,-0.041131263088754984,0.03622426159521345,-0.03163141337692907,-0.0633566960958235,-0.09602922237503674,0.012057381379084004,-0.014760297359543645,-0.00200170636206801,1,0,finance
142,0.2953046111489294,-0.12410631032828026,-0.15768923490542633,-0.08702138587639875,0.41323805163833055,0.07177325261873277,-0.18187720263354004,-0.008152453196934263,-0.002952860437232351,-0.17432427501052022,0.023889674797035975,0.05902772917454777,-0.0647267057971352,-0.05472362457844293,0.012325180838516416,-0.04839713746550312,-0.026898429037673897,-0.11538403906326548,-0.07432675773976229,-0.06363560585358805,-0.009164993788074323,-0.09746680505547552,0.1037451486684591,0.04895932641529267,0.019285811844394787,-0.04351208325767976,-0.018937419325161332,-0.06128237297550042,-0.0024153955378749103,-0.12325850070388358,0.06987216686886408,0.0293626129136891,0.0317057972781686,-0.015844671360492224,0.016189476300706027,-0.06794605172491637,-0.055690059769866,-0.0022868734294756317,0.004819913721836687,0.06317017992198239,0.009458734365618652,-0.03678625020023602,-0.1351964259764164,0.031786796125839525,-0.1140361078647598,-0.04038447995653544,-0.03230916516061955,-0.08989353309089387,0.09750099893539009,0.06056941086650736,0.08791933518765854,0.035774292593878675,-0.06862091478106705,0.005245471701545291,-0.018572252100994557,-0.027073715165224502,-0.041176509223151636,0.11145085984917777,-0.02470109848759227,0.06341688365143848,0.13959794463720254,0.11201932280849104,-0.09020077519471328,-0.09535648580697285,-0.06357247268385137,0.014080196181587231,0.1378796658804513,0.07455977452370566,0.11785503468251612,-0.026435386184309368,-0.024335109873802732,0.08577933701390783,-0.0563824443976468,0.10901171902464539,0.12485214136338854,0.07373606344065876,-0.04875309763468577,-0.031267309253447076,-0.02830323771215033,-0.018110027646758606,-0.02761763272408937,0.028766400101306957,-0.0058966928920670255,-0.08906769178938481,-0.029214360464723158,-0.016917290809752697,0.10256117500794258,-0.025211937450970254,-0.020700070603325536,-0.008305919429552243,0.03583990134604626,0.039585482146386984,0.07088452450639857,0.009933894814795112,0.024470738671466742,-0.008375335508510396,-0.0755333084672763,-0.06558149129869126,-0.027014652788867905,0.10752100805168369,0.0023374783191779675,-0.08548886092215331,-0.03738505548511383,-0.016342583016948582,0.04046332514525145,1,0,finance
143,0.3247248936594896,-0.1424210037177054,-0.027997275835020655,-0.01047365585354824,-0.04128875425151534,-0.14383218799581865,0.014178488566172572,-0.005252189121742094,-0.0832359263613935,0.04749784827860081,-0.02199269743888439,0.0003113800237480311,0.11427442437271268,0.009989788671638437,-0.10614309200956507,0.015019807908694175,-0.09978717120141872,-0.02701764127186407,0.017192685512824258,-0.03603527479686973,-0.061764139483356614,-0.001213749778944584,0.04237777786605243,0.223483968908394,-0.0756254173964116,0.18129554238830897,0.14928408842998772,0.0809160052112758,-0.06975941569202496,0.09838227506396917,-0.06570119621430512,0.006441735661548604,0.056753970525467816,-0.03945612128461623,0.011261026335622435,0.031008747221425978,-0.006352637572610813,-0.03287098056064283,0.05898651634481073,-0.0323205059713105,0.05038128100718683,-0.16671683071715834,-0.07648785979162419,-0.02851474531077249,0.10205217024491166,-0.018167711269701563,-0.12516813398416565,0.305690638747928,0.027317700392714344,0.09492250342645223,-0.15609022154532992,0.12134437307134631,0.16318999999949432,0.028443594478735713,0.0931594694779316,0.13146515583479387,0.08273423100812186,-0.04629082221371556,-0.10940259540343344,-0.05932949424867281,0.10718513527741982,0.1258803761581584,0.02043818027698371,0.1406341097575731,-0.005561554148698276,0.02607736503509236,-0.0020733979744928955,-0.06626403451641749,0.05394702027114254,0.006308119181547409,-0.043635265175387676,0.00871965277730801,-0.033837264711110045,0.06498748649083542,0.035507465173939774,0.07143092680486486,0.06025368160041293,-0.002944463625156322,0.11597586821026173,-0.04440899081816687,0.046962412418217435,-0.042806494733297916,-0.05728401860107114,0.0802339835818178,-0.09469837477214466,-0.04154836639873068,0.056867305819619046,-0.09642105123446447,-0.027682573375691622,-0.0168831551333571,0.0279953342057419,-0.07292510114890226,0.05075519842071104,0.034018542536284016,-0.0031744466478607737,-0.020634233244437708,0.033419597810176595,-0.04103945916175477,-0.13813555308880854,0.01689643412299388,-0.018057088740634993,0.059641159335216666,0.03813769525357622,-0.032326476689668204,0.07492072929972506,1,0,finance
144,0.3413637899575021,-0.17902791812547447,-0.08550846377374044,-0.08062245825117882,0.21373584739204116,0.019300852902156662,-0.0833149951533796,-0.01003551037633373,-0.010891854788538964,-0.1288190835154905,-0.06251657096134042,-0.06897894877754095,0.12170142986491296,0.08564610279258306,0.11086930164258244,-0.13248461348674098,0.05200977033065256,-0.07923289763003373,-0.04528029396655731,-0.17814713499085133,0.12477330596649666,0.021583112968665764,-0.03819193126655645,-0.04966292126588408,0.017993558116014576,-0.13094644057737356,0.07775453800273269,-0.11978422615965703,0.0073349997990785525,-0.003318845240260047,0.06929781100500051,-0.025987569209684695,0.012651100417672322,-0.014240009302967238,-0.030343432815726046,-0.03034018523475087,-0.04373724570067856,0.012159879586417042,-0.0691155283499465,-0.0032334242723451997,0.008323941976380861,-0.0602271629345406,0.010648620770291845,-0.048080520802423234,-0.1010111306020949,-0.03556185477892543,-0.004539970875543408,0.03731635466061306,0.16610009114875102,-0.006129388407908937,-0.10306766379480017,-0.11330425297833718,0.046237000323915714,-0.12493728374623803,-0.1038202269949937,0.03906715099178994,0.038243806675886595,0.04634133131526901,-0.11189880761920082,-0.013693606067004373,0.05600592081510453,0.016044571499487136,0.1310284390372302,0.10243395440902549,0.028129015337420828,0.0622245356953937,-0.18514521149888513,0.06000346626335227,-0.04845794526449287,0.09037996297406321,-0.02017686113088849,-0.09873315888625275,0.03270198320453449,0.0362280898520851,-0.056403738066625714,-0.09270838892738985,-0.05097612674050056,-0.06325914465584348,0.023564645757873717,-0.10728073467783057,0.06853869240671473,-0.18575224833643142,0.02061152608210919,-0.03382658426077723,-0.042896351650415006,-0.004810894360625513,-0.12649133522220807,-0.014796451945358478,0.09364919151937336,0.0410199310953994,-0.04829466932603219,0.0019109337452355654,-0.03538768385713481,0.10318274521458279,-0.0951861404365705,0.07856145556027885,-0.052745361813951036,-0.0834044349202321,0.08233133791896967,-0.12699843494061125,0.14825329905867565,0.009899301471150642,-0.01256169546700126,0.04953583713185992,-0.1140052693435485,1,0,finance
145,0.3438666833635055,-0.15651809233190023,-0.03444236458488913,-0.007769486949515497,-0.009570899084149178,-0.17336648723825485,0.04439898196411249,0.004809650606106946,-0.10037310851985756,0.1943291076058945,-0.0001997320326696847,0.1532961763300451,0.05858179201191761,0.03488872573896972,-0.043476779212868785,-0.04547245714964966,-0.1195293733102765,-0.008973402354293752,0.030759151029867086,-0.10868078366602538,-0.031121253601229006,0.05057120603550435,0.00886041337107531,0.18056887267905675,-0.08824370736039654,0.08830232637926909,0.12291630062515027,0.05130358645584596,-0.03091832664876614,0.044403300739951204,-0.07467357079434962,0.004352172860298825,0.0644985931088199,-0.08800441670289744,0.02918677912478726,0.06025994430766335,0.08950859073150627,-0.07486233069958412,0.00819457446878194,-0.07871618113600923,0.0864620888383246,-0.14940544907702566,-0.19335493714997135,-0.11022977958747254,0.1255391840376114,0.07530133352899551,-0.046991037585403954,0.23711112938208498,0.05676825531299886,0.0863171422435865,-0.16043378249298657,0.055394238816086835,-0.024516723553173074,0.014256645214863252,0.057445966417329825,0.05690711829348098,0.05831952825033877,-0.04132599722170946,0.041682681714225,-0.1236608347827884,0.0486027181239296,0.03660790350093463,-0.05704902772000812,0.0333852604760365,-0.026621317556418552,-0.09444800593933805,-0.08388229357331793,-0.12851597472884285,0.055784772609350636,-0.029780888648966795,-0.06719198416522816,0.02461173662939977,-0.044850198791333055,0.11384037807283387,0.12620270046408227,0.10736073479951219,0.025882176327974894,0.010446065101851542,0.03917929923312287,0.022576830189487095,-0.05000883088443264,0.02058385037277888,-0.05258822688778484,-0.04314826712041694,0.029382087352421055,0.019263560003914566,0.020277043404638904,0.020844966168731847,0.017683805626258625,0.06086180313815045,0.05293049416839873,0.04862384725664491,-0.03450223303811671,-0.0676127131129461,-0.03434867692567395,-0.0094592502630657,-0.04646750058085339,-0.037283431846274695,0.07245325105533215,-0.03676278075298684,-0.0228212046543003,-0.02418769868879761,0.10210380601785324,-0.01985583543771002,0.06319453479587538,1,0,finance
146,0.2966295568549828,-0.11931196126895287,-0.11064299925777413,0.09485593985873433,0.09535154001625529,0.08927761842793738,0.2394300334706448,0.06809036818803092,0.11276289710104935,-0.05557424638656423,0.09012572823578524,-0.0857769765168348,-0.21586881257527138,-0.11635538473086779,0.4404099760883387,0.2671203597050356,-0.20841604221741517,0.03791083626643355,0.0918606636411538,0.20406905339663625,-0.05468571481713118,-0.08614930423518961,-0.015744816360540835,0.1084850933435499,0.0807187230958428,-0.022867782192424996,0.023153325257575835,0.018598369662774086,0.05658746661074829,-0.027140755048169034,-0.009626551719505987,0.018876882694322007,-0.004215972933062066,-0.07898387558083986,0.009042519904656512,0.042336252892015896,-0.054971140352780994,0.06047097424706182,0.019874975495169683,-0.008794936127236346,0.027656262474120213,-0.036202565762614304,-0.07353180431689457,0.013815237571434824,-0.035433104743968574,0.060285106592613866,0.08284912620612717,-0.016234955658893553,-0.020296979037389584,-0.022637750369432556,-0.037547085268204834,-0.018285635574119115,0.01181736193171548,-0.008865929315039139,-0.0038056190708192833,0.014455321965459697,0.02011131908492382,0.017849347678271153,-0.020520520483138554,-0.015423162496012204,-0.008149816550968697,0.020993108897256904,0.031770166387920795,0.01681719163630961,0.030399881326776724,0.05066477124817806,-0.02106820255509396,-0.021366568917732243,0.024978666005580564,0.0276924939205049,0.023991076854901906,0.010144927469480052,0.02068372567310689,-0.01434244212824313,0.009774723679009641,-0.006089746031963462,0.007692935185142296,-0.04460763214216325,0.009384471041741721,-0.04918418655662527,0.006386628199382909,0.002474483283967503,0.049360652106230925,-0.010088078485876398,-0.02487588694181022,0.0020907971679449207,-0.009400171977579561,0.007758902211397881,0.0044882439919624335,0.035527625758139635,0.010098636255634794,0.013706065830204969,0.04305045064619465,0.0017205178624260283,0.014753633887869686,0.002376438368576269,0.005243620135722089,-0.023362015802255456,-0.012441044309285049,-0.0023223050715290698,-0.0015859604968126966,0.027516267352549972,-0.025682657871980465,-0.016960889561337084,0.02425400943007674,1,0,finance
147,0.2827246984721568,-0.10794084283928035,-0.054331040998457564,0.032245428542011595,0.014753277686055563,0.03726240995878287,0.18610369023561643,-0.00749539114632385,-0.0600772304855457,0.17029502221990617,-0.05905265461061231,-0.2548640585949579,-0.08377912975747002,-0.14080047173777624,-0.06446687416945844,-0.10355449931233165,0.02761117584975717,-0.02591308289427812,-0.05293161754453819,-0.06254331715550962,-0.002700413232847453,0.06369654786795625,-0.039984031262020485,-0.015472389691450683,-0.08496400958019242,-0.05139211584612561,0.014820394935704619,0.05857753060221224,-0.01562424953740626,-0.0018644904279989912,0.0035767632039139753,-0.03251141898364006,-0.006616721070072647,-0.026845784065465072,0.022243650972109365,0.053494899386732436,0.037517210040009,-0.09522095043786363,-0.007774786825687122,-0.03928579659006051,0.017795818535022854,-0.01043789282365433,-0.07380604945677013,0.045414822150516725,0.040049639911617085,-0.0020000567959779147,0.10527021545926554,0.01853908998866558,0.08557037196325155,0.07152010582216708,-0.011612850642176696,0.0440564574134318,0.07196146745489398,0.04290247119927078,0.02825638351332893,0.18733281658783987,-0.06423771473716872,0.056614207545622394,-0.037428072937279434,0.0348922598893316,-0.046233846686319253,-0.10019156680100787,0.036437120058543424,0.12443076278101911,-0.09266333349412405,-0.03708189814212837,0.22539167390013218,0.054098158595690074,0.01745677443394376,-0.03185429120843265,-0.18018991976046456,0.0742174150624341,0.1392392241116501,0.013324192930736632,-0.17891965512853084,-0.039585533398882954,-0.11829480087893975,0.09010829756335786,-0.15566324520053526,-0.17485764194789452,-0.011256821417524687,-0.01804861586258078,0.3207211672271127,0.17780311849456645,0.11567257708914921,0.05629048176680099,0.13443268964802488,0.03847358352439026,-0.02000754199152372,0.008127767779747174,0.017514744896902613,0.07382796171699246,0.003949374772204557,-0.04825736313745491,0.03509400678305583,0.08623503407438589,-0.005240444337902977,0.012867122218880367,0.1338806844496943,0.025233906586740414,-0.01469822002262531,-0.02458006845833207,-0.09904384615061913,-0.004266673157565723,0.034707819784285936,1,0,finance
148,0.37112255315224796,-0.14154423629838433,-0.055637190412338264,0.02553472988083534,-0.013511728896716773,-0.055279481650350785,-0.022059950274914388,-0.0004145408162773388,-0.029987310532752658,0.10719442209068854,-0.0149517295159714,-0.064204021393719,-0.10101013900006642,0.038952936398031233,-0.05157868471400877,0.048074726891201944,-0.025649300219772294,0.005053653611943441,0.055026040095084536,-0.01581992453419524,0.05302585954770547,-0.05340084712892472,-0.011143177499302957,-0.007016973184947651,0.019129220310055307,0.006859538475654637,0.10890933362596299,-0.02881103470604407,0.0011553307625873602,0.0033216173744080686,0.08794963213454969,0.005553319785093485,0.038190918765261574,0.0625629270642646,-0.0779695917136799,0.013193540108444762,-0.18197237300510716,-0.005536986533754187,-0.0016383613705252356,-0.0920064071227968,0.03514125183595247,-0.03133700692102731,0.03530367574303554,-0.003800177116209648,0.08145687639621137,0.18293933892646827,0.08794782658171262,0.03816975699070828,0.18827401165250926,-0.06995330079196103,-0.042506473694225846,-0.06053168718905894,-0.14945772199183763,0.048666573877466326,-0.02007073037934029,-0.0682632269926079,-0.05831655537190453,0.0708076829576911,0.10586346078719892,0.023728274778006778,0.010886672075586605,-0.0725575315696257,-0.13800970483886493,-0.13778146372219902,0.08313844974453141,-0.10365945484561946,0.09470358222540397,-0.04348031631752527,0.2685998795796128,0.02877758705487821,0.07996962180171464,-0.19213745814662267,0.002738692732673977,-0.2492775098410018,-0.05734272941493786,-0.07078007319929921,0.09889945160033531,0.0007427916470588718,-0.0316038680685507,0.005942716486255222,-0.0273125669040972,0.036823753188867187,-0.084092382492047,-0.006851581114920978,0.02664020143462779,-0.17812825839659277,0.040599351809647875,-0.06309228692749304,-0.048016091394806816,0.018969633804898106,0.1278837926170224,0.08084232508981551,0.009160381703229782,0.08562972157905929,0.08418025144231073,0.14585826581115444,0.02298366557973083,-0.09486411672264196,-0.007467753261641287,-0.15853354705967063,0.0647140216399175,0.01054355186996996,0.031181886907449247,-0.07550470183194839,-0.09209233985153184,1,0,finance
149,0.3425089975402288,-0.11094767950615488,-0.15925472536860602,-0.10252982015362949,0.4241902179870346,0.10473525293744317,-0.1852676111180201,-0.011580603555440338,-0.004421414173014931,-0.14026517422237375,0.009814355515018738,0.04209360931823831,0.026903205564686717,-0.06469034766145096,-0.05517411060880395,-0.041707096148867286,0.01955227248218009,-0.08669819121680393,-0.16656916968161983,0.03327075683148966,-0.03903844628864674,-0.06981634900893148,0.02721946279735395,0.3768197150154069,-0.048919428164953295,0.24605009945805664,0.16660439723449055,0.06420061417685759,0.0009427802408560204,0.20162941729771974,-0.04612718492954889,0.056551348261349506,0.012859607015477911,0.013305066404685444,0.032109748905271296,-0.03245148203215429,0.03568427618231737,0.063872223746953,-0.03920626568932675,-0.005693961002208663,-0.07191355060911946,0.09444036999835255,0.05066048135426039,-0.003935759585146241,-0.016394572718046174,-0.018115207945749126,0.020006282330678016,-0.0456873427325085,-0.03613535532767257,-0.013271081973933433,0.025477651147945972,-0.010189445430744733,-0.06046921762269902,-0.022638935603500873,-0.021294071676516955,0.020540024969936573,-0.03935552065006792,-0.02240230379663858,0.015266018039998412,0.017865026509968986,-0.025225715994341414,-0.030295025818511942,0.009510428731938267,-0.016642153598509988,-0.01150010118638568,-0.011610880226930851,0.041602959410899025,0.01952740054761773,-0.03294896627601681,0.011331459417566095,0.004677505090679094,-0.0019386431537609867,0.006163397624148596,-0.03971184412027579,-0.024895932487792007,-0.01386192359856208,-0.01404079409802342,0.0032817012275913405,-0.030755479599848996,-0.018866127587999073,0.030002366337579474,0.032095481046636454,0.01039235748575434,-0.004512217281364827,0.04420877326796948,0.03275530960997252,-0.027935096769413113,-0.010471334007367494,-0.02361713156366967,0.017124886882820246,-0.06162574488901115,0.04046352743522024,-0.02228529311712823,-0.01731467084725737,-0.0313169072135605,-0.06586991213124438,0.04725543115229041,0.04544746800931823,0.015539861393615214,-0.0801475509709408,0.01628740421263771,0.057844698358407845,0.07803945142132919,-0.03320561457775952,-0.036608412551098486,1,0,finance
150,0.1524797833380773,-0.1583991489358004,-0.17683477419256693,0.5586033567435954,-0.2844298340700093,0.1856051686919208,-0.34452494868810035,-0.029171174932123334,0.10730527480233137,-0.05528803506731095,-0.01913945327467038,0.05299708513870704,-0.15315014225174492,-0.0018889515418985545,0.0754579895586972,-0.05796377631802528,0.11663901220725299,-0.05651171867620151,-0.02253216037302316,-0.06904703984245779,0.08108491827923037,-0.004329423879386053,-0.05593556845731993,-0.014693487975267767,0.04720143825930547,0.10219315252145995,-0.0283953899830713,0.09661462253280993,-0.10568408778774718,-0.009071354118024087,0.0400568260756096,0.07808563849847261,0.021728591180411663,-0.006582999877954392,-0.09939645858622308,-5.529623271907023e-05,0.036027692760845303,0.015173709943807909,-0.0374338753015603,-0.008081180622103383,0.042601213596102395,-0.01650611129269135,-0.027423909000886783,-0.01803774223151259,0.036680930035474686,0.0295378855417304,0.006416405408751481,-0.04457789475079012,0.021870695563043673,0.032518889764098856,0.010341108995887187,-0.003018486685131218,0.020181787047108248,-0.01455242245966819,0.01275830187293441,-0.0017527431866300618,0.04193590763934094,-0.02060570944422873,-0.018571758308952326,-0.013336014292573485,0.05089584772801221,-0.016514636206557888,-0.020186008691801937,-0.027712365597151904,0.012786087143944547,0.030067122834308076,0.03936446445150034,-0.009957161178119135,-0.013331109647006149,0.009853020285899194,-0.015234886766124485,0.0016617977242285448,0.010903049624139974,0.017622475608213416,-0.0039035309375992995,-0.023649659072639995,0.047412466940313536,0.008050381810244507,-0.012574057172218286,-0.014415759412573443,-0.011678815612949187,0.013690958044168389,0.007021617857200513,0.026916218242609737,0.00020075241390735886,0.013918411812888509,-0.031945352635431135,0.034981466793896,0.017647734614212266,0.024761791648901757,0.08184685170758138,-0.00697326750262393,0.01136700455306565,0.028221017074368936,0.021250390828682766,0.006821362482470573,0.008289733873277928,-0.023011748989474605,-0.026602601842244236,-0.06324493915228828,-0.03718981035748184,0.01782174858252065,0.037408477975027055,-0.007671709869308448,0.06262003803190067,1,0,finance
151,0.28377626579643384,-0.11807810392840226,-0.11802204672979738,0.014588175617345812,0.2114977135737261,0.00269701781588968,-0.0961826071888909,0.011915719766758705,-0.03680822949167121,0.11476013939260911,0.07009436841340877,0.19062669438959123,-0.11021494093003904,-0.014169095800433025,0.03936198562394028,0.029711432786733747,0.04923305563517533,0.022755807043766826,0.011337067537153904,-0.04434333304993312,0.222396733886631,-0.03089252261694629,-0.08711197250511586,-0.02443126838088386,-0.031193500674091948,-0.0325445696327339,0.05102614649568715,0.0220410680451931,-0.0073654842458286615,0.022332384849037365,0.0017286893765323344,-0.05588294195273592,0.003857032473380591,-0.05230771770847573,0.06689761182347374,0.02452156794773624,0.08619792892988268,-0.00817658824128504,-0.08404428151351558,-0.056709105860136305,0.03555935645343629,-0.05481752322908583,-0.15911574002890286,-0.10352363987687356,0.01159635824105443,0.10334036035165742,0.06913093250798036,0.036843962598123725,0.254843823337161,-0.03928073703130171,-0.005790678252164775,-2.991196044375274e-05,-0.17124223179906642,0.0038648874642774472,0.07403132904437744,-0.0025599080021603536,-0.04518606249966769,0.03674471769742906,0.08224990047847548,-0.13519048374138168,0.0664085497411148,-0.07053585696078736,-0.266259800363577,-0.011465543070137174,0.09326539703048538,-0.10881830085417879,0.03281967067867172,-0.02765595222119672,0.14713699396307597,-0.015653104720392816,-0.049467757367052584,-0.04803994589513587,0.12354263257251269,0.08200884923897916,-0.007664689151650295,-0.04213213289058903,-0.01891413587211623,-0.0619260623557272,0.11837665979950142,0.04360138316416149,-0.022409410963076463,-0.009748164419064636,0.13784933875316766,-0.1712589682712031,0.0003554250765648181,0.01805458388974992,-0.06355810859496512,0.03645581696978631,-0.08570622541223417,-0.048524635553494254,0.0042726303538376045,0.0021082652685859953,-0.04606876812646841,0.008269448822162956,0.017618696339520734,-0.03371639466013056,-0.03280860786024341,0.05254057266807541,0.06080089758164343,0.14590062179846547,-0.07162521791120487,0.04990494662991424,-0.06930788581265698,0.03544304011070623,0.021976424203877406,1,0,finance
152,0.30744556138329604,-0.13052722536061767,-0.07298649964306371,0.022448445935679354,0.07658390310716826,-0.007146692402946524,0.04660870092157384,0.02412683890815817,-0.061712556391703116,0.17015563333365813,-0.03788881397258406,-0.21688321095457103,0.07266344236251938,-0.0613727835242184,-0.07853653085919109,-0.0421890040990614,0.29433667240414735,0.08307057709091185,-0.21416700161016988,0.29544272306325087,-0.06595939606204164,0.05652992192553089,-0.09380256803197871,0.014564367053470174,-0.1680271239488976,-0.08173699433770228,-0.06173805667920486,0.019961954810006274,-0.09558865754177782,-0.0692045871028204,0.05419721365153614,0.01746852692291989,0.03820049826926845,0.032490523570873585,0.006708373227171507,0.00010388471361090154,0.026132234174002414,0.056188135899170204,0.023705883641072557,-0.04104055262711024,0.005432718359841518,0.02008657228859664,-0.010974547673289538,-0.02798506438055199,0.0021000390878542583,0.01572772951565076,0.11581845078219026,0.029545582705430326,-0.005871222544239774,0.064112404634102,-0.008796397195115609,-0.06318847786835587,0.011011521755914737,0.051439494398988206,-0.02191248957250228,0.010700533870723986,-0.025713788508687396,0.02473407479550138,0.028729952904994412,0.04689813327420396,0.012775934256473796,0.027002365968926544,-0.054990860089764046,0.06405633473284729,-0.07043571722975468,0.12580153152392926,0.037713789078360656,-0.1181408537516864,0.00674112392443962,-0.0431319311241816,-0.06159234857655192,-0.04070104946535811,0.08577639107565534,0.07621205312356889,-0.011822233023031554,0.07107621783323975,0.048922094530396046,0.0531292588838052,-0.11336086553099403,-0.07053640927027241,-0.05972393285985485,0.009802089537670717,-0.06402814682253806,-0.01197484230827671,0.013948349035296964,-0.005925510639247786,-0.02769146385606789,0.17043496320577053,-0.04405214261700702,-0.008354053387725,-0.010161197249601213,-0.00302328198213153,0.10232168557131513,0.0341220466748754,-0.02050184107851874,-0.043866236572253345,0.020000520030315466,-0.031377761503000604,-0.03434790083179881,0.06277213050081441,-0.05320642799169022,0.06858432631092148,0.029023882139847162,0.03263421798334129,-0.041159514132826806,1,0,finance
153,0.2874834040753905,-0.127325826270834,-0.07442180956350267,0.037264810170527705,0.06058154015958961,-0.13181283734485152,0.04762873201408043,0.0228555774141588,-0.1336527433589779,0.42671512365013053,0.14662622142603307,0.4547978720956025,-0.10113668525744537,0.00889265402144393,0.12376069518907591,-0.10356265153553772,-0.03553591090383315,-0.0033633425761602554,-0.07923334697437003,-0.05382875904124602,-0.004800801323665414,0.04418714660708946,-0.05715095278084894,0.020470028260372836,9.503946019260472e-05,-0.08289476025222649,-0.0033212822592106218,-0.043738828560403856,0.041339744675865146,0.024315205207746698,-0.04948554577477529,0.006096716396874545,-0.010540005419012451,-0.00044004594075022595,-0.03168686540445821,0.0023710270706900046,0.10302914205282108,-0.03254099612733061,0.0038352020906779584,-0.025727036911727296,-0.018857352284272214,-0.011351120697949153,0.015425811529724486,0.01974130305741351,0.008610114617000703,0.03785901847801658,0.000534363575318089,-0.04170515882800002,-0.02232432561830711,-0.02927773805687239,-0.022777805830258447,-0.030462931075174456,-0.0454895360638521,-0.10397301141464112,-0.05935880698169891,-0.04600756935181155,-0.03126777500904954,0.018185560855477907,-0.026791925096461798,0.01750922834727295,-0.03316401454089565,-0.019723689561240782,0.1027423684831278,-0.03494235964018609,-0.029189691456460585,-0.12123505837678433,-0.06193265620286068,0.006013214129030872,-0.06013390934871154,-0.011344544998574038,-0.016698938954562533,0.0488833458524859,-0.02426969653098833,0.007680825353096464,0.020879590717524696,0.0464103216420928,-0.007324666927599403,-0.041337773157207325,-0.0030636463581533505,-0.09060526352649384,-0.042099892711587844,-0.03995960832963212,-0.022381564905756754,0.06102155630929132,0.026092692364244715,-0.01944728455980827,-0.01317085026425156,0.04617560123054129,0.01722281390773421,-0.04350062095389991,-0.026999609085708698,0.0339016527945099,0.03682152607634794,0.0036792032648128655,-0.06770284226284043,0.04893220234938643,0.00360818890703668,-0.02134770676883633,-0.0726493024972871,-0.07074838148695242,0.05486767129989803,-0.03599765098830356,-0.07683945881082958,0.014959923931811999,0.03347369739126133,1,0,finance
154,0.29783819534303707,-0.11664408497448403,-0.15722605133833112,-0.0696310184650405,0.42832547334416604,0.0961071454912707,-0.19797070763826746,-0.001043636906670811,-0.01541679811341117,-0.10352619619346083,0.047466254536203484,0.09576866745906484,0.02297572691520816,-0.14164442041957304,-0.12105829202492922,0.011110741380485721,-0.020763214412457456,-0.11073310114341542,-0.1506216408439304,-0.026355982758635835,-0.0689297317723795,-0.022044120722677505,0.1589765813103669,0.05349311016225057,0.16341329213620223,0.02058988208265854,-0.26589357676653663,0.1431897733739967,0.13142241965819132,-0.39018146500934203,0.08676924750086246,-0.095549429934822,-0.05504088599232631,0.09892378070904861,0.030146036692623515,0.08786242845115162,-0.01815150446062714,-0.1983479982220952,0.017313865398218945,0.021741573296526203,0.06421423675100243,-0.035208586486791045,0.08823671435358481,-0.042412844262016317,0.11032406685484626,0.05924574179898521,-0.030139584711029954,0.10592500244124825,-0.060625326599732944,-0.06618469295164563,-0.043604302400489896,0.007810729962826069,0.07682086675302509,-0.003485548564768437,-0.004224515529999352,0.02494237600563806,-0.0057892206892182175,-0.10372628235334534,0.04330220579158716,-0.01802932396237893,-0.043255882196058554,-0.019031950846881578,-0.019701761650133796,0.043255030382269785,0.0042760837817965155,-0.04260711660282323,-0.041034975810401546,-0.045352188876209905,-0.00026338037291973146,0.0022811501257345114,0.02743603044182871,-0.009624115011997912,0.0028065468942973207,-0.08153218015240492,-0.0313289251239471,-0.03051685531925726,0.011560182643512891,0.0025271721421283757,0.02017546232530509,0.04439730149838207,0.013836400022400039,-0.008608396850325288,0.023270236124175406,0.04716594103153406,0.0020662060301284086,0.011982096934538593,-0.05149883159773104,0.040180856976017865,-0.012971086524838688,-0.02081127370657379,0.00037862583703447087,-0.041342148612909434,0.023615234254999496,-0.0011079335917520514,0.016028849872867113,0.028072768500470104,-0.009621198864036418,-0.007895089119094817,-0.0027751614820456538,0.01674290484322071,0.013794501128693465,0.0033878180030604624,-0.012857717448580094,0.0046785171823791995,0.013542273171049734,1,0,finance
155,0.1726027836212585,-0.08329435110809272,-0.01824117887452608,0.03374410763190354,-0.06481396230397678,-0.31897526267657983,0.1523479938691629,0.3303399655546932,0.4373309052578412,-0.19133710487620034,-0.05644912588207719,0.12531000291683972,-0.05097913508562404,-0.17384945917880867,-0.10095937311456643,-0.07925840690069745,0.004013976287042805,0.0003732028674913939,-0.05969331340939351,0.01049928995747179,0.010293177004171363,0.05583614090889262,-0.08255943605188469,0.015787953140222966,0.036405383747873124,-0.007843742280685519,-0.0032294768973983364,-0.05169501492861141,0.027104066885184835,-0.007867659652365681,-0.03177563013054259,-0.04328026593861389,0.019086283357175913,-0.01685110552037028,0.01895366618221297,0.016415497799506722,-0.014562551786875233,0.08255434182873307,0.013376732263068913,0.0057230747425548855,0.02870274053834298,0.07372927129568241,-0.026799269680351605,0.04079940968594515,0.03633452001018723,-0.017508642625328277,-0.025918861110322596,-0.047457276373046225,0.020177523163387803,0.06410835454522112,0.016717506897301674,0.01653011581276434,-0.020634823030040154,-0.14287504731033637,-0.03734551873835933,0.08511143470728269,-0.036972896932082146,-0.03339844212154586,-0.02754234335902288,-0.028172943143411216,0.023005612153734364,-0.06501255676160869,-0.03238178452507419,-0.06693397702308237,-0.003052252855316681,-0.0018961516637672074,-0.012341195169036567,-0.008655220763338625,-0.025570832258166056,0.01987269286495615,-0.018903806394326636,0.03794240497188013,0.028979532249500797,-0.044772525269504856,-0.017986566850540675,-0.019690848437636563,-0.03785919004422751,0.07014417058860549,0.02376003188818173,0.005747220460018034,0.017184827411520696,0.0010924015837368698,-0.03861204134213862,-0.010368256927580454,-0.08565297382563972,-0.0021055450964448915,-0.009160711589077377,0.0002222677579560747,-0.018041381252578807,0.023172837915023996,-0.0021732495600569352,0.0011835121081707827,0.0028022463355241566,0.019348400032156963,0.04039649905968718,-0.003930727077882192,-0.0039692231980391806,-0.06293066501923131,-0.03525893535262006,0.0029621717678496914,-0.015165282462206756,0.024561017205796887,0.07964878336354388,-0.030373212904999464,0.03811611342948995,1,0,finance
156,0.36042583412580226,-0.1510659844824177,-0.0595658962100368,0.011699641586343618,0.049153425762939205,0.0018121446332933053,0.05387475503620236,-0.007820915931603771,-0.10340108653319971,0.1211042773766234,-0.02171656658326329,-0.13983120506659763,0.1694901649500233,0.005337290678945514,-0.001054174778622774,0.019011518210718246,0.27861845772385985,0.09903774640631954,-0.20777943400984444,0.3627663190671335,-0.02802001343600463,0.10746124047251863,-0.14410298906994184,0.13215269854932069,-0.08287873251323265,-0.064478823555047,-0.0377018122422088,0.0028832696932906835,-0.1259745592319618,-0.02808811378820917,0.0010328592156815587,-0.06715866988208516,0.061947678670363306,0.01908770847733612,-0.06920279245791452,-0.07310722223305842,0.019064792151327236,-0.019451297497448193,0.05521488312825321,0.05459306056677882,0.027083720387424858,0.05501213996754746,-0.03124521645756384,0.019554944495420768,0.005801582095332346,0.03221561834625068,0.039385289813951355,-0.05714912779724827,-0.011083960404010898,0.05294645417876807,0.05555720408735179,-0.09366428808907808,0.010107465903630488,-0.0015817622077547709,-0.0077286611432407625,0.017946600851852842,-0.042893515218405565,-0.07597620343586144,0.023995420704201312,0.08086674010220131,0.021916462580987693,0.05265348870119444,-0.05687352471855868,0.06460749254609185,-0.05977257966453423,0.051723561272806834,-0.023862785277718523,0.019428406324994506,0.045215938574134557,-0.019381607758457608,-0.0031081980199802,0.027532337404049496,0.0031151602985094945,-0.013276283381832696,0.058194071849230554,0.006725717847657169,0.011413328430045302,0.016259672362319042,0.017936562829883006,0.04076040221708048,-0.05512153174570759,-0.04202038748632398,-0.03751820024251963,-0.03933514796502006,-0.08376542473723263,-0.0028888146666528943,-0.03337570571716835,0.058698246336821046,0.036339867473589284,-0.012856616535337317,0.0737035737552284,-0.05683802805795528,-0.040024749116956956,-0.04276538985364573,-0.04268927944758367,-0.051967122168978704,0.014869712235180995,-0.06980729841287954,0.03385330733060745,-0.061097153592196765,0.01707712390216868,0.09341333783406258,0.04575340700197201,0.07541933697321244,-0.0024982131563906812,1,0,finance
157,0.2243534048243005,-0.15529837941754185,-0.05221192710979657,0.09612324890131752,-0.04247339717194832,-0.25878909813773227,0.08239661488358344,0.1949531720103456,0.20005671196112024,-0.014511697676511342,-0.04056438345311564,0.09945365737086656,0.04049186963697536,-0.09513330797328436,-0.07029147004473052,-0.042778006501552314,0.1517480428083099,0.05901989174480896,0.005380527641421593,0.17101169547519632,0.04475923883575041,-0.03475654643082848,-0.02701790590951526,-0.09771406331216027,0.11538377300755041,0.07634848289816966,-0.011102284491485547,-0.04568321071754116,-0.03490616980573965,-0.007817428468711425,0.03266322517752959,0.006888219332467689,-0.010391870273485699,0.07342691873905619,-0.02878156908842053,0.0007105278309777025,-0.0811592211688403,-0.06504600895804225,0.07864339714523728,0.017541814719022067,0.040619476309495625,-0.04071589615692337,0.0511739720464262,-0.06653286270382652,-0.08054006538896524,0.06767090934564056,0.08488703042189415,-0.07155583623420539,-0.03381563878263162,-0.05444065829516642,0.11486434953607515,0.037519278832095236,-0.060078150430171395,0.21432545788814758,0.04205376992823718,0.07674797036636824,-0.006631041853757943,0.09246600562950745,-0.015369494647184062,0.17432166953156866,-0.0719550907560039,0.061279122520835526,0.0036000404702014378,0.11437907873092336,0.057735628733084424,-0.042068774875662324,-0.09745193004568585,-0.06516825266368301,-0.029687179579620613,0.03122485470690531,-0.04260739068669033,0.06944169076697367,0.0204195758823642,0.0640733401382413,-0.06110505791817936,-0.0176890370899753,0.038776743503338464,-0.12212819326580565,0.22959057860158952,-0.13995857920786228,-0.017422649522537376,-0.02376164237778144,0.0384060714626974,-0.07204520344083469,0.09102237501330875,0.06942806555793472,-0.05655235338726145,-0.005614911593266098,-0.01675539091479607,-0.019593663176915323,0.08864209984252296,-0.05253278748232451,0.07527466347477056,0.08534273820842693,-0.04962839521217952,-0.13128382064777164,-0.023023111076508257,-0.07070030276099176,-0.025517129127238396,-0.06589964560130812,-0.09353779871044518,0.06304440088024905,-0.06121083785026045,-0.04780727042949517,0.08398155356349155,1,0,finance
158,0.342241713160867,-0.12175055334131495,-0.13217185648360005,-0.02902062125625599,0.3396303793068041,0.12136508478119262,-0.12262419307891355,-0.030147361762182426,0.00461216455958877,-0.1588545486772239,-0.003608643458111455,0.08597550696641741,0.015643839131070956,-0.05807351803843936,-0.04489368989658377,-0.03515848223146463,0.06276699210626409,0.030052056362113215,0.2211223192150708,-0.02764846227625487,-0.05565332116292967,0.026624881056597178,-0.005666688405139506,-0.06236664859188033,-0.052629197702041434,-0.12858323065861751,0.026912131539363605,-0.09852431765564722,-0.056603469109150026,0.010845556095568473,-0.01560737338961648,-0.022490063531860296,0.029157033742997916,-0.08594305191231083,0.0126607128953604,0.015538933722816287,-0.00990041780435855,0.01854573464317524,0.028361042872065544,0.021107453763015514,0.03923820953198421,-0.0028825338082449315,-0.07677361758595436,-0.07143441792485944,-0.13211900292001427,-0.018513388790578438,-0.017583355351131046,0.024551232453694324,0.12596229215765514,-0.015499058523244373,-0.0632982599619873,0.0875875958146534,0.0860487584752494,-0.008930163492330554,-0.06999849585588167,0.019012716188441726,0.07984828436840812,0.03218681528251714,0.08499319219155904,0.02422734614005771,0.050624220430263524,-0.03051505960699477,0.028651040262996693,-0.10089204427986902,-0.054719139165744064,-0.019530314048754525,-0.07524500405223931,0.0037572827291842514,-0.09742838677139744,-0.009054575514062692,-0.04582948095315909,-0.03930969403213049,-0.10518826545782378,-0.05160232953726225,0.018204399542125493,0.06398810103614769,0.09144703973526021,-0.010077871824896152,-0.16160412016071068,-0.07107318928373842,-0.14784732159990951,0.07152932483012617,-0.024072455996343167,-0.10182078250796674,0.11797217995233804,0.06375511103369175,0.061627542330188474,0.04247666883020097,0.04191062553522306,0.024344685591509922,-0.020666136892042546,-0.0647782368107982,0.012727343477919071,0.034906701122393004,0.10820991233975945,-0.05644588464438061,0.0511050646882718,-0.025090293907795772,-0.082136694046872,0.15793858910825545,-0.007069052725850823,0.05451467396109629,0.06510884284389984,0.016376378266550702,-0.051321391787976824,1,0,finance
159,0.3057938617702566,-0.13351566784565427,-0.03990028703689691,0.037899448097850896,-0.01652423654683241,-0.057245003617822386,-0.044997026712351104,-0.02445216421533098,-0.08079191752118545,-0.01676769881637842,-0.03337812150648117,-0.04849002309119675,0.20690693245543504,0.024244971203964294,-0.02199746667217428,-0.04797228469874771,-0.04650753997926425,-0.027786180393157583,0.01657192728715966,-0.06419061370327338,0.017382716146340092,-0.01375094658248705,0.017279951806625293,-0.008882374091272542,0.04817903187855091,-0.011631768509231987,0.11128101127984179,-0.07140727785687845,-0.027420890305008987,-0.0789837900332031,-0.023411493253392222,-0.1573265220422671,-0.02122161210409096,-0.12087358606383511,0.011014305614239836,-0.08280714566968163,0.030524678562524315,0.004218602619436881,-0.1126522050529184,0.012652524840848273,0.10457410325338118,-0.058683393149483405,-0.18178769153404098,-0.19716706651963958,-0.22060787363883713,0.02861697791977699,0.024422306239680162,0.03482289835230225,0.02908256355349,-0.014522011819770446,-0.047339009394495035,0.07081609278823635,-0.11138400752924153,-0.0726411476283493,-0.14928287197497297,-0.07262155164318532,0.03218898998882013,0.10469809203922666,0.014931063052379876,0.11791030261360652,0.003969271990882018,0.039659428446390116,-0.006652108419982867,0.019294314026123624,-0.22560288829098737,0.18537532937989312,-0.0859335027870351,-0.024300942464624335,-0.16781522873123308,-0.06642537407678424,-0.010901404100796493,0.15030576029861065,-0.1538197168069117,-0.1907823138444623,-0.04178635171030373,-0.1863037455749262,0.04321460827945215,0.12879970478683087,0.03586471993515782,0.055217987434250895,0.049365452330969326,0.24527040013893775,0.07924983042523309,0.03306742385776994,-0.06506307864618012,-0.034437274759806194,-0.0787354857381903,0.018217463427406804,0.01907266205922317,-0.021066649631324885,0.0036384563890311736,0.015115539609677191,0.0013389850218131691,0.000702925099311023,0.0016198961378953707,0.029507247704354457,-0.05564722281624992,0.11521808572950747,0.10913180298857691,-0.004210342552756357,-0.10399362440255323,0.009494206148261302,-0.07216426871053995,-0.14311711166184482,0.07527362721578722,1,0,finance
160,0.2902254577847798,-0.14446506651061905,-0.09308596392979754,0.057134577784280334,0.08975330366369247,-0.07544546273924473,0.1424638039481476,0.01939362867534807,-0.1307090867821484,0.3816494831298206,0.12749669458434085,0.41890738450366316,-0.10136757215705244,-0.05377826724861323,0.12207541965201152,-0.09277748231464289,-0.03388886824076039,-0.015584379106576162,-0.016022752242422576,-0.04747355353694847,-0.0005272649995697348,0.0004204313302073971,-0.044795141142565206,-0.024195390299464332,0.05396509137558319,0.0018755062062097347,-0.05076276513552202,-0.016314179034937575,0.014146978573332232,-0.0564596334188911,0.022357894700432226,0.051859030460425476,0.01221237420197999,0.07538650076802357,-0.035242704555562325,-0.047900069299486966,-0.13047670768239386,-0.003990769608703014,0.07153453563852155,0.04042874621006144,-0.03298779142992307,0.07048288012060022,0.06965048098840206,-0.03400309276575732,-0.08173704630745449,-0.13934038950626887,-0.031847584067235424,-0.09714497453194776,-0.08969590436737544,0.032887454230628554,0.07067356124387587,-0.005963715299201915,0.027366120959295272,0.13298779428088,0.00046280016609654334,0.0920425464499986,0.05023071329681271,-0.046962028614686034,-0.026502130932464237,0.021772641168419204,-0.01026542789830832,0.049517220477377916,0.03854167290748786,0.03768309300997918,0.03551970386163695,0.18897728766358646,0.06730343364543635,0.058799580858002555,-0.03640384510494133,0.03996000445235493,0.06228461755098113,-0.03483946697570517,0.04819378157357751,-0.025403530216117024,-0.06739785270139242,-0.05214002112427758,0.04404340564169861,0.052032272305853576,-0.0310921341828754,0.04573879856642504,0.06659952234799217,0.02941625744883115,0.0009538158906728842,-0.03957847770190262,-0.0245436219914445,0.01657840034003767,0.023325273355459922,-0.06407045090551303,-0.005517575312953925,0.022656886161076948,0.012625461604020045,-0.08398180139610892,-0.03182898257049578,0.02533325946686992,0.07590937654098626,-0.049051438817454836,0.011333589163279994,0.05294260705218888,0.028541606439610255,0.09517752754625548,-0.023725327662644322,0.06781837103934021,0.0805235362771373,0.010881084163785413,-0.060205566730594774,1,0,finance
161,0.19731326624083767,-0.15815341838789945,-0.09397987116681986,0.31073285291131164,-0.2116842718936214,0.01669906535983446,-0.252270964563134,-0.0530812541720217,0.0012906531626365137,0.024660813470085287,-0.07659323828215153,-0.05899195525419276,0.03559566600591541,0.02963813637268086,-0.07052665803306386,0.028049999717370013,-0.27367722700985353,0.025648052202042665,-0.15080182957239305,0.05206455347961736,0.004637606060172368,0.014835771836132801,0.079575048211104,0.05109666624667954,-0.1643223750299258,-0.18021993009478493,0.18796727297599902,-0.22013278351894564,0.2647028576809223,0.05395628173129553,0.11162081713818515,-0.08667187727045803,0.005691324698165228,0.09182419441160272,0.13679280190966564,0.034176809936115424,-0.07914941723291002,-0.09682607131861831,0.06290055528016174,0.0837533368708833,-0.025431275526695215,0.09162283571291857,0.04442795770859936,0.027577102064181003,-0.01661400339047396,-0.05669782561307244,-0.04704573104168458,-0.046588765724317076,-0.04396587877362392,0.06738767551075696,0.03714894343209178,0.02795697486693522,0.05077293674368889,0.0073586621622451324,0.05895265003711026,-0.04217786922717282,0.025454376138111655,-0.08603325993384853,0.08118152784315452,0.03347957816891238,-0.06505592240572022,-0.05953948377130852,-0.050733527223401416,-0.04860241829786816,-0.06789852897211207,0.08542458142501047,-0.0555494357461356,-0.06373608237238201,0.07646518919962479,-0.02490792307858938,0.014889504039058768,0.0782490651361558,0.05847590939719655,0.05815659425645268,-0.045987443350673556,-0.020019553956248458,0.05254569093127778,-0.03493351697397222,-0.04008410791576515,0.009940455058950214,-0.033360321683724665,-0.055947757107629746,0.06168495676342677,-0.07992625154217213,0.015745306160050113,0.057557365178648956,0.023409806652932137,-0.029294862219968514,0.017490315689132837,-0.0026365782219812707,0.03238909726156215,0.003222380012034039,-0.034523790134383975,0.005780463543251102,0.015352614929644178,-0.0036296960520787887,-0.009454496240165141,0.015849106811419978,-0.017204864302002056,-0.015084829816636815,0.040298849343316706,0.019646668027355915,0.006815070140652577,0.05658085406044761,0.04073814256719264,1,0,finance
162,0.32748273963013697,-0.1123627750126886,-0.06002006085297121,0.03005539037628377,0.04596744399486098,-0.03735967874408087,0.0008205543814161513,0.054820460109884984,-0.033882509208701936,0.1580680701576479,-0.030024209610726868,-0.14125688534609268,0.09072551268796335,0.02838528465424942,0.013946852089746137,0.008443780609226471,0.24423552151195163,0.06892553793657889,-0.21872083360192668,0.2301085330619574,-0.014330151083709679,0.12228395696547302,-0.08486597031595788,0.06302574645480379,-0.16509045128229127,-0.1192877735482824,-0.09190168388298653,0.06362969770463728,-0.0685011579912226,-0.03861371352843874,0.07238399320934245,0.03629983147770557,0.029652429320516583,0.009733541806474622,-0.1138133179576373,-0.046021162499854384,-0.007031746726751966,-0.03941149552728041,0.08349332913020652,0.014440858312074976,0.04056465902119152,0.05169714307297784,-0.08208697213483042,0.1007337968777888,0.045266937735860775,0.06252786937804734,-0.028818468060475614,0.04098341448395415,0.03279180617249956,-0.02923744581710019,-0.0797231967962225,0.027780991403394736,-0.0943501849699173,-0.01285870520672435,-0.041651074829751,-0.08422740806591453,-0.025987433345286564,0.044668201452087386,-0.04054931317606098,0.030094932790773757,0.025564783634921453,0.12085641624500063,0.08906225279431042,0.00029355013862984367,0.0029040740085167216,0.022397117108720374,-0.0795829357411585,-0.10960741444216905,0.042445241754941555,0.013746622415753359,-0.06810705051674691,-0.018098849921201837,-0.0836864878625623,-0.006618262447997316,-0.012137746791571718,-0.07403960160103865,0.005171884314566623,-0.05495443612084351,-0.03365473313472443,0.02655597094134807,0.03753417966918784,0.05963843291902951,0.07720047871910204,-0.0481408727368206,0.08101330971347821,0.016350688996524827,-0.0011200137054877366,-0.22978566147031768,0.030049088688312523,-0.12228669285763588,0.013184362003157965,0.015275115015895104,-0.047192739797496545,0.056982855306358396,0.045067646028669736,-0.02647374296504805,-0.043754354929025366,0.08208511779128913,-0.08817332194179374,0.009272044276416333,0.12015346806680671,-0.08061058956456803,-0.046759047948107785,-0.14396459376714763,0.021906705847182233,1,0,finance
163,0.3276877840518424,-0.10460159662111969,-0.14836729303043297,-0.07057713676213835,0.3906004579807976,0.12667289437835436,-0.20462372933349346,-0.03072839425679272,0.010578595667013977,-0.23394772379083695,-0.006897068021340232,0.09389421824921021,-0.013470588184795141,-0.15039295471401198,-0.04207119830928454,-0.05667877459513504,-0.1385552096684328,0.025153571572231852,0.1721619595277797,-0.010270536498321716,-0.14474651207567718,0.04430598734773872,-0.1502632964172408,-0.334288495042597,-0.1586388137261838,-0.10639405249842492,-0.006894664770000266,-0.10730852861154314,-0.1914446355283812,0.1625591890822704,-0.12199824112067849,0.11340792145782605,-0.01662725267406168,-0.09188599821291908,-0.057644688744428525,0.031147099427261706,0.022105235573743928,-0.0728293357828461,0.022148497953976144,-0.08459024218705702,-0.031741535909786046,0.10705254081620216,0.024389515403208932,0.02632762712744465,0.15967457978586833,-0.029877172518629664,0.09881374433038827,0.045976024226311286,-0.07847426689268262,0.07866141805016029,0.04080872487300488,-0.03336213866247213,-0.046737162245249306,0.023062118185514367,0.1152947834212624,-0.05929933809396972,-0.045300390506394284,-0.06313190228819522,0.017121702137666797,-0.008838097668178448,0.0021920047067858586,0.04455942749308441,0.013144638550883908,0.00648994163843472,0.011238717966708996,0.06557021627772591,-0.017522197798479255,-0.09010616621582948,-0.006697182237259676,0.022485748939929384,0.014289883407484986,-0.00404717433563708,0.01370850161949097,-0.022168784381402348,-0.026595124673240163,-0.003282070947365913,0.02171695097291533,0.00030614044074520796,0.05435468951442829,0.031695537185178736,0.021654858312582233,-0.01797664431608236,0.03388023795342102,0.04075642919055389,-0.05602874832891144,0.01740447594045436,-0.0646713392613828,0.0249020945829617,-0.021791807162301093,-0.03444348218360501,0.02261768993233001,-0.011787433392450208,-0.026502114830254504,-0.024298279305502705,-0.0046480584528600585,0.025310445802009637,-0.00722631507029787,-0.0135584639917396,0.05494397940297281,-0.014644286786087,-0.010705008955501643,-0.011051019105735322,-0.020337920583973698,-0.04081289844823362,0.04567451447311655,1,0,finance
164,0.3641424952562144,-0.12180017550013164,0.024702049028173766,-0.0310016172510409,-0.051375521687747366,-0.1030590468379227,-0.018941824864926578,-0.07910387167862264,-0.1045146201015399,-0.02865083870940772,-0.011283737611295062,0.012820256091019997,0.07981314406003341,0.0067299256676020295,-0.05040340735097612,0.03471547599641442,-0.03237004472721661,0.018653213621015564,0.09095416741959704,0.03615339514368401,-0.030298930752978615,0.026264897142183153,-0.01620881973003753,-0.03645901866073707,-0.016203805357822693,0.019785046614511147,0.00012562695555583427,-0.05111493274188139,-0.109806223791736,0.062385159438125615,-0.07009236569188039,-0.136654286745375,-0.07995411490361569,-0.03927496605703472,-0.0677767959687436,-0.01736206682539332,0.08338618689761483,-0.06453132735542404,-0.05763663763107201,0.097916398715315,0.04610532636405769,-0.08568705835304963,0.05030376881945847,0.13301889569530692,0.06995894639074166,0.10915110780234608,-0.21918342751386508,0.002884278677245371,-0.00546333811333068,-0.11409435378798355,0.004889266960625567,-0.006036811558070375,0.16342435799871474,-0.18051364169063927,-0.04398245570288139,0.05082015502858824,0.10864442871784494,0.0008777618777146493,-0.1669212380642127,0.05583359621147131,0.055643370835120456,-0.047179791698695156,0.011352180375211449,-0.018162177467666813,-0.005797638197912526,0.01755643133688106,0.13906191300022014,0.05568196298184027,0.16401008745804915,0.13303539088022356,0.12248783649532882,-0.08452015143668216,0.13165267140737827,-0.02290188130564175,-0.17437767743242075,0.05427395080721312,0.05095351813496542,-0.11159000772511281,0.11050812010426476,-0.1763284783241768,0.05301109587605704,0.12778918839812733,0.0744868829818524,-0.10017788406348073,-0.08861218866624544,0.10085306993037396,0.10010105340844837,0.0845511241151972,-0.030228862780986448,-0.03602062538658698,0.04229806377283386,-0.10687938816652472,-0.07021261209362299,0.0364680055088878,-0.12904813999480483,0.06929952332136578,-0.023198959890431522,0.13905448334639284,0.02163569603122739,0.08455126804469959,-0.031668959372015484,-0.00786583695058079,0.032689331384876855,-0.12162577817833053,-0.08468790751567841,1,0,finance
165,0.33611794705784637,-0.05885850796132851,-0.06668353485792318,-0.03617920987168516,0.0877234032475344,-0.018147137658969602,0.0038858769864233583,0.000851159607262394,-0.02427132478359013,0.0749719599472748,-0.019564960955960168,-0.005627922332789674,-0.04757242569137532,0.044695975169657606,0.020353702525544855,0.0010424498661469432,0.0049925317969261845,0.04281447506871803,0.06426885023464335,0.003323302435367089,0.007707076558733129,0.011713659087349957,-0.06422081334233362,-0.030321380102917267,-0.1170528461275971,0.045079759984417184,-0.0029515665801539445,0.022570739178854868,-0.06055856954141064,-0.037998189598438856,0.04967487519461213,0.059404312469858146,0.006493131889242266,0.0917485126309967,0.006152896318726724,-0.17744811689480464,-0.28303238609850073,0.006245523406630577,-0.047176820842732656,0.14404309367259238,0.029910887427220447,-0.09186668406295607,0.08613714485944295,-0.1611363984052996,-0.14875286435993892,-0.22700023487323634,-0.011136819131977446,0.06618055224557601,-0.0628655563107836,-0.06996387018970944,-0.08575356621868539,0.08887550574952709,0.03261650682857261,0.05050275241893801,0.11396506628733796,-0.015394597775853662,0.003263217576284609,-0.08043174672632737,-0.20546626284722366,-0.1376542916260541,0.11951660146579554,-0.07009647692641315,0.010965342287103972,-0.12354574695702117,0.06503126943847175,0.013272982447941067,0.18693409365826674,0.05830091903287564,-0.18194371100719625,0.023755305710177258,-0.020468691859060223,-0.04836149707601117,0.1652538585148981,0.05683700060827238,-0.0511608897333821,-0.1207624688730472,0.12519557208856766,-0.03195801026322564,0.0050309938855170825,0.18572184826932084,0.0006425280708365832,0.09926472699742983,0.04373763665706212,-0.08787946192697482,-0.07414773872830908,-0.08483612616330766,0.04002258879403038,0.12555967117476385,-0.0858789344864254,-0.06283630558273662,-0.03346033160147024,0.08865502629590928,0.027032557828225175,-0.044032327183328994,0.03235365310628846,-0.020076100325423816,-0.15198939549349608,-0.07921247475472393,-0.05405815161921847,-0.08396181717336135,-0.026115294609938708,-0.02653346869180455,-0.00018654599489900014,-0.0713917831639721,0.10181564921440536,1,0,finance
166,0.2568239401684674,-0.12951280578478216,-0.06720621445657605,0.06029358919375051,0.0703506046046157,-0.13356063228130358,0.046402789126312384,0.0288678432483806,-0.13860435356913078,0.4566574078811181,0.1436276461597164,0.4925175220195648,-0.08876859801093988,0.006614209483496702,0.10770794753392074,-0.14059580242641662,-0.040511486253973904,-0.008042702646250342,-0.07590679381118984,-0.05414128003384373,0.018266869023646846,0.06339042355029893,-0.07074893360164024,-0.0005325156960157874,0.02868008470593513,-0.054747958459963865,0.017378035378849053,-0.045870035014866944,0.044254719060883234,0.03158809034736015,-0.05489242690811723,0.01806452466285002,0.018031248140506845,-0.026768492656562184,-0.054597547581748736,0.004265360423654869,0.12069193058533112,-0.0076525592059095635,-0.016517432281246153,-0.04019267463113228,-0.044381460382971805,0.03046539317559236,-0.051114819445232565,0.03727594375630116,0.028650494845880222,0.036526180045712835,0.014634910669004034,-0.0031649558567567442,-0.03751031703803573,-0.01672658780622005,-0.015957865305446163,-0.01862427815469848,0.03862815983761959,-0.09869712051211665,-0.038222692214394345,-0.04633611804100531,-0.07545959335703382,0.03121105085987617,0.012993120213277158,0.00891530551788675,-0.02383968020729599,-0.03610557218896456,-0.02283706599479694,-0.012788890571361981,-0.05728124539971569,-0.053915024826324646,-0.026253731656120792,-0.01114448613121298,-0.007027724599244315,-0.059947831213101294,-0.0838552331868018,-0.006724197905145491,-0.031419200710443525,0.005134380971202368,0.02845250823605238,-0.0028054436007628057,-0.028790891644900247,0.018814351226229466,-0.019348069381547213,-0.005484299497432743,-0.03265761503666069,-0.000379224490142879,-0.04206523187868349,0.007186661005869015,0.015158191157571553,-0.019589868078519257,-0.01038223972508843,0.041985190918142186,0.01710118019471392,0.004410736375473234,0.008386252446244566,0.0065379749576241165,0.005573859820788288,-0.024885689744358706,-0.055698591563988924,0.04749656794716979,0.019539946057579298,-0.0034236134990781554,0.0017921817397676086,-0.061547437055888186,0.028311891380939758,-0.06631510029239383,-0.020482201277439174,0.0005023493368687425,0.01668994099860964,1,0,finance
167,0.30744006472524815,-0.09178646061236008,-0.12444826296300421,-0.03673540548886484,0.33730777053961447,0.09901720534205237,-0.15991403630599998,-0.025733518235575587,-0.003444321440145155,-0.11904112300244117,0.007718383418322921,0.029804843721469534,0.023016783463921626,-0.05714770279407443,-0.021938271229001896,-0.03532570502019595,0.009619106311377131,0.0009011477504240906,0.0024787036360161955,0.012440460152435127,-0.054707769778473456,0.04531400841687373,-0.050983063136713566,-0.1495600825207049,0.07429792097228965,-0.05243072213551191,-0.06202877829744731,-0.04063361629015886,-0.04006615416326099,0.0034528232657399546,-0.02228190657195415,-0.02310261526372762,0.024692825002569693,-0.03003718240326707,-0.03659164592684386,-0.0028973180003374656,0.08688715565314378,0.08726093109811099,0.03517626369805809,-0.03208231862234105,0.010965961153151854,-0.016252481592174958,0.01787645664768855,0.11186143804259614,-0.021291031926684603,0.09035008459700763,-0.036763278972504816,0.010975871774629975,-0.1001601984818003,-0.07800714381830906,0.0009821480638734846,0.19126302429890282,0.00014970832392012791,-0.02633760801993871,0.17649872198824718,-0.010923677259720257,0.18456979532949458,0.13449173277768203,-0.005968428454909729,-0.02154221579522755,-0.01636177808547276,-0.1854948782980989,-0.09072488688599921,-0.033855003572684554,-0.09759973352784558,0.061741442979178385,-0.054967723708577186,-0.021931132628907245,-0.00864850877192317,-0.08735832312561417,-0.0588251187994658,-0.018424449769808424,0.03906798915286015,-0.059665301590326146,-0.1201143083839201,0.0814152094111787,0.08211601228044427,0.01758869684983278,0.007407149039188947,0.04772770255894495,-0.0662900932726724,-0.011182426405593453,-0.023357455344549055,-0.07833373547650092,0.05803707447483163,-0.005833733509199502,0.23469989176518968,-0.08490222690540977,0.035767055255619774,0.1497760388015768,-0.04000333733443976,0.033637961095747765,0.09355671594053788,-0.009402791686629422,-0.07118263588575725,-0.09878792247805893,0.10505448696915774,0.012614871017049344,-0.007973325474503527,-0.025566797270084315,-0.03696603131319658,0.014235080366300829,0.015763240010862524,0.1357121958019192,-0.08375149043370793,1,0,finance
168,0.3114620753430749,-0.13948790370222547,-0.04275583014515221,-0.04695689295438549,0.00862593710482161,-0.10539134104849902,-0.018561844798508115,-0.03409200728649598,-0.10245618646167001,0.05587708556010477,-0.07092395160511038,-0.0315246330339468,0.06549354396267475,0.060514839990692716,-0.10019726887073872,0.02375478109713296,-0.07163503339472631,0.0352911070981746,0.17256338634838142,-0.008046968208774482,0.07847823282059306,-0.09786167631464024,-0.03528545851398437,-0.07184240625915,0.015074853303189239,0.015841192392644657,0.079188412644682,0.02541346675123338,0.007449005054381509,-0.0036717939510187837,0.0922853898152294,0.04304814982500187,0.07217830228866223,0.08797490203755791,-0.13286011927321154,-0.054798808265241854,-0.12432302763413991,0.0338126151814186,0.01530313382006114,-0.02154592571706905,0.10317728953023533,0.09508257012457876,-0.05446916122769861,-0.09405806606274048,0.03623496990025117,0.283276819076889,0.10545086935396923,0.004606954922241064,-0.05447739692713809,0.09813780580635272,0.0223015681661161,-0.06631290276244238,-0.06885850181629838,-0.04876904915134478,-0.2322644345467997,-0.04921394204507704,0.027466291587400347,-0.0487227764576784,-0.017133420864051736,-0.11779683745368509,-0.11920887947432578,-0.13827115033750503,0.08194052988460931,-0.12510489008667536,0.028152984877091992,-0.16584164065274218,0.013141302665567721,-0.04708928572520094,-0.03344898501499888,0.045384269595075646,0.14161391808624138,0.09694907480261983,0.054165556830114384,0.12885758467533676,0.04191428630786092,0.055770244186609294,-0.056778327075898215,-0.031290624342523124,-0.054011784793402996,0.05780857269970794,-0.02393109199008183,-0.025964286505922515,0.039065752042856255,0.03955384577049765,0.04474294622450775,0.20012254326455006,-0.03859130116909142,0.038472920033067536,-0.10860775133119807,-0.04458247531756782,-0.16533383906589963,0.061941554274514254,0.0799465300694935,-0.043660252775932926,-0.08090149179050052,-0.11039258030341291,0.004244668513186971,0.11939098108391921,-0.0745240541889331,-0.030424352062429855,-0.07341730788083921,-0.08348882622896657,-0.06085679771383391,-0.0188038782090807,-0.07433284876238416,1,0,finance
169,0.28976668131631894,-0.13750591493584,-0.06957811924585881,-0.00691737937548555,0.034875670457409885,0.026626123510208898,0.1986288181971506,-0.016698461041968034,-0.08660919891237907,0.26616917829508036,-0.0752809272470351,-0.4373674832595053,-0.2721773651218523,-0.3359584618594115,-0.13558503980745354,-0.23657326819618169,0.004663011867468085,-0.08536117627848888,0.06193044391940132,-0.15099689983898984,0.07438449718593255,-0.025098395190371593,0.03411889822910315,-0.04539490223050463,-0.02641083351975143,-0.009082737514383056,0.0226899375611053,-0.00038559358119458437,0.008499550919121242,0.015240096524750672,0.0020966498484333955,0.020472642013739283,-0.0031771038746113327,-0.0003293117314666322,-0.040502623471289995,0.0092969773859362,0.07093715242678104,-0.06005268304018097,-0.002762670396768874,0.010651168179890735,0.007708770167342835,0.021280180061505245,-0.023651608377281558,0.01565875607076765,-0.004067980366882291,0.0013515948897241008,-0.01383622130658255,-0.002585088273165629,-0.03387672030662282,-0.013712917354846586,0.0021440043734368796,0.021586316821672915,0.02840182745758062,-0.023701939024416096,0.016388284478262023,-0.016016055090205338,0.019465529820518437,0.02662416515245835,-0.03347258614081206,0.013078221102769662,0.02418219536319379,0.00665701805268985,-0.015227530618508772,0.00733775168853236,0.025490083482830623,0.0021163123446076306,-0.006039730404692697,-0.013428869434058186,-0.015268850521517661,0.0046211984232478985,-0.03968063068712563,-0.02745609303710621,-0.027836399747465223,0.015237332742343745,0.006255182285882509,-0.009896678284169588,-0.021071918231348574,-0.030324996515097694,-0.00791429179278356,-0.00934088097323387,0.04320755533857001,-0.03567032900610791,0.02313417974474036,0.005495983545647632,0.03505362519060941,0.0014503772519093515,-0.01814509647067013,-0.03288663397941859,0.0031059621047316256,-0.029438562721154034,0.0022469848373267657,-0.0316530454998419,-0.021110060712489855,-0.015542943238879586,0.015021166230014173,-0.0375030609226632,0.01045504805676424,-0.016633287074951913,-0.009176105967881322,0.04115757001082773,0.034334602252823365,-0.00683504338777674,0.03983115748180139,-0.004645861902388831,0.004517523513203604,1,0,finance
170,0.24963070314438995,-0.15328736056045214,-0.04702887429899424,-0.032258965708444665,0.04501854601773286,-0.09987142707309642,0.07171962104929464,0.026356811188885724,-0.061203135710600425,-0.06704491657487369,-0.08131405264220307,-0.19741898218848122,0.3697993174638422,0.13464366849637513,0.44754386219813386,-0.19286500566602813,0.16222619843336675,-0.06240756941817029,-0.07907976134795161,-0.26092003556535165,0.09131572991962131,0.06533917665575761,-0.056737416816654104,-0.059046311024361725,0.13487244687856675,-0.006121635178549166,0.005771342322345526,-0.03010335424585142,0.1584808107110229,0.029560144698280864,-0.020221207114034537,0.09001042683419952,-0.05884576128170265,-0.08960879838456492,0.046363994082514494,0.048243356284664855,-0.04066402481853143,0.042188801324216034,-0.016841578230331354,0.015799037320212293,0.012350079569256376,0.05817427804451052,0.05493413487516839,0.006534534533443746,0.11914179641093924,0.018668530997524465,-0.022263340917933368,-0.003046256746919181,-0.01006828376420752,0.0524434123116502,0.0023942438991239423,-0.014238941604083333,0.026875787868049422,-0.02611886342378344,0.001380514594569157,-0.05547921066304014,-0.047086320080452895,-0.11202057156998531,0.056514416975998266,0.03156977864862502,0.048668480987287696,0.02473312957718653,-0.03829758248336063,-0.046945820219297184,-0.027284907259497445,0.043979597446013964,0.012003721335888564,-0.00826919057923968,0.03406212070233869,0.008450646612174987,0.014876140679352032,-0.03286126910267952,-0.030757886664609407,-0.0011912699773064168,-0.007488662239190579,0.029116924741688806,0.07264018386338596,0.018408790357068716,-0.01969595777398481,0.020121619267740122,0.00916650284842774,0.006242822967030961,-0.004703341758985753,-0.004262187660490442,0.023040497064970883,0.041841198171542346,-0.01915263856629105,0.0022699110463386346,-0.07624983227046911,-0.026602189691702367,0.027275481033477322,-0.008041307281346633,0.069636164558287,-0.03212038893521542,0.020805520876637604,-0.022189877125465933,-0.011088646420492452,-0.02247721532894114,0.007432806910054291,0.06944508148748332,-0.02961829979477214,-0.032622399201017255,0.03360166076585203,-0.03946015881802053,-0.014893675313313521,1,0,finance
171,0.20168010384043902,-0.07514396341920006,0.013175559072230477,0.006875514669890452,-0.048122504751736996,-0.16280881387999394,0.08299118058054515,0.13118164516920186,0.1410416938914643,-0.0325737572707637,-0.024879786586132654,0.01799602027334261,0.005375525314921529,-0.02883092744860632,0.11843395394574685,0.022783591130686877,-0.09028524322929472,-0.052329275693127716,0.016759234916961137,-0.16578068405229318,-0.05397832661290476,-0.02120532430236714,0.11319501441032291,-0.014539730947916328,-0.2693195125922962,-0.01227156751448326,-0.027281550079210015,0.20427461666230112,-0.256392926005373,-0.09552378307603851,0.1395010680764021,-0.2246706277636678,0.03230528870075252,-0.05815886859048677,0.22155782932524273,0.03476807820599213,-0.01669898872272892,0.19150345518749673,-0.016377073704382728,0.05515219638498585,0.03477030437625563,0.08118369212501762,0.07252949974415514,0.1470609720306746,0.08189946205998858,0.0544773002933579,0.10793090232758297,-0.09212583302614472,-0.010741878363654934,0.0373852879132419,0.12464201528152255,0.009129221674004,-0.06126598386478079,-0.09306698786307047,-0.04104803714154824,0.07527235682522605,-0.04545347419032859,-0.07359182479051743,-0.005470506333597982,-0.02886507024383612,0.04642039215221143,-0.08449931853759633,0.010372108617383979,-0.01627549365680855,-0.042970440362505365,-0.09360946763029478,-0.13318081177695107,0.03938403328870786,-0.0959075505699073,0.014140022476607273,-0.09029580697097447,0.06523474901384503,0.04328765247885126,-0.03781468846546238,0.01998862812212585,-0.006239061924096675,-0.10057112246789963,0.00748986345151026,0.02035973650636054,-0.08444837190633704,-0.02348498298981447,0.0688017905261605,-0.018982838675500897,-0.0003021409731106003,-0.06713568632200186,0.06081205304299354,0.033198065521883,-0.03784873922560413,0.059416914171526426,0.05475013691436994,0.06714782376513677,0.00495775025291281,0.017616027296573862,0.005974699278085665,0.044099594810809384,-0.012948046786865501,0.04968693789964573,-0.02603636335100155,0.026923463457800046,0.031404661135367204,0.07993150613739994,0.08597690877760807,0.02022968922533555,-0.0006647144771928426,0.08443401852051824,1,0,finance
172,0.28304232089856163,-0.11244244260431745,-0.013725698195751767,0.04174033381896055,-0.09062861326455768,-0.09338491203051488,-0.038575400728988414,-0.026597212831075162,-0.0930178782254652,0.021865258597868947,0.007246500693094686,-0.01302149442767151,0.20496520923107064,-0.04371613890092847,-0.10777417535749406,0.08360433535663307,-0.10516596954735169,0.029252789831906167,0.10282663363869896,0.013640292639790044,-0.09559174376322192,-0.003609833705384081,0.05444504032964802,-0.019412459233519884,0.16614817736998153,0.06059531764258456,-0.051400763466265716,0.017672116411995484,-0.021160313595395497,-0.04493420411579621,-0.09471333657352113,0.006596584114410967,0.11457913779832034,0.08938526230296015,-0.03402219102460109,0.025798741530404134,0.0971218040068308,0.1795155371312289,0.05397365481237875,-0.13962112688550843,-0.06378791520933358,0.06414338444613035,0.014792980812662814,0.07411637937834972,0.04422519489840025,-0.2418961660697179,-0.002474345905145606,-0.1262252281421013,0.23108896714575805,-0.021934869603527266,-0.0790078638756913,0.11101531811085275,-0.015899058287852694,-0.22095530244982453,0.07814083653940175,0.009968598068769968,-0.01560938292820812,0.05631145201249691,-0.0798462643488707,0.0023354291620521017,0.0170089049302449,-0.00079133140298124,-0.013002046173248105,0.0018966810876388514,0.10141663725828595,-0.0516839027254717,-0.025878770354514937,0.10609894755326406,0.04626862627964339,0.05678820478373083,0.004121414543653435,-0.11136402712429325,0.017017738152467016,0.01484882773048126,0.01594150630902442,-0.11702702820488543,-0.07141271189365422,-0.02765637992256906,0.019020124162005547,0.11534514240680538,-0.018713170304144537,-0.10806488639316943,0.09577887231358309,0.04103356267745628,0.20369531838238666,0.020317680130874087,-0.05250631944140954,0.10367989960112153,-0.00643150966158314,-0.055775585554948076,0.11009658685549598,-0.16403722743099977,0.19021057589965001,-0.037388994948005565,0.07782603316765159,-0.08219701544047266,0.032700499392116555,0.06520451984914281,-0.07627461600778296,-0.07022747438890382,0.0683294770175138,-0.001431740427090529,-0.03904522633520112,0.03536264422863308,0.1063061376982042,1,0,finance
173,0.3048151354074253,-0.14154843134629894,-0.11125544441448887,0.057922298432543734,0.05048663694884261,0.07923303074885903,0.271174425786475,-0.02068618328631947,-0.09154963943126868,0.27229643385422203,-0.04268625342216108,-0.47488592230357246,-0.33369602451871305,-0.3952375860448275,-0.13155110182533028,-0.19244603563984322,-0.020457289200734682,-0.08163393858490471,0.07885229772904571,-0.13905731886716305,0.06335639492264607,-0.050455245700567336,0.05938652518922575,-0.021204595020307696,0.012916004712391939,0.025559705417509397,-0.015750374276139126,-0.02484366852283586,0.05105280567754302,0.02942397610029317,-0.042213481558060637,0.009421348211203467,-0.0318332128930189,-0.017668246068959982,-0.0037985997953996166,-0.009653466892759947,0.05871231412342696,0.003925728866119676,0.008518698341364548,0.0514190745513952,-0.012921181675682963,0.03247152217744451,0.01880939167881018,0.00815711385740003,-0.023250269562794742,-0.026944518784782257,-0.04997673900651974,-0.016590726241695712,-0.04705414241881935,-0.04846643804242761,0.032242866365048826,0.0007566835127704283,-0.005105126108575054,-0.02736163533992133,-0.007892553554378106,-0.059203536028083155,0.03599431450797791,-0.012373399403336927,0.021203982682728065,-0.005422443069950102,0.022885062366494593,0.013385354904990964,-0.010747718624628758,-0.033395663419928584,0.002108354964148396,-0.014548116373622903,-0.06121222749852524,0.007902146160511225,-0.020574329005090285,0.013956414112891925,0.03981049747131841,-0.005711356255758229,-0.04018933214506918,-0.0017558807801276012,0.057752850636317084,-0.00754091535453985,0.008342250579100425,-0.027024885169032124,0.04335056167817212,0.03747703163328062,-0.003737156273403381,0.011859572025981108,-0.06798023955227239,-0.04375523698200053,-0.037695214015873835,-0.0019953154633563395,-0.049146385758330025,0.013438028914238913,-0.012026243745342592,0.007408495131811155,0.0015981279871658254,-0.023189955911849972,0.008415321273114318,0.007012637550063069,-0.0035059083011069036,-0.011173342399789902,0.0077637727483873455,0.013502531358539814,-0.03280962722727828,-0.016434040322331894,-0.002559728793588211,0.012845902073376879,0.009903711941790357,0.014002627239980843,-0.004054730970223826,1,0,finance
174,0.3369056702512695,-0.11033865619754596,-0.12968613599130777,0.06633373134156555,0.15262197128292734,0.1213046366372051,0.19935322029755195,0.049656085951497765,0.09185540008407296,-0.04618717738236102,0.0965624584762394,-0.08718126638940464,-0.20222814672642567,-0.13452537297219286,0.4521997983923658,0.33382019020413883,-0.21393783745207412,0.07887702881241108,0.09364857537531635,0.2729923378296711,-0.04398571560882453,-0.0554144143717696,-0.06496391037836674,0.14974195582367622,0.08608090361541788,-0.020842633013439645,-0.023358197924925838,0.020285788523533802,0.0903364624701453,-0.02394978145767794,-0.014719113936660293,0.036250316983767135,-0.050594103626909304,-0.10068145965184842,-1.136224590577307e-05,0.06611486122263836,-0.09436530562537324,0.03528239344149616,-0.022278831621578798,0.006828557969350309,0.0336472866207853,-0.0025722152017333506,-0.051719120744452333,-0.010313298043283166,-0.014393866119304325,0.01727644602924252,0.03997386930910543,-0.020002662314023898,-0.003485759203744258,0.0023738607952251715,-0.0517754965197801,-0.004996469326286576,0.018071689536221656,-0.046257690767727656,0.04308195726786123,-0.04488184326102587,0.06041247988129551,-0.004412411552293266,-0.0013861174298916152,0.00851164600907297,0.009703847725305413,0.001992170984820793,0.007969307937402418,0.00012884028876633508,-0.0194116514164833,0.0379563487781732,-0.027079308864992147,-0.02827705355799349,-0.013221867842226887,0.003245469102804662,-0.00839004104541735,-0.005317167327229948,0.01970722778657547,0.04033870237489752,-0.020395439807565703,-0.004558835008207314,-0.02028222243514367,-0.033480197019260166,-0.008158463359335462,-0.02748489800496116,0.028112969589517974,-0.010507730520447442,0.020756746433693213,0.04128436064072204,-0.003904483954614072,-0.005746563015937536,-0.02189739292989939,2.9665080338087482e-05,0.009103003642947385,0.011664734751626025,-0.013609779782624289,-0.017424800847094524,-0.014013846095109299,-0.004547655733068198,-0.01781368151739021,0.0017479787510566057,0.007457173279111033,0.012906995298744527,-0.009395868679400742,0.006501434748471114,0.0068616272476109555,0.003913676132227257,-0.0029961271054696247,-0.0067272738885380086,0.00910608163050703,1,0,finance
175,0.1824815656161946,-0.17107168985209054,-0.17089555966447462,0.5357186028109746,-0.2637506531937275,0.1686521254699708,-0.32452952540331614,-0.035561883354879004,0.08828290805519821,-0.06142893148577677,-0.014568718233446704,0.035506850793039,-0.11454362605436692,-0.010415034311673205,0.0785498649949161,-0.037522374750506265,0.07175082327973958,-0.046662343078438175,-0.017243789539583575,-0.04705844975078336,0.09876913045487971,0.004427265449098121,-0.06285121944748423,-0.033095513066348566,0.035567967912293955,0.07247956334858524,-0.026817727672722304,0.07764560274945038,-0.0846337627674663,-0.00026358377029266165,0.01738577348842612,0.0580660813398395,0.013665685944814187,-0.022138311638405923,-0.08410222388130399,0.003593512950663681,0.01117889630183748,-0.001306177609328466,-0.028320795233412542,-0.01819066754316656,0.03266364499443311,-0.02695036080726782,-0.04174819638540711,0.0028678072858079246,0.01343752448492306,0.02178111277474044,0.03980638249822547,-0.02676698659222319,0.020595632988191646,-0.012814748402586881,-0.03026166024182599,-0.00039999490688931915,0.03039579163473012,-0.03681245733713114,-0.025749965654127287,0.028846108551719533,0.039946004507089745,0.042285723921023005,-0.050534506131776104,0.002350016916438498,0.06535897316305565,0.015040291795831011,0.004716249902654516,0.02431943895146638,0.04913872134287126,2.59953061985728e-05,0.03799415456337926,0.01049464862159601,-0.04133417488183943,0.010186537282591515,-0.07279997843986764,-0.034347443073034785,0.002948195472389608,0.014685854057134195,-0.003708446549128606,-0.023247252044588284,0.055479413409627774,0.01027509066384456,-0.021542479370925932,-0.014907150879136946,-0.0017713166377862067,0.03207243776762866,-0.029598487972943795,0.04974165527215064,0.0034975400110004847,-0.008181707800812822,-0.05404961367813158,0.009066806274534796,0.05067576088872919,0.080601295752793,0.050966907318335065,0.018420277034529833,0.02410839713364325,0.04159951452331674,0.02645566239260512,0.0282457372451159,0.010244944760507767,-0.059974850306501196,-0.029954773898369595,-0.054088883964547294,-0.09617851830515231,0.010282076134227911,0.045819289315567335,0.006847515289824013,0.06802718663456443,1,0,finance
176,0.2807293415921896,-0.14349038463422742,-0.15912125006372402,0.2619648997423013,0.029066035919645666,0.4035316089953329,0.6281001626835637,-0.06222396131389008,-0.010746898161643998,-0.1735481597869329,0.018141549700155576,0.1503599195013607,0.0678985298170877,0.11004080634396854,-0.1317837293482866,0.0320595939908392,0.03080744208877569,-0.002406634211137489,-0.01649037744529928,-0.03595376022658102,-0.014986979427035706,0.004965218952147201,0.02418185046498665,-0.0016072212394792418,-0.04476019807125524,-0.03579207931206822,0.01696887973383598,-0.011829411242943944,-0.015186765253137906,0.019114820845036927,0.004742913558538289,0.0028612995127276033,0.015276232618346356,0.023135912879844848,0.0022741162858037406,-0.02510672893707299,-0.007556593179075934,-0.017192888200890166,-0.012891057369895936,0.001475354670115971,0.009350039987792456,-0.020852423695701082,0.016707237728341297,-0.01299896200961732,0.006769033967079892,0.006955729373317324,-0.023063189471785452,0.023946786479456705,0.04567951856022843,-0.013638803557423473,-0.028822513364128593,-0.003813190857485622,0.0022163773947036242,-0.007833273102616604,-0.04037980853342211,0.00046185929434389763,-0.010014459462977432,-0.018903422814131907,0.006997583704776854,-0.0040954283166815325,0.024079518977116333,0.005773545443169518,0.010255011584824678,0.02574437053003221,-0.025975534042567014,-0.039917520215446735,-0.03687148049566238,0.007225222202824437,-0.01751674235608695,-0.010226678795413327,0.009184335319912541,0.041931191026381154,-0.030041355792355392,-0.025415126158918357,0.014361649346675644,-0.0053775486890757975,0.006542767579168818,0.012607731894773313,-0.02083856432940462,-0.024132544060786378,-0.023634187413487537,-0.0025931006697367883,-0.011105830237956171,-0.022576774007795453,-0.006551353428281655,0.02386319260963197,-0.018595314401413234,-0.018225379660593524,0.010198931182591731,-0.01511738555102417,-0.004148263982621316,-0.03417522120329161,-0.00524585703595144,-0.013995673072645352,0.00855099030561736,0.008608341997815488,-0.007992285599888878,0.015725204466856473,0.02333082626623345,-0.04190943197937742,-0.0039535925809426236,0.02947634500746071,-0.009583728206017146,0.03861163900162245,0.00806601388869363,1,0,finance
177,0.32041323740509225,-0.12423636029279918,-0.08903539821577613,-0.0649723169400442,0.1655158778775475,-0.08492206670023988,-0.021232922885554492,0.07210871154223672,0.061909633169551344,0.11459352027822672,-0.11793331135428196,-0.18909195206216298,-0.35971471867992477,0.5891031359821046,-0.1430642282018542,0.15903322456597657,-0.011681148890765422,-0.05299156484705875,0.03536447730317985,-0.011333388972465976,-0.028555206076031306,-0.008101777601120262,-0.07494494773653826,-0.049978933167903264,0.15541233445815547,0.02283073978835692,-0.006883656476647328,-0.051607636084731616,-0.016304663153672547,-0.006813819398038618,-0.07762750557893974,-0.036390754967215964,0.011224848395589456,0.029767224994803856,0.048581100288847504,0.024249598284380534,-0.037332683725368764,-0.028355732900257193,0.06525699404365098,-0.021260586210350978,-0.028458431990231205,0.05497050879075991,-0.021368027923835693,0.022643755466934083,0.06619670137683323,0.09377010352947221,0.020570272348772962,-0.0008750614886182906,-0.06743789023517076,-0.07427457827277612,0.089770078149484,-0.002613929124926996,-0.09501583202398318,-0.09144952120448653,0.007770539963609583,0.15651861680009604,-0.058816205016292596,-0.10240545982592394,-0.017439059751771048,-0.05217674255087216,0.0860673937622312,0.025432490624530422,0.003748495285486693,-0.0009238665758349378,-0.01570768422894454,0.1288835500769412,0.010570798106112786,0.066325338493452,-0.05907034199062487,0.004341115061645056,-0.037004908044179614,0.029292345895140414,-0.09423005372492214,0.043476781575972075,0.011645193276081038,0.028942720336819154,0.05499977017845268,0.03798905912959673,0.022485636143884095,-0.008333373844735448,-0.027802038941797516,0.0037739205268161216,0.02116446579134001,-0.0012398582408878122,0.06724306430933531,-0.028713765985396093,0.018303626705146687,-0.01167186642460464,-0.0038624016581594546,0.009414028524173546,-0.01449382521328853,-0.05403219930195718,0.003263800790792851,0.03369438151753889,-0.003665672046444154,0.03468116742940829,-0.0028119746325482742,0.015376267581648022,-0.010912939865135942,0.028957741409986856,0.004394139536924189,-0.025726757722099456,0.01469470774730386,0.009823139929512031,0.012136087876297861,1,0,finance
178,0.283805098222572,-0.08905414137615063,-0.09771355825478636,0.026273087476624348,0.12949950592401346,0.05582363924808123,0.12683597347816478,0.0669091095781745,0.10169537957890998,-0.06796850730721352,0.09200577366098997,-0.06260473159681412,-0.19067679291121944,-0.13400695632990722,0.44440640696861733,0.3203650595386747,-0.213557268470888,0.0635283387991799,0.10642495341798075,0.2573932908935319,-0.04788962097442925,-0.06526071906988692,-0.03712444578006221,0.15147935951797958,0.05922012443709097,-0.030520223253456123,-0.024052506812129275,0.0331963813604722,0.06124461562432316,-0.034498697875336784,0.02075410994216924,0.03447965551510371,-0.036531949277567775,-0.08064930189483213,-0.019219618722384643,0.07110210135601625,-0.06132590164698139,-0.000491657344103369,-0.0185086651527616,-0.004334966529744814,0.03372515299194673,-0.020106676115746746,-0.06974969294290344,0.002350240564096537,0.0027996933317920073,0.005078595702510522,0.02195736977571085,-0.024075811095606477,0.031199122981737836,0.0010928328159426808,-0.0674775572231334,0.013044535720832475,0.026628788567761134,-0.07514159393651892,0.04095674096124019,-0.09217343560118117,0.07907566984292831,0.02248909438550879,0.00031304499548443794,0.012362970735869238,0.044314068877094076,-0.0032198264550707856,-0.016294648177194913,-0.030744427597642843,-0.03460107518087813,0.004720354380386852,0.03899253384295185,-0.055724905980005485,-0.04358506574607762,0.0013360883278047179,-0.024903409125253458,0.0051965386530404365,-0.0403193662666615,0.040023884562882736,-0.01596560440163734,-0.004751575858083578,-0.037786306403953404,0.0019195305988761965,-0.040176975137726556,-0.022116569872144946,0.03166190932926964,-0.00844580192549799,0.020554012738637915,0.07821255671016171,0.00651915258681767,-0.02410032962016405,-0.03963217738676747,0.010340238614820361,-0.00930299656800413,-0.013721248895959881,-0.02044308420267238,-0.017667865572697162,-0.039766284775794365,-0.017638439490961524,-0.04086504218341651,-0.011585115465600372,0.01942610104068729,0.019582321355199994,-0.015420687808940504,-0.012156741802891252,0.02723778442656349,-0.020328841416882574,0.034430951303392514,0.040496388118997174,-0.011919038367777994,1,0,finance
179,0.2676758702762508,-0.13277557543830923,-0.1622821112002465,0.27000262821455967,0.029073386459738868,0.4081271554261488,0.6070901472692065,-0.05822309883999155,0.0004945985492383038,-0.18862317064792328,0.003052400651963602,0.13978733229670343,0.06467707562280592,0.1091424802825067,-0.1372546831717629,0.0276570891486433,0.042473524882520375,-0.00381095068648704,-0.00518750285630294,-0.04326565542045055,-0.01636576901974762,0.007425475918405929,0.019234451120899613,-9.302445157616528e-05,-0.036769889926129194,-0.03360515613118735,0.014046327330880475,-0.01429909349937973,-0.01713213594636706,0.013001181128435594,0.013109178857070932,0.01263136824998546,0.023113416566164436,0.022510688244574424,0.004452498333736932,-0.030536531400361583,-0.011175051333241181,-0.01727341643309841,-0.019690131464886414,0.00028863905456313606,0.00421220180791017,-0.014678076630797274,0.0135703477624368,-0.008030839398672858,0.005266489840607253,0.006724085311468544,-0.022213882668555843,0.02248443599458107,0.038155734494806894,-0.012401556183059055,-0.02811936528166821,-0.009499689059457438,0.012985917510337055,-0.012997755829931484,-0.04030954771191844,0.001086068004888472,-0.005341815988716294,-0.023441857674365324,0.0038014717099905163,-0.005310740916549889,0.03350555489963385,0.0050014716173926105,0.013013792759742996,0.023230647020234245,-0.033123610664689836,-0.03382050165768017,-0.027762161689739794,0.01036341237649845,-0.0226143379847728,-0.009608000318445564,0.015890923949038502,0.045105843500751475,-0.030627214043241334,-0.03501442783021595,0.015563773727167033,-0.009425406876233777,0.010713218231797057,0.022627549681724257,-0.028403911319389057,-0.028238751222792752,-0.025693531552021517,-0.0027185894896819044,-0.010645893545481119,-0.017141518874388636,-0.015110610563425969,0.03132222260764071,-0.02312689123742001,-0.01840845007374233,0.019859812202145298,-0.01372645482071254,-0.003534641960955456,-0.04002152721563659,-0.00747795557920795,-0.009159311468151554,0.007123722296245086,0.010765715946039313,-0.008483891917589905,0.018683741476681476,0.02420124133624547,-0.045996139842184265,-0.0005219483034775999,0.040196042195505696,-0.0049302742009119304,0.04215732626829104,0.006517641475633901,1,0,finance
180,0.26048126790518167,-0.1169121739936299,-0.09294855693456225,-0.09529819692442947,0.2545618150556668,0.039297652875430585,-0.10900673593447957,0.00570722893325298,0.02670485038913293,-0.053547904247978464,-0.04829367580787394,-0.05241293283858607,-0.11314873999014065,0.2010266314256642,-0.02873970942283245,-0.06426787781593504,-0.02296270564709464,-0.08445434410301215,-0.03657792782333657,-0.06868206988496439,0.02095410378126151,-0.015252855116410063,-0.03725863410058854,0.0408935793920377,0.08228983783869345,-0.015076138059252314,0.07615183702757451,-0.12348471507428278,0.006532620012958271,-0.025237177178120795,0.05001957994612749,-0.054596375381078685,0.07179127226838863,0.11632419596082486,-0.055977358332720765,0.009468311913848958,0.039388065077818835,0.2531138474977607,-0.00019554544755709716,0.05285241301169917,-0.042437500270372366,-0.14062959955273013,-0.07334664925718581,0.2705773332156437,-0.03851144716129919,-0.04272600688010987,-0.09163612246469749,-0.1183376336976294,-0.09927017562787617,0.1181697364297925,-0.1048837740346871,-0.05648465979743686,0.0023624788510425015,0.20666005800785398,0.09259347011674764,-0.05228735690140108,-0.053869885130334465,0.025957855975003316,0.007804174842328734,0.06925014928084947,-0.14285291101461325,0.03572138345942321,-0.011766534810342483,0.08036893736836409,0.07058148366440105,-0.04720002574771661,0.03211734248272835,0.025778370658837563,0.05474502667076273,0.05764051130176853,0.05283680814763211,0.005546985186964364,-0.0016286304475136592,-0.03557364772911131,0.057475057140118406,-0.03364798468225632,-0.08483306173192343,0.030904758069569594,-0.02711700798460752,0.011837309141766332,0.001104013263605532,0.1509112160364673,0.002505041714638527,0.07806779233228446,0.032235314332164984,-0.03866000330104604,0.012258669843867915,0.027194373701684316,-0.014547168025339383,-0.022258708037680763,0.09486386081930677,0.01173373819746511,-0.053861856777851866,-0.08324077944751225,0.0018822623677925824,-0.012184452040437917,0.0063017788797734235,0.019581315615816247,-0.0028683588340186485,-0.0055427230543997775,-0.08852125849780286,-0.00347540672381771,0.11275911839702832,-0.025573409830137343,0.06883305897431845,1,0,finance
181,0.16789082110133907,-0.10753390535832706,-0.027271956978990528,0.025040927156127147,-0.06309841794185733,-0.3522531438361221,0.14920772532828042,0.3571151413652999,0.4756239490424167,-0.18666653235144345,-0.040127666862204925,0.11149742479294374,-0.03447317584121338,-0.15475013590049727,-0.14521965493753958,-0.10585025003413615,0.019076758594547525,0.007462592374690478,-0.07593835300407321,0.020525842841092393,0.04009756314144495,0.020566847832995182,-0.04784342543672735,0.014102316747621416,0.08387144833676569,-0.02791320832881375,0.04422144761794917,-0.05597427631853981,0.08682643303845532,0.022874586841686157,-0.04335580628216753,0.0028181204726492434,-0.008627552092572873,-0.019555018879716446,-0.010564076967325434,0.0062304444019996835,0.03984107054038148,0.022205186255279168,-0.02456395108708478,-0.00018089451859045668,0.0021423121677284986,0.012311117567940268,0.015670053794031996,-0.003631491358724487,-0.026221228608834125,0.009760286144219603,0.07854814663824843,0.07164744119093375,-0.03273066338535669,0.04104694513100092,-0.023542645242668858,-0.016947142776289982,0.0009182098718550254,-0.0776707087536417,0.014978851108181472,0.0002765214831015017,0.041580557517176965,-0.03420572535746628,-0.0027986431401076147,-0.012843183068652606,0.019275988275277607,-0.0058275557525053045,-0.012446152629340077,-0.028142551361576187,-0.0033072613470821245,0.004451556078252322,0.05007580210101712,0.02096085938078341,0.04708324350462116,-0.0241294008176354,0.057517505176731765,-0.04049034539839416,-0.03661076307635309,-0.026905643899906576,-0.003475825363566541,-0.03030162161616479,0.011646551780606045,-0.000979111016856645,-0.0375965738563963,-0.004745237879952039,-0.008545005750187845,0.04087000448413718,-0.013345577985756718,0.0010130704851339218,-0.00765853089044818,-0.04722852315263979,0.016271173348022756,-0.024973125788234237,-0.01817089161123051,-0.05084032672355053,-0.009421055986355346,-0.03274132548418385,-0.022830566303907666,-0.01759306952407617,-0.01412642185935672,-0.022170995690284228,-0.009790883817341401,-0.020307875039174587,0.025879768028984285,-0.017335259596185777,0.020405119204478867,-0.03284559059084835,-0.07374430189039931,0.03219923912872485,0.028525439478322406,1,0,finance
182,0.18800787806842773,-0.17261486906839302,-0.16233155379253544,0.4365557526509583,-0.2056318776902697,0.1182462814903814,-0.20073606408797043,-0.03322020137691486,0.03870523600444909,-0.013622643849869033,-0.02033324545184547,-0.017541234393565277,-0.011360804126251222,0.013162154755742835,-0.0013995107178957952,0.003172308265469717,-0.1933691819037512,0.005135773992459443,-0.17539572557698163,0.020708601876697777,0.007854197877329062,-0.003939001256678171,0.028129888488219523,-0.036141665843321666,-0.013028334026037166,-0.050433545887991024,0.08055758336668602,-0.07129113519404591,0.18313200387104897,-0.006950246228336818,-0.04322094871943359,-0.10093009257505117,-0.022202491418273206,0.02936862413412063,0.05222128689502885,-0.03179472341994275,-0.06008962961535993,-0.003773972454235167,-0.03427579849587694,-0.07399486761565091,-0.06347329220244748,0.11723807275932488,0.026934270885304326,-0.004918925307825645,0.09923407992558834,-0.059511990964035984,0.035590554528135,0.016568346159391168,-0.0392714383881521,-0.07961404518363313,0.02597859866623474,-0.1587623344742763,0.10405902588447795,0.13848581018807932,-0.05249569861239619,0.03023446362825871,0.07049265045357121,0.09109168698458746,-0.06456580710595955,0.048787753761775014,0.17713761653692045,-0.10151199883620114,-0.02899657252050451,0.02420130187124327,-0.02197150036826056,-0.03491192291138489,-0.00676690868279911,-0.009170050584418842,-0.006345943653883824,-0.008911937265072636,-0.03096207526862078,-0.10804313116447892,-0.022753567455875045,-0.09486254065680116,0.030424356640939378,0.06067885674561241,-0.06438929471658211,0.017763934105537317,-0.017912231616239303,-0.0005695579535578577,-0.014222950251926856,0.06800422563234454,0.08110661125354414,-0.039157834306996576,0.0010676046904261438,-0.006225631445769632,-0.0016130064670210435,-0.027962196450474375,0.00820350688892924,-0.01362945472542765,-0.013271761558198534,0.02038974451143235,0.007897855514271478,-0.03454427694991585,0.03176205274839665,-0.02017320360030487,0.017870639181471068,-0.050155004125908224,0.057624989475781256,0.05172088760143058,0.027677739767071975,-0.0106696803725262,0.055817141266301835,-0.05802887666362573,0.06089718758779244,1,0,finance
183,0.25921481799139745,-0.10494277632597761,-0.06967243599130593,-0.07193126894786657,0.15639034231154625,-0.027229144262442356,-0.040076001355935933,0.044075539868748265,0.03974262463563354,0.041550559891585605,-0.0567857206193125,-0.08528605168429891,-0.12621717579078315,0.2691475161923264,-0.006124718695756099,-0.019073340370611116,-0.01006499486529975,-0.05215831940203951,0.0034333846105859896,-0.08154495443099498,0.03438936152768675,-0.036488534425442164,-0.06891332622894075,-0.015556048811058385,0.06604290759708273,-0.03289917561444843,0.124874793901147,-0.09924086934668222,0.015884087701695606,-0.006268358568198004,0.04931184631543748,-0.047713602715415936,0.07293082530271089,0.11268895445624814,-0.09412850634138956,0.0005454468866993179,0.009480560780982953,0.2928988396300395,0.04118195285987793,0.030713434788125257,-0.013509225583180922,-0.18870486729050515,-0.10493821353613965,0.17838953637053964,-0.017491538213348118,0.07768761696365345,-0.09003753790246365,0.05111115771736054,-0.10557323351744961,0.13277501027372807,-0.15782076664874528,-0.05573826307338591,0.08032244537880927,0.17416496075772175,-0.021641847978717703,-0.10560710805976033,0.006220943873541826,0.08395698904903923,-0.013942336287621445,0.012039735973152646,-0.15326986274437474,-0.06369616438235182,0.04379818430269113,0.11176887727829789,0.0490099453336415,-0.058673829488977855,-0.06378111211248087,-0.09132395496864198,0.04617283088979811,-0.0029821402000582936,0.028546362373022376,-0.024325648086689345,-0.007401675387593653,-0.001009298201259045,-0.07140336607398576,-0.08252817156440853,-0.005103366636080719,-0.03781329114588045,0.00355392165377933,0.06835109279482783,0.030373984734173513,0.055183355878805074,0.1125319892926266,0.0854675070068523,-0.10794316674686136,-0.028516724809141785,-0.06298839517077963,0.14910898833122055,0.05696660783060667,-0.07038730137407993,-0.14554579184583422,-0.04686425467545768,0.031800951712118254,-0.004757243772434989,0.02353743841370586,-0.021560311163193686,0.013066224362991341,-0.10516802081783988,0.023953760895628857,0.03629796299349567,0.07866054853257615,0.049140326837477426,-0.0595993212971552,0.08886717077220284,0.0453140005978151,1,0,finance
184,0.22009680855803976,-0.12172774130313678,-0.02956697213644348,0.016585534991140606,0.02274177749350979,-0.1073574639532294,0.01692260106318203,0.017428303282645698,-0.08050445571342246,0.21815761226588642,0.05207264637455069,0.13038458785002005,-0.06464775450689016,0.011703764904386108,0.014883885197320786,-0.059918475215911246,-0.030404417398084277,-0.028148891132630038,0.0005437980058748171,-0.06756222155923367,0.017681499476231762,-0.05974175637275193,0.05267162220069201,0.00441851024580012,-0.1295567984945334,-0.006589538842588749,0.02075239834221042,0.03279649029127803,-0.13424467932514633,-0.0075255195249275125,0.15242040269814913,-0.1974807076969991,-0.0461978034059561,-0.07410047149382361,0.20342736435329423,0.035222516895039094,-0.16917228113063096,0.2513171339568949,-0.0051821035788300615,0.08461836058892382,0.0674799103884634,-0.04520777452268565,0.2228081413217214,0.1786693334496736,0.06729891486728411,0.17105063841522863,0.1699030897168786,0.1152621127756137,0.1339405973915702,-0.004968639222735254,0.11604148157645025,0.08432299962315826,0.01593327474144481,-0.02607436446848383,0.04396159645328539,-0.1527654000747807,0.040679434452836435,0.039779201237128824,0.06689762049137148,0.038874156914301065,0.04286329732875116,0.054875368439096406,0.0011159157847252022,0.046179315111887706,0.03920577531385061,0.11577948916155002,-0.01309259900867809,-0.010591794144512615,0.10145683732395187,0.028862944615001856,0.10897177090800175,-0.012981954548800594,-0.108662458515201,-0.07163073820223927,-0.040605337027453545,-0.00414697776918956,-0.011290355854163544,0.042846924035127285,0.023140022592571988,0.021092284227307627,0.04140380852379744,-0.05810223119843808,-0.01000110876174516,0.05511822660214806,-0.021558115562871058,-0.038483205024394423,-0.013844892209282238,-0.07022492427512417,0.06485337293875909,0.000920108792838064,-0.07144331662501638,-0.0012973889956801722,-0.018491745692582315,0.007278302052977027,0.012614126258635778,-0.038723528704658415,-0.018245990409385827,-0.0032372322873944473,0.026447731001432915,0.02438450669349191,-0.14223830638649457,0.0425647935488799,-0.08765684338912741,-0.04477281733947051,-0.007720660948434623,1,0,finance
185,0.1714029917909895,-0.08264661816799757,0.004641116057921563,-0.023522415383062312,-0.05806488500068139,-0.1559659020427909,0.07304531223655891,0.10360352082642187,0.09877247920552502,-0.07975448155985514,-0.023416824357653045,0.029794337169383244,0.034938999246783474,-0.057637008257440676,0.01050612245161747,0.02331341761539935,-0.013411047903065541,-0.07289653692091058,-0.022745150879047042,-0.12259611237588927,-0.0480825372233748,0.038841590279177926,0.11648718466626574,-0.023749548585804702,-0.18115001769616046,0.03576155954270728,-0.07400979625868867,0.11949663335924063,-0.1279579323165667,-0.1054898451081965,0.012885497503018761,-0.03592597430394874,0.059804959625181016,-0.13194560593512866,0.10886640074635613,0.14476470301366895,-0.13658486400325076,0.05810677506909,0.025589587116651748,-0.06180907957991328,-0.05932909914493744,0.2155146568367369,-0.30947027576407915,0.08335475766843269,0.08386440245561429,-0.0460625124572006,-0.25023108103752034,-0.20584704991580172,-0.04353426811565603,-0.09512232243251265,-0.09932225932553553,-0.11651208562872142,-0.098308465811455,-0.015298180850649169,-0.124707675028546,0.05090196020704113,-0.019137158013605955,0.011818456655847792,-0.03564724915296065,-0.06741403468160034,-0.08316221242996692,-0.2343303667831622,-0.031029470864268938,0.017311411532187647,-0.001130938254308753,0.055701860914517495,-0.04251940416952428,0.007331272010137351,0.028612652954062116,-0.017573057162576476,-0.07007068806047068,0.028588098644975198,0.0451179742941198,-0.005642584522377922,-0.09859192198103882,-0.05082323425949725,-0.002410697298960024,0.08580705257419083,0.06535365641028852,-0.04555451258801465,-0.05692815675503973,-0.01723979535083976,-0.051450133427990874,-0.029755142172672628,-0.13437281811138585,0.011885924977116102,-0.04248280601542332,0.06000860626287667,-0.10215527694345805,-0.0685255281561832,-0.014599119393344025,-0.0013591359239704932,0.036767343792164474,0.11278637898242004,0.026487004889880695,-0.0780662461400973,-0.0021904250622627993,-0.13265990290985866,-0.07694848585210023,-0.04330778571813251,-0.04879512491738881,-0.10100244568695178,0.09475164718300796,-0.040555686408613026,-0.008788880418358772,1,0,finance
186,0.34310548720276024,-0.10383996876364471,-0.09579163192939849,-0.07036882339495702,0.20218276304000796,-0.028416120536094856,-0.016732666773473848,0.09901991731324819,0.14895517510806897,-0.10921173474833469,-0.038337067981030266,-0.04440139977709323,-0.09976209616709701,0.08441609478467843,0.10875985473275447,-0.025707641548123262,0.0195300707288723,-0.01595360999438435,-0.014909781703216274,-0.021953385660102777,0.018862565093920973,-0.022754810055355006,-0.041862697489960535,0.006637409356858482,0.057777412023869656,-0.10682533287824703,0.027006100202743525,-0.052681531383801,-0.017975552762681046,-0.010283844039277752,0.09948633823322894,-0.10688448062464634,0.016587586025379922,0.16437439529559172,-0.11590596420133786,-0.05277451198132112,0.05006688361442101,0.12707135724514812,-0.04257964418585807,0.055490164217443,0.024554373430008658,-0.18255651111528556,-0.00950243574667602,0.04643037515532741,-0.04215047390000875,-0.1440653512355688,-0.06326069727717386,-0.09022775338415907,-0.06265063253305427,0.0821180276279636,-0.052047749759381534,0.010705764534888152,0.10925128272071051,0.03505898256028207,0.03489852905897964,-0.026124442414333253,-0.07895398159878374,-0.03527141883424599,-0.08340169163863914,0.023300936251203698,0.08715519012434458,-0.03177890882794637,0.01847237213846787,0.029702660570370475,-0.0459436878259817,-0.20240494667643535,-0.09889355722111648,-0.06691939982239802,-0.1416079311912762,0.012613023944065025,-0.1136625777373139,-0.033138174472760254,0.02813756665133789,-0.0634598047064302,-0.01697600054403178,0.11315560707190477,-0.03044082034122284,0.038052713953126496,0.14084184350594958,-0.003722381796181019,-0.11186795887542227,-0.10271635152780659,-0.11595208019997448,-0.12087369128457517,-0.029860417397346347,0.11194542574133057,0.017332249888715043,-0.09989603221006488,-0.07412226297876945,-0.02136153996833995,0.13914892752864472,0.07733465254506477,-0.08472801937502478,0.053370169243609746,0.06994479662771849,0.026114245017955645,-0.01917259190102699,0.2453968104438653,-0.05465408368112514,-0.07718872342074225,-0.08530726359667949,-0.03167608367178282,-0.1358768712704677,-0.033334466927020925,-0.07617053324815228,1,0,finance
187,0.2578061189617652,-0.08982372560013056,0.0012039902832295171,-0.03464026135912383,-0.01250874410971449,-0.009721032026546209,-0.007305770748005007,-0.02101345516737006,-0.045813116515749354,-0.020158141035659896,0.012709366774156083,0.04577683023322595,0.03539733228620574,-0.008002717062362406,0.024902178617124265,0.02850153028873744,-0.004261918191075294,0.029764234515809795,0.10734791781210336,0.09970664965292875,-0.03780849878557146,-0.0746243858940408,-0.010007982235158606,-0.06333917851700002,-0.03488839827551875,-0.04576420791220112,0.022208897319889804,-0.057525775901902096,-0.09964342943260739,0.10870655472658988,-0.06987955127467037,-0.01096979695310594,-0.09068832850642407,-0.08035366296212268,-0.11744212098707021,0.015451343125422002,-0.01865040717936384,-0.05532815037148719,-0.0229449493989698,0.15425455565309243,0.1385190579862353,-0.09561088136601384,-0.003928288626107876,0.14917179938752664,0.2450388483389848,0.043534035406089445,-0.14291952898467977,-0.12462534389350047,-0.07816977157328181,-0.1121435700272975,0.032457810620624625,0.07293372057330672,0.31389421977171966,-0.1453739893519433,-0.10212305761495112,0.06973727446700347,-0.09319327994841989,0.05226129995968384,-0.019046061878668634,0.07702528972740134,0.013337525085487347,-0.04725421922948934,-0.15170775930501595,0.19272777468525465,-0.1344476989206844,0.0200851763534689,0.1336929060873638,0.14856623379359357,0.08930747363680103,-0.19320151644262257,0.05917655279250349,0.07834657165812293,-0.03120070924191532,0.01152227193229597,0.17121347702496031,-0.16786593540841296,0.002760984405580079,0.007159349687987862,-0.026353774606433865,0.20228267149618742,-0.05308055205149001,-0.10510103435061395,-0.09331568946888566,0.0018289577289787083,0.09983354354448568,0.006662362265487663,-0.07609903383804818,-0.06562462521658292,-0.04963314783001328,0.04530097604523625,-0.12803118890757056,0.14721285380500257,0.04474740536363367,0.03529409623869448,0.053409743252061666,-0.0604518806011681,-0.04101963667785203,-0.05131022646934737,0.01907100907860143,-0.07627342287724007,-0.010330349976500041,0.07447334018183348,-0.06391867152210108,-0.04705420261616805,0.019515075185175826,1,0,finance
188,0.2940060810515351,-0.1222380179437165,-0.01788638391170294,-0.007812812853817934,-0.017721628835869835,-0.06514858737400703,-0.005627977292697185,-0.024375175945140413,-0.08373955969414591,0.0861405023327086,-0.03848881590170565,-0.09430695005367386,0.13261363763681305,0.04267783948680937,-0.041309942174604,0.04797215033234679,0.11592041075400909,0.09071609758536299,-0.12469770084376737,0.2739672948384314,-0.0505685734608811,0.09965823390401517,-0.1497007971010447,0.10503753915672427,-0.2043175505443223,-0.13234517839535215,-0.048863300011606506,-0.02344473344303834,-0.09452743982139132,-0.05882115419636029,0.06296045855097579,0.013057651420877994,0.040308765687530404,0.033400994849890245,-0.12432603540838381,-0.08911490548391203,0.0543465853888189,-0.0757286651302823,0.09115976692337648,0.07975083515057746,0.03932079527133691,0.08784998293179606,-0.07974790851458985,0.03494878741642498,-0.008610596164635456,0.002947619335004535,-0.09166714325083877,-0.09163988817289732,-0.007414807217074019,0.043933354273293396,-0.018336508876197696,-0.04236623153349614,0.0002452926974970603,-0.09230659778119031,-0.022224505858664853,-0.11237648422122216,0.007621167142842,-0.1251124359730733,0.0534959453160028,-0.13501714477918,0.09326985955468534,0.08432307586541392,-0.0517315546023626,-0.05915123500858511,0.11817009610026968,-0.07898765484444649,-0.06748850086204966,0.10798230576066316,0.019715234105610175,0.13843995301489626,0.12718804356185237,-0.07606192656324601,-0.11285474606845118,-0.07459747055211749,0.017075567730512862,-0.037215506401171314,-0.08809411539093084,-0.08181878528812768,-0.009696655850741934,0.10714276663353461,0.028948155376108762,0.07792243415254763,0.04888570116412567,-0.027764461687170942,-0.03356995205988885,0.030699588573027577,0.034973105943002666,-0.02233418680306305,0.003239846726830437,0.11611409503919334,-0.026351779644258368,-0.07668833204413915,0.025439844357598593,-0.02875446978051549,0.05758561095722511,0.030311903439188638,0.019737626475388802,0.03375468768290808,0.07622203095083557,0.07378828391681802,-0.05634477991495731,-0.07940408089049251,0.07239833624667735,0.12612024382467202,0.13711046018846507,1,0,finance
189,0.36315076089691034,-0.16151400242262048,-0.019889223572545495,-0.031198992641562676,-0.003319382031058816,-0.13633347206682409,0.002873782432921178,-0.024193535653730065,-0.0922218787220933,-0.03045736246107785,-0.022400556723894398,-0.062005727089317605,0.10654216870045542,-0.03353637938677094,-0.015466927070474595,0.03995350422613733,-0.009690711170291303,0.010883728176918057,0.13270708315738577,0.07581571826410152,0.041225621766690486,-0.15097964116145565,0.07343482892144793,-0.04839054093343264,0.061418081084990285,0.057207851853692836,0.01707111184682485,0.0018117845814661355,-0.10382108076425114,0.05447547891375363,0.0210550550337633,0.04868418504770137,-0.007152083000450296,0.04318508746515471,-0.0658085867068134,0.005623979538086703,-0.1002363373739315,-0.17717689009666016,0.025561184295741435,-0.02072789150332572,0.10920889842369202,-0.011187015461225979,-0.023738031910118272,-0.05499360742425622,-0.03993441616369601,0.1734870387488935,0.06806089202504363,-0.15987350052916183,-0.09240296798928802,0.009047691615504777,0.10328784054496833,0.043974256131859714,0.10749387707005713,0.02410961729979927,-0.1512189032837934,-0.16395698190219493,-0.02915853627240018,0.10731429456941086,-0.04582700515283279,0.1078803503148915,-0.035027427308098526,-0.07732618697216802,0.08167842896293763,-0.01376979869710888,-0.001319583236402834,-0.19381346042221356,-0.07461652415502945,-0.0112491013435219,-0.056147175265363405,-0.04452685431800865,0.013871072967534844,0.00011566910478775246,-0.013035906281832581,0.09687403154731077,-0.11617851592772555,0.012123523225806187,0.0853825297158089,0.03147508814858573,0.11596721389363761,0.05530326198268839,0.012481108096415639,-0.07559467650272475,-0.07045206193921016,-0.02962238112626013,0.08328867936133721,-0.11295702764698658,0.2510187149457772,0.04156756742942878,0.15977363129920527,-0.04616989824961366,0.07344047579075538,-0.11961417497676312,-0.05170736793631804,-0.01804090197908364,-0.007867774033674087,0.029797538764132155,-0.09855704089436482,-0.13037942905958333,0.172642858302254,0.03460979169416936,-0.03629043666939208,-0.007354064125020566,0.1411157825180127,0.06945324538565373,0.10765549307713645,1,0,finance
190,0.2667211797956658,-0.13631352946381273,-0.08062590684661258,0.003707848420591571,0.09903100484542449,-0.03110731196345938,0.07293986135606488,0.02614686593728083,-0.04879944025902767,-0.060431898499478394,-0.04111163930514286,-0.17977473631645613,0.31739533706445666,0.12528005283638333,0.44684604507983733,-0.1647917946562271,0.21336676558606962,-0.03365119053639347,-0.1469647165937668,-0.21011721048715193,0.09111648337049262,0.06234516285391572,-0.04064841666858573,-0.06118967038521065,0.14631332009930553,-0.04956637547336835,-0.012621077606517398,-0.038863201408156,0.19436747023208295,0.06944587305574244,-0.022826709200317517,0.14768199871551896,-0.05550662099435629,-0.08445329249719935,0.0430423804845221,0.017822182389434536,-0.06840923773723973,0.08808424934917852,0.025777188982283462,0.03440850204964757,-0.007421483156038294,0.03555719542688217,0.07293156624289478,0.06645916026307101,0.10867070210464796,0.006138075884993879,-0.051441091919669585,0.02092491506678591,-0.01634212325978614,-0.02406564537425756,0.018525292753911064,0.03751132761029214,-0.012958080100416419,-0.020884401806327915,0.04566348819993823,-0.03746213651695905,0.01673462840639138,-0.04365487057832468,0.03243238732525835,-0.00655705839337403,0.045929017510422276,0.016222072156441197,-0.025943549502647212,-0.04871757350517156,-0.06080590556622666,-0.0029145876735741233,-0.06252423316175329,-0.039977977125015815,0.012646976770532179,-0.023843164512218653,0.007065649272407623,-0.018597549846250415,0.002529405907614281,0.0047911665563136335,0.04175606706758521,0.06309446371539433,0.0671917570065436,0.015449339122485318,-0.011258601389780057,-0.017796785365918763,0.021897628902368974,-0.056829289910393196,-0.022784767170024218,-0.05318290334016615,0.007420982130424119,0.05094352520245395,-0.01871017292408011,0.03528303956187001,-0.09289854115603963,-0.017751978674130954,0.04269644960691592,-0.04867903704501629,0.06792404527316918,-0.025628683853127856,0.014244099498078712,0.02989550089335412,-0.06224291261754941,-0.04853982791227025,0.014140830443207873,0.04144814249899118,-0.025366037831661064,-0.05529462159050799,0.024431732173897918,-0.02159256280133731,-0.019360034999539734,1,0,finance
191,0.10777523227841994,-0.10612988237541292,-0.12272824831450098,0.22274215001673825,-0.0005628420915116694,0.4106084812712663,0.6479134578727029,-0.06642968726304774,-0.016540631630689653,-0.18647219776316593,0.004407329136419386,0.17450648509912228,0.09631309153207883,0.15127953022618304,-0.18309947757675643,0.032363484431654425,-0.049888246160287045,-0.04632270483920101,-0.13884007866948497,-0.03537359845792355,0.05748719127050047,-0.009976172040507362,0.04284891575994546,-0.03984024913774654,-0.00275711118928226,0.022750291591122497,0.010108321505669846,0.0016412568215548515,-0.02892144023498357,0.026563415077106693,0.08307909848981855,-0.003291510666040209,-0.0025207382860034707,0.06025878986430178,-0.017063888061425187,0.022541081561955077,0.03765255826800303,-0.021793003529208713,-0.004780198873489123,-0.011400671200659344,0.005107004224211278,-0.003977512229868144,-0.0021145033841533274,0.02383557378004891,0.035129009920550215,0.030155247268027686,0.002398429868279065,-0.05072525015932678,-0.014581358639118558,0.045307181784167046,0.041868156392068645,0.020186051146807694,-0.03300426834124156,-0.017491734038630583,0.045520251755970374,-0.09728869490749249,0.04303018866913657,0.02754809251974847,-0.019520041042372087,-0.026183993276995637,0.029214211355455977,-0.0043899227938390606,-0.0387102572306541,-0.02561501999686963,0.005116882071273778,0.02165929567680997,0.046085986188122555,-0.01772350599907834,-0.012578697229162402,-0.009516595072560327,-0.011257766888088477,-0.024257088605892138,0.0015556112433245128,0.05041893689373551,-0.024129440478187547,-0.002900012315806435,0.018543707578867873,-0.02143388649987769,0.04304100028693787,0.01401425207295277,0.028648611530224948,-0.006870868175139787,0.026123265620069586,0.012130402050339729,0.0083173731801796,-0.03871918174104189,-0.021805439054192726,0.030246664323120283,-0.030322800848099015,0.0026364210563019756,-0.0032616317906768734,0.016638012208847593,-0.006517045050090275,0.021936039074823475,-0.0057562843161253095,0.007262876492834377,0.03592734227422974,-0.018177534221019004,-0.050007100012445876,0.0318791697947421,0.0023954986972329535,-0.03645306447785471,0.005781938243138828,-0.02282278354878037,-0.005110689659434148,1,0,finance
192,0.16681946375050846,-0.14288425318196132,-0.1746419932155256,0.548380188291549,-0.26973092289810363,0.17845921695816594,-0.343282353845135,-0.012517986021311059,0.11401368808612783,-0.053028891492060005,-0.020379902384547045,0.03263836037328289,-0.16296242271895955,0.0021427690132987507,0.07332741351570396,-0.06300559589888433,0.13319419086322923,-0.05287066607302228,-0.014681507613140724,-0.06234479901689485,0.09222533047975817,-0.0067370746898550386,-0.06274857035041814,-0.004178630083535224,0.047398238082919826,0.1339296771402803,-0.07459532934301144,0.1411511489466284,-0.1301574614690544,-0.013598714235087905,0.050247004291849896,0.09726584851742276,0.016179045856866157,-0.023814503803560864,-0.09422221602666439,-0.020885939717871574,0.042997660003343006,0.014258522448855279,-0.033237348747053586,0.010811152494318854,0.05200758064095744,-0.05541276923497901,-0.01887827710353136,-0.034496692878955716,0.021190494968655004,0.034827553431465055,-0.012585850923903652,-0.007335819704396843,-0.01884605166660122,0.0466378309540704,-0.003936436140473888,-0.016325053983950386,0.022238405179713327,-0.010628924649521976,0.03353087830244335,-0.027689785381671557,0.05320916214806888,-0.08572157632262686,0.0093954412749447,-0.04451149981863493,-0.0009220323146565922,-0.02995321695194199,0.010222996519124167,-0.029772179461298627,-0.02467731992408363,0.0685097244190521,0.006316107898370472,-0.00215132880193503,0.02422779402872339,-0.015096726350900322,0.09095700488088053,0.06823621179244888,-0.02483665468206804,0.019408965974867368,-0.012387118536507407,-0.03564136352694328,-0.05408208857812852,-0.021343380330483205,-0.030250308726003983,-0.017930608612705203,-0.04051638304759962,0.0010521807616063273,0.02057531376258936,0.013801871563889288,0.0037942008319216355,0.0014904951181096378,0.03672291247224265,0.005208376220773992,0.004695151092551443,-0.07653991114844781,0.014797384976020482,-0.01879594179358801,-0.04980233897293127,0.0294122736235188,0.008325593439437923,-0.033633384322851276,-0.006429108721432733,0.033317765404504825,0.03318285896071995,-0.0004624419517546129,0.08086858807167328,0.019924540537680856,-0.019009685644232333,0.007669805460174896,-0.03792508687749291,1,0,finance
193,0.09334648001073309,-0.038344831648833545,-0.028671138771353483,0.20304879909768875,-0.018536035213860033,0.07533629102171305,-0.01548392702103176,-0.04266343775473441,0.035886931336492754,-0.0682862729255253,0.03926063579873941,0.10091200873053963,-0.052656677788220224,0.0265296940296418,-0.0035555176829162463,-0.04358973258174183,0.47062674569616714,0.057985043271100295,0.5300271318633484,-0.10776421746354459,-0.20843494172288668,0.01713116602577179,0.0753358165500106,0.31118898746656465,-0.08353368973747095,-0.1929472297306704,0.08479331499592067,-0.05728282820692286,0.17562591028804464,-0.11186031421005294,-0.0570794083850123,-0.06492597517684105,0.07402475016184996,0.0422180754295651,0.062973565783455,0.02064937607246466,0.007491937018657859,-0.01787948226620381,0.04513476699908984,-0.0018564081110808356,-0.01023936384951061,0.09913107891221061,0.01039730841908629,0.03195866371223774,-0.0027441493742594433,0.008181129804212374,0.03701274017975604,0.011684937731855166,-0.06764668141348579,0.020753693581716408,0.014331522196597637,-0.005343355389309161,-0.020130961949420968,-0.011152796650309717,0.023118168374572916,0.012843306078279082,0.0023512946756092125,0.0021726581694515076,-0.03684655261192777,0.020552341105552485,-0.007993014550301235,-0.005770269636554006,0.008574811238287464,0.0014204050932439748,0.007139620792292481,-0.022267230448631745,0.009933729943311709,-0.009317231041989425,0.01499041610222251,-0.03415548162655247,0.011130614253696922,-0.03783291639495583,0.013978892226695785,0.013099206228334574,-0.009873271084784347,-0.003467068343066876,-0.018656765503722257,-0.028067195305751424,0.05355571335288819,0.021066623259243963,0.03015588381229283,-0.018087627067958197,0.043859439134761605,0.03554376513901133,-0.013661150175490291,-0.03544956869114116,-0.004888910192062464,-0.004617679265343977,-0.010049234159706594,0.019314974948854518,-0.006590665640775659,0.010433399340298551,0.0020502492073172446,-0.005202579704656091,-0.024487686379157752,0.008031530785165029,-0.008789653132704276,-0.01787715782348445,0.01271439276460785,-0.01827760828072486,-0.010545334098282599,-0.013858731910033017,-0.004240176040586545,-0.03222286378736309,0.008140689182251597,1,0,finance
194,0.420768390403113,-0.23920176078961256,-0.09169392294791782,0.07776786307381729,-0.029067216323304085,-0.10187005826723665,0.05496092241465769,-0.030760542029307995,-0.1819514576841112,0.047931532810486656,-0.06894879804354118,-0.07738818545203302,0.32419342466836615,-0.006866670177913323,-0.024687078169122485,-0.043810361427978804,-0.1079919290386344,0.03651215130186751,0.12614272547837396,0.08987135279348578,-0.1407089176861516,0.017741734535705864,-0.008996952001131875,-0.0018129534805423635,0.1933229024877117,0.13646125717477622,-0.06366318930749706,0.007319463645652509,-0.07242079553679598,-0.10027225016605057,-0.23382449433700675,-0.23411831369968128,0.015408126332302572,-0.08252215202046978,0.08177143870975932,-0.0445776760111489,0.16167204268650634,0.0754751910860043,0.018256858164775555,0.009330305210096817,-0.03198559755129625,-0.13917240163256894,-0.09918258513871528,-0.08064028376258657,-0.10505826366242398,-0.06532303146050827,0.06620926180595356,0.03256682248729981,-0.06298754099145752,0.07708518636987145,0.08018743449527528,-0.07907394522586803,-0.04569639743699285,0.011048091845640953,0.044295891409946705,-0.048787200118683066,-0.005727175178688598,0.001642160760172969,-0.015493361757560619,0.04386163509968815,-0.010046281998477657,-0.11873928135157157,-0.04735079072376904,-0.07367887677905932,0.03308917331488305,0.04114651606020961,0.040945779356480305,0.027917593349335766,0.04196896644924305,-0.008850401586863609,0.02492014937336283,-0.0036608566160357555,-0.03518798299074347,-0.006123683152107938,-0.04166305845023971,-0.008528369831185658,0.008053200397713718,0.016118748516953937,-0.0022064102494346095,0.03263245637473105,-0.013038510047603417,-0.039881025346088936,-0.018561243161256395,-0.006286600532183587,0.0477937761606406,-0.02415278562480365,-0.04729579984013566,-0.033728998136151704,0.045679929133102135,0.00483714898132073,-0.011077224832246985,0.022370190791581895,-0.054631519157760655,0.012156922775863827,-5.454985276228828e-06,0.0275863135406283,0.011182626033778308,0.039767988729416115,-0.03615893496705849,-0.03503540737910292,0.06548851968388056,0.00476374725260372,0.017055854816109977,-0.012439550343000597,-0.01885698598721358,1,0,finance
195,0.22340581295260542,-0.08605567102398415,-0.01791926784283385,-0.024472636305453266,-0.02411869972630071,-0.18697265717578326,0.09770308157027163,0.15299450540308318,0.20630479210548705,-0.11397354552407313,4.683808217512085e-05,-0.013926211225520265,-0.04399992189378621,-0.022305473348091444,0.22573313734560718,0.07410275138456908,-0.05616384204434043,-0.014916578346003807,-0.006318537763888334,-0.026193798949201968,-0.005208689004278206,-0.07766672249899517,0.17573258349983975,-0.0645024042825421,-0.13752857525002665,-0.06276804908828466,0.10921149319297724,0.10361701438238467,-0.028256066672602803,-0.04461471882660252,0.08274836312915751,-0.02943206460182554,0.11287385007384734,0.1485232427784567,-0.13703439665658868,-0.13272024534612595,0.4025494263539698,-0.10677809549760656,0.06051134372911643,-0.08920643540417844,-0.15724181382789643,-0.013894642268630818,0.09951471866986758,0.00539950147421538,-0.07012513472829596,-0.03839757354578889,0.020039550974972613,0.09472000749347004,-0.015276083774582706,-0.03876851138513549,0.09320478721141495,0.020822057175858815,-0.01647192693707491,0.11133441384715649,-0.05799342294955763,0.04397466204415278,0.07837387164154365,0.07376291239042086,4.8164835425092774e-05,-0.07324789036279043,-0.06318988066377182,0.05700464992636381,0.028206226079272714,0.03734773204396297,0.0071764156021257965,0.07883905630256188,0.11324421592273538,0.03783221473635839,0.08671484339271289,-0.060150279339152186,0.07417536223644802,0.004021766344897879,-0.017056914374337314,-0.05423891427898812,0.05104342619562186,0.023787633794306803,0.12060103642483427,0.013312459000820393,-0.011210363672462377,0.060795386049802225,-0.027049874639019308,0.03641970954827029,-0.03243634933660055,-0.057592839691663844,0.04355059857882697,-0.025485731489268425,-0.031223714419130924,0.02744608278563146,-0.07602918435009126,-0.0660130180293707,-0.07258207772435989,-0.021265541500293913,0.02821125138744068,0.012406176103575852,-0.023301853521077904,-0.019094973647561318,-0.026739295972573244,-0.04554754363084256,0.028143952708325773,-0.018671358077663177,0.0007281374395969393,-0.07337841461891736,-0.016163982427372884,-0.033300120540525585,0.021151772023019495,1,0,finance
196,0.32498791168879376,-0.22711695852015593,-0.16832829702243057,0.42806454669190275,-0.19646446066174583,0.05440445913569536,-0.2142626666017226,0.0011185742248867431,0.038331576526402907,0.004264285668636237,-0.058813269752305344,-0.043545129024269574,-0.008993339687437601,0.03533327227642443,0.009307229619809902,0.023235039740257143,-0.056044179279402036,-0.0088340451246084,-0.04603317138698796,0.043792504697096245,-0.050752052456206155,-0.0033202943102360696,0.013369675796282874,-0.049477572318584344,-0.023425275752981086,-0.0017909827251035807,-0.06918243838996901,0.003703628043284823,-0.062485217579911934,-0.004836697442781958,-0.046306155263619454,-0.08785559684060551,-0.07658893895297016,-0.026884673332306777,0.0709188121454303,0.017761707227924143,-0.00016919368968167745,0.0278024381149968,0.05007800692237536,0.012612639157006335,-0.07260939777123801,-0.014334344745734898,0.04146244521571263,0.014893028060168562,-0.07042103672736812,-0.04518217017611909,0.008112755981371086,0.040823576890177474,0.08387989586728337,-0.017403237154467316,0.004068887610157583,0.06162933505928261,-0.07062420398871369,0.004801194552724481,-0.08098710603096176,0.024904216382590598,-0.1399192997909003,0.08186654132589377,0.03355754237085983,0.044288075647790456,-0.07242812631383357,0.0889739031698865,0.0391091856846651,0.03184934367573017,0.035016351295310465,-0.11920905110325633,-0.04319201547945536,0.037652109396327536,-0.08266829083290596,0.00043309759893222024,-0.10207958951700284,-0.08859930221812172,0.01381869231255971,-0.024333072173711775,0.043379264281237805,0.12189723881092863,0.086975011738862,0.03398726091447668,0.09933677033605123,-0.002115427286526448,0.1446778175179584,-0.026851797592699022,-0.0507026100229142,-0.00047458157190455937,-0.04473635788734495,-0.051192373375965335,-0.04068943502140823,-0.0038170984259498575,-0.09022291273542195,0.061676154459922354,-0.16956731273609893,0.009284792755406553,0.05953328918814098,-0.11419109640625137,-0.07668523704158481,0.06817568411874214,0.02152177536573851,0.03788189149390047,-0.03806676000623731,0.05512663938100221,-0.08536123414140648,-0.07779645093560379,-0.01108779355471433,0.004030136280599129,-0.039123887442881145,1,0,finance
197,0.35061467673165636,-0.14501255601270535,-0.06005160022412155,0.14856978508332125,-0.117790817874759,-0.05956238904243556,-0.11069757550424711,-0.037699663820135176,-0.08591703979124449,0.08604300441310367,-0.01895691964230952,0.010068236833031628,0.14079657121869463,-0.032722750502710715,-0.05995535546940198,0.028502310430151716,-0.11871692602011998,0.04077791294493524,-0.011412837980514116,0.08960545170367612,-0.08852474130782619,0.0416605848670001,-0.03118815795741688,-0.024397378991063246,0.03684207073913477,0.00591301847618023,-0.02829917781138042,-0.06692273903861373,-0.000565752689533887,-0.0318859062488359,-0.06895229804222378,-0.037690887477129176,0.02835030745247555,0.04029746890364957,-0.011536464473357193,-0.026542153898370995,0.09961855343992612,-0.029727623766097954,0.05894313042410795,-0.05741054934475934,-0.10784156750523732,-0.03080778112218756,-0.04020061163343697,0.07369091868182388,0.027217263353559118,-0.027336881506628385,-0.05785462794110577,0.06561554520463346,0.00273481963616172,-0.11328059611038649,-0.0264884044016587,-0.02751873617495713,-0.03699606248326631,-0.054330810086933516,0.0263861709962633,-0.238145468356077,-0.08925720678098063,-0.06836129842651298,-0.11598503516109646,-0.07226573332015745,0.024390775652932014,0.046165416118084744,0.13573780074554462,-0.13558134800572205,-0.03521215728692024,-0.1154006179206594,0.06061855438729708,0.028821505711247322,-0.17601883252414724,-0.02055222127000997,0.16704952871804293,0.07340421434519176,-0.07454835907154031,-0.06540494488703798,0.01927304353202608,0.06939694133388961,-0.10983050922090187,-0.0716828979127494,0.10163427601548995,-0.16715961870332532,0.117796871035407,0.06506098266105473,0.07244067650714196,0.13467018302438233,-0.019272281055120653,0.01051406150339483,0.14716354315213004,-0.10302175889653567,-0.0718795735993116,-0.009537439969177284,-0.05729518204960297,0.16882424509814978,0.13485398137280122,0.10275314094223692,0.1145271091723443,-0.04345053935178007,-0.03183732226948112,-0.17817106520461926,-0.048137153274577606,0.062496810923259524,0.027275510798824808,0.1346335692602344,0.003231428279758302,0.004674162219148167,-0.052986991265006014,1,0,finance
198,0.29598918209693953,-0.1046744158798264,-0.03689938386002861,0.015373843862511357,-0.04602763194766659,-0.1839039493211288,0.05040418621649691,0.09665216015715053,0.047903483788785214,0.06874256806504374,0.010848438888477295,0.015223288999117839,0.04956720210165822,0.06134580799627581,-0.03943116792478937,-0.018394065902666422,-0.09622054295623472,-0.021869637046083797,0.0635377708069878,-0.116897328157984,-0.02806177670056215,-0.011135245334935592,0.07597848285913837,0.03684779593755726,-0.24852722886387316,0.027206888553708307,-0.05483290387519647,0.21485704620176777,-0.21742753126806216,-0.0783545116458033,0.14021188036016147,-0.09223984425501647,-0.026691414029622756,-0.11426114325419638,0.20282610086109015,-0.025176456485874327,-0.22354567133393274,0.19468323108723298,-0.0008292836221418725,0.0672536515281624,0.018134836599412386,-0.015203604398692673,0.15889028218025322,0.004624696651978647,-0.04902914348967388,-0.027546459630080965,0.10994056071607398,0.08883511304609172,-0.059790659818510776,-0.00238991188757097,0.0036983205724135685,0.08082294004510043,0.0327068908959299,0.06621314023074157,0.14057389133697382,-0.13928791158282045,0.0351632633949888,-0.008803306427728285,0.024563179922868345,0.05915822287373418,0.050270002243288495,0.08827792050250594,0.0005047898834734893,0.03462491431426245,-0.04378375305126886,-0.016089780304354765,0.07998023785402071,0.007786374241285309,-0.05932093399349337,0.0022144097093945735,0.05386594008534779,-0.042779339254243896,-0.018065871554688064,0.08864537923114146,0.09004747464726395,0.02480244701827889,-0.04337504864091312,-0.04444428757938491,-0.04219913530528085,0.08377629368495153,0.0016253855922677793,-0.07471565533588147,0.04642590032568878,-0.011302375172466973,0.11132479934153439,0.060521313590724275,0.029275092964654834,0.02705974257522273,-0.05080839157629807,-0.03877976662901908,-0.02228721106104197,-0.05222067960982993,0.01702505185844147,-0.019007059350098252,-0.04096993449120644,-0.011214386729001356,-0.04323243019699318,0.028188599038585636,0.032594319196241985,-0.07367161404517422,0.07577284166364645,-0.11659377576779764,0.06788366088402124,0.0546538931179932,-0.06779702819965698,1,0,finance
199,0.2244267572785256,-0.10948025609848312,-0.016978102482151758,0.028323771142459667,-0.07877919142618214,-0.3466682559874129,0.12347997463650721,0.3410283916321093,0.41866836696728554,-0.15271371826735544,-0.06958881999662536,0.11907833381009625,0.011164282231746323,-0.1445116364308891,-0.2017694675822392,-0.11892713745672176,0.035290430951511444,0.010383870756891319,-0.05248541321029662,0.033387557888114254,0.0504409705369549,0.05227452740086386,-0.10713535504616105,0.02863161752760669,0.09501962518256159,-0.015410702014995524,-0.014626002467015873,-0.07106216246739976,0.08242219403645829,0.022119513868188934,-0.06897958328200014,0.0244892766700754,-0.03852109393954319,-0.07360557321181749,0.00010221654422389666,-0.006103875246865497,-0.08162642707335062,0.0347215506680864,0.025322613549877117,0.038595817382678976,0.04064739158071969,-0.026369460306016508,-0.014237735412417803,-0.03317667730357797,-0.007617303798357807,0.030021805017064206,0.029152741051376115,0.028400028233427854,-0.037789430405189055,0.026828766157536155,-0.023231874417411834,0.027823557683843602,0.026559710115253,-0.026568457508891922,0.06497547500803637,-0.05263377175455333,-0.0028426095951587915,-0.011768660411993197,-0.01634410919524663,0.040835403251626747,0.0032576212801824537,0.015109529114666134,0.012169261709512906,-0.002320378967210231,-0.0095041543287938,0.00016565072285467284,0.051364106322735914,-0.021250313658597163,0.009913848040235821,-0.015292741107072703,0.038962880495571166,-0.03644543927323129,-0.0617467799154513,0.033671557527470704,0.00877937193237368,-0.03270665581467565,-0.019482410554017792,-0.023621643381476386,-0.05503438459479819,-0.04499425025076451,0.01105688969875602,0.0011442281800297877,0.0344837562684757,-0.004112456718192345,0.11155235272560363,-0.05231371074894495,0.003333067231819494,-0.012760427361221448,-0.04420710293747253,-0.018530108184403416,-0.04759339924588533,-0.05762562324808271,-0.015250056678802465,-0.029079999314321963,-0.02965273575300317,0.021772732437331115,0.03333139132329943,-0.0329271632283406,0.028103574444732618,0.015582199493063224,-0.003765271395990245,-0.04175493673237912,-0.0027177904926884203,0.0059991414958497115,-0.026965773942405034,1,0,finance
200,0.2191412929460181,-0.11852855398500149,-0.06210452229801941,0.0716435745159435,0.0050680689752020105,-0.06873822137470728,-0.0716686360638632,-0.009027473490917415,-0.07124724091185537,-0.005232736802325295,0.010642166451535874,-0.06138551925195826,0.12531168792597294,-0.01402711568591355,-0.10100435128970121,0.028037255626081947,-0.020621658237608444,-0.02263374901823796,0.0042051954722616,0.058745520385229254,-0.007217358610350975,-0.07022152327057421,0.1634860310407369,-0.06291059893078337,0.23735422080469723,-0.025385554000701076,-0.06487093043077569,0.044706673373686605,0.04705280035645762,-0.05253947011398579,0.005617280462795047,-0.03688982682896361,0.04087492882591956,0.06542826187772047,-0.014536079927288219,-0.04432623575282225,0.03090576141028013,0.13698632079010042,0.05685076101829826,-0.13393612481958467,-0.014831899288596701,0.10903875482206216,0.05503829452181315,0.08867112019646922,0.06893404092302573,0.053038192249810885,0.11272203301564838,0.07829844699373545,-0.0888031627801199,-0.03587167276837058,-0.06424407002422719,0.008960003783260704,-0.08177151975926637,-0.13045110696983497,-0.10844877736452736,-0.1425244293459635,-0.08081723290405679,0.1807839882415602,-0.18228059042826722,-0.14326466563104556,-0.05304147973423061,0.14920356843869478,0.1286034227012961,0.059378544411480626,0.043297443674500544,0.1046389123295906,0.10620334075829312,-0.04954469096807953,0.038220124377100005,-0.12613692075125127,-0.17210144764016683,-0.04854926113223899,0.2095631400207078,0.23596862207355612,0.0937925948492403,-0.015299699365141,0.03121914283847132,-0.010863573279360175,-0.16463180215744005,0.04899167798661381,0.08610677599296887,0.04881775892614801,0.006124748869104036,-0.16210822917444315,-0.18003526796464336,0.09006943520559918,-0.004866890280024237,-0.14509344253644396,0.13593435792864414,0.10167812001952956,0.0924175383103775,0.03985946453608022,-0.14840064071938974,0.03984037470719183,0.07523721671304108,-0.022703743886894865,0.03241791166103287,-0.04467843786766939,0.02795826496555634,-0.005807202492980296,-0.05814221958319678,0.013422212727804686,-0.024262989438387807,0.012118992817742645,-0.01269125646618541,1,0,finance
